{"type": "FeatureCollection", "features": [{"type": "Feature", "id": "mps_mapping_pipeline.04d4f11d-fd16-4b9f-b0ce-bc8f2adaea1a", "geometry": {"type": "LineString", "coordinates": [[6.802100013851876, 3.1167943976098886], [7.32427704946889, 4.012911398293299], [7.509812479706437, 4.133413791127994], [7.572932780715087, 4.157322996055513], [7.534678052831056, 4.293127280043821], [7.347229886199308, 4.311298275788735], [7.189429133677683, 4.453797137156748]]}, "properties": {"admin_area_name": "Nigeria", "fluid": "GAS", "mps_created_time": "Jan 1, 1900 12:00:00 AM", "mps_datasource_tags": "Inferred from satellite imagery and NG oil spill data.", "mps_est_elevation_end_m": "12.0", "mps_est_elevation_start_m": "-1316.0", "mps_est_length_km": "206.923435715859", "mps_est_shore_status": "BOTH", "mps_uuid": "04d4f11d-fd16-4b9f-b0ce-bc8f2adaea1a", "name": "AKPO - SHORE", "status": "OPERATIONAL", "updt": "Aug 17, 2022 11:19:37 AM"}}, {"type": "Feature", "id": "mps_mapping_pipeline.b2efcf60-3784-458b-99a5-410f3ab830f8", "geometry": {"type": "LineString", "coordinates": [[5.875401705654337, 3.938591316586845], [5.82797361096317, 4.035560162468049], [5.811068547508891, 4.091768703006172], [5.811538132604844, 4.129707241355666], [5.843469919129591, 4.280038266996144], [5.842530748937687, 4.2926816013936], [5.813416472988651, 4.330610345631967]]}, "properties": {"admin_area_name": "Nigeria", "fluid": "OIL", "mps_created_time": "Feb 13, 2023 12:38:08 PM", "mps_est_elevation_end_m": "-12.0", "mps_est_elevation_start_m": "-36.0", "mps_est_length_km": "46.3292455140413", "mps_est_shore_status": "OFFSHORE", "mps_uuid": "b2efcf60-3784-458b-99a5-410f3ab830f8", "name": "ANYALA TO APOI", "status": "OPERATIONAL", "updt": "Feb 14, 2023 9:36:00 AM"}}, {"type": "Feature", "id": "mps_mapping_pipeline.e29674d4-51db-4da3-8dbc-bb3d24944477", "geometry": {"type": "LineString", "coordinates": [[6.245552157538637, 4.302281030272513], [6.239447551291258, 4.227823773805125], [6.255413444553634, 4.175839932077874], [6.283588550310763, 4.068114753111126]]}, "properties": {"admin_area_name": "Nigeria", "fluid": "OIL", "mps_created_time": "Feb 13, 2023 11:39:57 AM", "mps_est_elevation_end_m": "-30.0", "mps_est_elevation_start_m": "11.0", "mps_est_length_km": "26.5930209019567", "mps_est_shore_status": "OFFSHORE", "mps_uuid": "e29674d4-51db-4da3-8dbc-bb3d24944477", "name": "BRASS TO OFFSHORE TERMINAL", "status": "OPERATIONAL", "updt": "Feb 14, 2023 9:35:58 AM"}}, {"type": "Feature", "id": "mps_mapping_pipeline.c772dc00-9ef4-4b85-9b52-b333cbd9f2dc", "geometry": {"type": "LineString", "coordinates": [[6.39628897333928, 3.944213010179774], [6.286406060886473, 4.064601730923765], [6.288284401270283, 4.219160041140905], [6.248369668114349, 4.30298342276038]]}, "properties": {"admin_area_name": "Nigeria", "fluid": "OIL", "mps_created_time": "Feb 13, 2023 12:38:07 PM", "mps_est_elevation_end_m": "9.0", "mps_est_elevation_start_m": "-62.0", "mps_est_length_km": "45.425133643903", "mps_est_shore_status": "OFFSHORE", "mps_uuid": "c772dc00-9ef4-4b85-9b52-b333cbd9f2dc", "name": "AGBARA TO BRASS", "status": "OPERATIONAL", "updt": "Feb 14, 2023 9:35:59 AM"}}, {"type": "Feature", "id": "mps_mapping_pipeline.31cfc645-4f20-4a05-94d6-887c14930380", "geometry": {"type": "LineString", "coordinates": [[7.761452303239569, 3.9797457731045047], [8.044435257831806, 4.07903395848732], [8.097683488400108, 4.120423412815518]]}, "properties": {"admin_area_name": "Nigeria", "fluid": "OIL", "mps_created_time": "Jan 1, 1900 12:00:00 AM", "mps_datasource_tags": "https://www.google.com/url?sa=i&url=http%3A%2F%2Fwww.oriental-er.com%2Febok%2F&psig=AOvVaw2xUTgXHx99iWSKAYQ47S4-&ust=1581611279836000&source=images&cd=vfe&ved=0CAIQjRxqFwoTCJjNxKW3zOcCFQAAAAAdAAAAABAJ", "mps_est_elevation_end_m": "-35.0", "mps_est_elevation_start_m": "-65.0", "mps_est_length_km": "40.7639454606602", "mps_est_shore_status": "OFFSHORE", "mps_uuid": "31cfc645-4f20-4a05-94d6-887c14930380", "name": "ODUDU - OFON", "status": "OPERATIONAL", "updt": "Aug 17, 2022 11:19:35 AM"}}, {"type": "Feature", "id": "mps_mapping_pipeline.819da39d-3dd3-4c7d-8a40-a33f8ba4a200", "geometry": {"type": "LineString", "coordinates": [[9.816666, 2.8], [9.8178005, 2.8198664], [9.7999, 2.892472], [9.8, 2.9166667], [9.91338, 2.9183636], [10.118838453730476, 3.04462413033405], [10.309245461183801, 3.031798787863101], [10.459203311613363, 3.192608851152697], [10.60225520840472, 3.214313276872764], [10.726562373892383, 3.300144414947579], [10.872573965100115, 3.29126533169846], [10.959391667980388, 3.313956322223986], [11.017598991502389, 3.351445784831377], [11.138946462573678, 3.443196311738937], [11.22576416545395, 3.500417070455481], [11.258320804034053, 3.548758745922905], [11.298769961057818, 3.671092781799651], [11.316528127556055, 3.731273234932567], [11.330340034832462, 3.807238724952805], [11.328366905221547, 3.87235200211301], [11.387560793549005, 3.961142834604198], [11.468459107596532, 4.045987407873555], [11.60756474516606, 4.189039304664912], [11.696355577657249, 4.314333034958032], [11.759495725206538, 4.385365700950983], [11.840394039254063, 4.458371496554848], [11.891695409137862, 4.49487439435678], [12.006136926570948, 4.515592255271391], [12.08506211100756, 4.531377292158713], [12.132417221669526, 4.562947365933358], [12.192597674802442, 4.610302476595325], [12.304079497819155, 4.653711328035461], [12.411615061614038, 4.67936201297736], [12.45305078344326, 4.740529030915734], [12.5359222271017, 4.79183040079953], [12.776644039633366, 4.827346733796006], [13.02229867619232, 4.864836196403396], [13.210732554034728, 4.876674974068888], [13.253154840669406, 4.897392834983498], [13.307415904969577, 4.947707640061838], [13.391273913433476, 5.016767176443874], [13.467732685856443, 5.114437092184179], [13.480558028327392, 5.138607929917892], [13.484997569951952, 5.149953425180654], [13.476611769105562, 5.250583035337334], [13.466252838648254, 5.412872945835116], [13.513607949310222, 5.455295232469795], [13.55997649516673, 5.517448815213626], [13.569842143221306, 5.573683009124712], [13.583654050497714, 5.606239647704814], [13.603385346606867, 5.626957508619425], [13.63594198518697, 5.647675369534035], [13.68625679026531, 5.671352924865018], [13.724732817678156, 5.685164832141425], [13.749396937814598, 5.704896128250578], [13.77406105795104, 5.723640859554274], [13.839174335111242, 5.813418256850919], [13.853972807193106, 5.863733061929259], [13.858905631220395, 5.907141913369394], [13.875677232913175, 5.950550764809531], [13.914153260326023, 6.009744653136989], [13.946709898906125, 6.067951976658991], [13.994065009568091, 6.13898464265194], [14.123304999083045, 6.320512566856147], [14.251558423792538, 6.476389806118455], [14.365999941225626, 6.68356841526456], [14.46071016254956, 6.782224895810324], [14.503132449184237, 6.846351608165071], [14.53963534698617, 6.927249922212597], [14.556406948678951, 6.974605032874564], [14.58600389284268, 7.01406762509287], [14.618560531422782, 7.050570522894803], [14.6530902996138, 7.069315254198497], [14.692552891832106, 7.087073420696735], [14.823766010957971, 7.174877688382465], [14.868161427203566, 7.193622419686161], [14.940180658001973, 7.224205928655348], [15.007267064773092, 7.234071576709924], [15.061528129073263, 7.252816308013619], [15.099017591680653, 7.282413252177348], [15.120808035123819, 7.287809388132454], [15.16178492458921, 7.31661313457196], [15.223041486713292, 7.321834862024978], [15.268904136245443, 7.351036515913835], [15.285135362005795, 7.372187797363258], [15.309576568237949, 7.401526507939178], [15.42874833017596, 7.494661183535447], [15.4712225907711, 7.527909728923306], [15.49187372136166, 7.543511753306504], [15.517879748737812, 7.560456128470019], [15.531393876268606, 7.566318548416363], [15.53516258139008, 7.567083666186726], [15.537518015033987, 7.565167352911977]]}, "properties": {"admin_area_name": "Chad", "category": "Export", "description": "The Chad\u2013Cameroon Petroleum Development and Pipeline Project links oilfields near Doba in southern Chad to a floating storage and offloading vessel, anchored off the coast of Cameroon, near the city of Kribi.", "fluid": "OIL", "mps_created_time": "Jan 1, 1900 12:00:00 AM", "mps_datasource_tags": "Data derived from Utzinger et al., 2005, Assessing health impacts of the Chad\u2013Cameroon petroleum development and pipeline project: challenges and a way forward. DOI:https://doi.org/10.1016/j.eiar.2004.04.002", "mps_est_elevation_end_m": "510.0", "mps_est_elevation_start_m": "-33.0", "mps_est_length_km": "905.064715297487", "mps_est_shore_status": "BOTH", "mps_project_tag": "CHAD-CAMEROON OIL PIPELINE", "mps_uuid": "819da39d-3dd3-4c7d-8a40-a33f8ba4a200", "name": "CHAD-CAMEROON EXPORT PIPELINE (COTCO)", "operator_group_name": "CAMEROON OIL TRANSPORTATION COMPANY SA (GROUP)", "optr_name": "CAMEROON OIL TRANSPORTATION COMPANY SA", "status": "OPERATIONAL", "updt": "Jan 30, 2023 10:15:40 PM"}}, {"type": "Feature", "id": "mps_mapping_pipeline.b6a0be0f-3feb-4484-8dd0-060ba71a1f70", "geometry": {"type": "LineString", "coordinates": [[9.853656, 2.8691652], [9.788927, 2.8438177], [9.765441, 2.912127], [9.749402, 2.9631083], [9.833803, 3.014462], [9.969613, 3.1079323], [9.972969, 3.1118793]]}, "properties": {"admin_area_name": "Cameroon", "mps_created_time": "Jan 1, 1900 12:00:00 AM", "mps_est_elevation_end_m": "27.0", "mps_est_elevation_start_m": "-19.0", "mps_est_length_km": "51.4653956469316", "mps_est_shore_status": "BOTH", "mps_uuid": "b6a0be0f-3feb-4484-8dd0-060ba71a1f70", "name": "KRIBI - GAS PROCESSING PLANT", "status": "OPERATIONAL", "updt": "Aug 17, 2022 11:19:28 AM"}}, {"type": "Feature", "id": "mps_mapping_pipeline.932b81b8-187c-451d-8013-2a0914334b1b", "geometry": {"type": "LineString", "coordinates": [[9.97685, 3.025647], [9.979042, 3.0469668], [9.981047, 3.0786154], [9.979185, 3.101385], [9.972969, 3.1118793]]}, "properties": {"admin_area_name": "Cameroon", "mps_created_time": "Jan 1, 1900 12:00:00 AM", "mps_est_elevation_end_m": "27.0", "mps_est_elevation_start_m": "34.0", "mps_est_length_km": "9.75362064771311", "mps_est_shore_status": "ONSHORE", "mps_uuid": "932b81b8-187c-451d-8013-2a0914334b1b", "name": "KRIBI PROCESSING - KRIBI POWER", "status": "OPERATIONAL", "updt": "Aug 17, 2022 11:19:28 AM"}}, {"type": "Feature", "id": "mps_mapping_pipeline.6f5e3f01-4cd2-4e62-ba6e-0e243957837c", "geometry": {"type": "LineString", "coordinates": [[-1.661232321891324, 4.975397754811488], [-1.66266502134175, 4.975232445908351], [-1.662478851356667, 4.971716597943486], [-1.658949715987257, 4.967769310491536], [-1.5953906, 4.884194], [-1.5467826, 4.88709], [-0.55511296, 5.056193], [-0.10209527, 5.3706784], [0.12202522, 5.5425067], [0.36676958, 5.6369066], [0.8251175, 5.6504626], [1.2665517, 5.92697], [1.3660161, 5.9840674], [1.3861125, 6.005049], [1.4218261, 6.0209956], [1.6326984, 6.0676084], [2.000173, 6.129704], [2.259715, 6.224433], [2.3149312, 6.221345], [2.7102616, 6.1642127], [2.733879, 6.167777], [2.9784207, 6.3713994], [2.9887347, 6.383109], [2.9885683, 6.3981514], [2.9899225, 6.4238214], [2.9873886, 6.42958], [2.9860065, 6.44225], [3.0009797, 6.469662], [3.0120366, 6.5009904], [3.0774572, 6.5493646], [3.1179996, 6.596357], [3.1311297, 6.606723], [3.1440296, 6.621696], [3.1532438, 6.6871166], [3.1935558, 6.7069273], [3.213195870087109, 6.7378655848475], [3.233821743225335, 6.739430850022409], [3.23713710096296, 6.735598640120571], [3.25132248406985, 6.73808148379268], [3.25235513647993, 6.735598640120571], [3.277301844702391, 6.724479662654409], [3.281595504723251, 6.717516678261286]]}, "properties": {"admin_area_name": "Nigeria", "fluid": "GAS", "mps_created_time": "Jan 1, 1900 12:00:00 AM", "mps_datasource_tags": "WEST AFRICAN GAS PIPELINE CO MAP BY PAUL NNAMAH", "mps_est_elevation_end_m": "75.0", "mps_est_elevation_start_m": "5.0", "mps_est_length_km": "624.09799876972", "mps_est_shore_status": "BOTH", "mps_uuid": "6f5e3f01-4cd2-4e62-ba6e-0e243957837c", "name": "WEST AFRICAN GAS PIPELINE MAIN LINE", "status": "OPERATIONAL", "updt": "Feb 13, 2023 4:55:50 PM"}}, {"type": "Feature", "id": "mps_mapping_pipeline.9aa08d18-2515-4a0c-8351-40944c7ae72e", "geometry": {"type": "LineString", "coordinates": [[5.3562613, 4.760737], [5.3562546, 4.7606187], [5.356253, 4.760596], [5.3562326, 4.7605686], [5.354912, 4.760183], [5.3539605, 4.759967], [5.3508096, 4.759257], [5.349597, 4.7590055], [5.3488474, 4.7588468], [5.345817, 4.758211], [5.294586, 4.7470436], [5.1355443, 4.7125163], [5.135003, 4.7124], [5.1344614, 4.712287], [5.133919, 4.7121778], [5.1333756, 4.7120714], [5.132832, 4.711969], [5.132288, 4.7118697], [5.131743, 4.7117734], [5.1311975, 4.711681], [5.1306515, 4.7115912], [5.1301045, 4.7115054], [5.1295576, 4.711423], [5.12901, 4.711344], [5.128462, 4.711268], [5.1279135, 4.7111955], [5.127364, 4.7111263], [5.126815, 4.7110605], [5.126265, 4.710998], [5.1257153, 4.7109394], [5.1251645, 4.7108836], [5.124614, 4.7108316], [5.1240625, 4.710783], [5.1139007, 4.709915], [5.1133385, 4.7098656], [5.1127768, 4.709812], [5.112215, 4.7097554], [5.1116543, 4.709695], [5.1110935, 4.709631], [5.1105328, 4.7095637], [5.109973, 4.7094927], [5.1094136, 4.7094183], [5.108855, 4.70934], [5.108296, 4.709259], [5.107738, 4.7091737], [5.1071806, 4.7090855], [5.1066236, 4.7089934], [5.106067, 4.708898], [5.1055117, 4.708799], [5.1049566, 4.7086964], [5.104402, 4.7085905], [5.1038485, 4.708481], [5.1032953, 4.708368], [5.102743, 4.7082515], [5.1021914, 4.708132], [4.890211, 4.6613274], [4.889537, 4.66118], [4.8888617, 4.6610365], [4.8881855, 4.6608963], [4.887509, 4.6607594], [4.8868318, 4.660626], [4.8861537, 4.660496], [4.885475, 4.6603694], [4.884796, 4.660247], [4.884116, 4.660127], [4.8834357, 4.6600113], [4.882755, 4.6598988], [4.882073, 4.6597896], [4.881391, 4.659684], [4.880708, 4.659582], [4.880025, 4.6594834], [4.879341, 4.6593885], [4.8786573, 4.659297], [4.8779726, 4.6592093], [4.8772874, 4.6591244], [4.876602, 4.6590433], [4.875916, 4.658966], [4.87523, 4.658892], [4.7712607, 4.647947], [4.7707653, 4.6478925], [4.7702703, 4.647835], [4.769776, 4.6477733], [4.769282, 4.6477084], [4.7687883, 4.6476398], [4.7682953, 4.6475673], [4.7678027, 4.6474915], [4.7673106, 4.647412], [4.766819, 4.6473284], [4.7663283, 4.6472416], [4.7658386, 4.647151], [4.765349, 4.647057], [4.76486, 4.6469593], [4.7643723, 4.6468577], [4.763885, 4.646753], [4.7633986, 4.646644], [4.762913, 4.646532], [4.7624283, 4.646416], [4.7619443, 4.646297], [4.7614613, 4.646174], [4.760979, 4.6460476], [4.760498, 4.6459174], [4.760018, 4.645784], [4.7595387, 4.6456466], [4.7590604, 4.645506], [4.7585835, 4.645362], [4.758107, 4.645214], [4.7576323, 4.645063], [4.7571583, 4.644908], [4.7566857, 4.6447496], [4.756214, 4.644588], [4.755744, 4.6444225], [4.755275, 4.6442537], [4.754807, 4.6440816], [4.7543406, 4.643906], [4.7538753, 4.643727], [4.7534113, 4.643544], [4.7529488, 4.643358], [4.7524877, 4.643169], [4.7520275, 4.6429763], [4.7515693, 4.64278], [4.7511125, 4.64258], [4.750657, 4.6423774], [4.750203, 4.642171], [4.7497506, 4.641961], [4.7493, 4.6417484], [4.748851, 4.641532], [4.748403, 4.641312], [4.747957, 4.6410894], [4.747513, 4.640863], [4.74707, 4.6406336], [4.7466288, 4.6404004], [4.7461896, 4.6401644], [4.745752, 4.639925], [4.7453165, 4.639683], [4.7448826, 4.6394367], [4.74445, 4.639188], [4.74402, 4.6389356], [4.7435913, 4.6386805], [4.743165, 4.638422], [4.74274, 4.63816], [4.7423177, 4.6378956], [4.7418966, 4.6376276], [4.741478, 4.6373563], [4.741061, 4.637082], [4.7406464, 4.636805], [4.740234, 4.6365247], [4.7398233, 4.6362414], [4.7394147, 4.6359553], [4.7390084, 4.635666], [4.738604, 4.6353736], [4.7382016, 4.6350784], [4.737802, 4.63478], [4.7374043, 4.6344786], [4.7370086, 4.634175], [4.736615, 4.6338677], [4.736224, 4.6335573], [4.718508, 4.619404], [4.7181225, 4.619094], [4.717739, 4.6187806], [4.7173586, 4.618465], [4.71698, 4.6181464], [4.7166038, 4.617825], [4.71623, 4.6175013], [4.715859, 4.617174], [4.71549, 4.6168447], [4.715123, 4.6165123], [4.714759, 4.6161776], [4.7143974, 4.61584], [4.714038, 4.6155], [4.713681, 4.615157], [4.713327, 4.6148114], [4.712975, 4.6144633], [4.712626, 4.614113], [4.7122793, 4.6137595], [4.7119355, 4.613404], [4.7115936, 4.6130457], [4.711255, 4.612685], [4.710919, 4.612322], [4.710585, 4.611956], [4.710254, 4.611588], [4.709926, 4.6112175], [4.709601, 4.6108446], [4.709278, 4.6104693], [4.708958, 4.6100917], [4.7086406, 4.609712], [4.7083263, 4.6093297], [4.7080145, 4.608945], [4.707706, 4.608558], [4.7074, 4.608169], [4.7070966, 4.6077776], [4.706796, 4.607384], [4.7064986, 4.6069884], [4.7062044, 4.6065907], [4.7059126, 4.6061907], [4.7056236, 4.605788], [4.705338, 4.605384], [4.705055, 4.6049776], [4.7047753, 4.6045694], [4.7044983, 4.604159], [4.7042246, 4.6037464], [4.7039537, 4.6033316], [4.6934447, 4.587122], [4.693172, 4.5867043], [4.692896, 4.586289], [4.6926174, 4.5858755], [4.692335, 4.5854645], [4.6920505, 4.585055], [4.6917624, 4.584648], [4.6914716, 4.584243], [4.691178, 4.5838404], [4.690881, 4.58344], [4.6905813, 4.583041], [4.6902785, 4.582645], [4.689973, 4.582251], [4.6896644, 4.5818596], [4.6893535, 4.58147], [4.689039, 4.581083], [4.688722, 4.5806985], [4.688402, 4.580316], [4.68808, 4.579936], [4.6877546, 4.5795584], [4.6874266, 4.579183], [4.6870956, 4.57881], [4.686762, 4.5784397], [4.6864257, 4.578072], [4.6860867, 4.577707], [4.685745, 4.577344], [4.6854005, 4.5769835], [4.685054, 4.576626], [4.6847043, 4.5762706], [4.684352, 4.575918], [4.683997, 4.575568], [4.68364, 4.5752206], [4.6832805, 4.574876], [4.682918, 4.574534], [4.6825533, 4.5741944], [4.6821856, 4.573858], [4.681816, 4.573524], [4.6814437, 4.573193], [4.6810694, 4.5728645], [4.680692, 4.572539], [4.6803126, 4.572216], [4.679931, 4.571896], [4.679547, 4.5715785], [4.6791606, 4.5712643], [4.678772, 4.570953], [4.678381, 4.570644], [4.6779876, 4.5703382], [4.6775923, 4.5700355], [4.6771946, 4.5697355], [4.6767945, 4.5694385], [4.6763926, 4.5691447], [4.675988, 4.568854], [4.675582, 4.568566], [4.6751738, 4.5682807], [4.674763, 4.5679984], [4.6743507, 4.5677195], [4.673936, 4.567444], [4.6735196, 4.567171], [4.673101, 4.566901], [4.6726804, 4.5666347], [4.672258, 4.566371], [4.6718335, 4.5661106], [4.671407, 4.565853], [4.670979, 4.5655994], [4.670549, 4.565348], [4.6701174, 4.5651007], [4.6696835, 4.564856], [4.669248, 4.564615], [4.668811, 4.5643764], [4.668372, 4.5641418], [4.667931, 4.56391], [4.667489, 4.5636816], [4.667045, 4.5634565], [4.6665993, 4.563235], [4.666152, 4.563016], [4.6657033, 4.562801], [4.6652527, 4.562589], [4.6648006, 4.5623803], [4.664347, 4.5621753], [4.6638923, 4.561973], [4.663436, 4.5617747], [4.662978, 4.5615797], [4.662519, 4.561388], [4.6620584, 4.5611997], [4.6615963, 4.5610147], [4.661133, 4.560833], [4.660668, 4.560655], [4.660202, 4.5604806], [4.6597347, 4.560309], [4.659266, 4.5601416], [4.6587963, 4.559977], [4.6583257, 4.5598164], [4.6578536, 4.559659], [4.65738, 4.559505], [4.6569057, 4.559355], [4.6564302, 4.559208], [4.655954, 4.559065], [4.655476, 4.5589247], [4.654998, 4.558789], [4.654518, 4.5586557], [4.6540375, 4.5585265], [4.6535563, 4.558401], [4.653074, 4.558279], [4.6525908, 4.5581603], [4.652107, 4.5580454], [4.651622, 4.5579343], [4.651136, 4.5578265], [4.6506495, 4.557722], [4.650162, 4.5576215], [4.6496744, 4.5575247], [4.6491857, 4.557431], [4.6486964, 4.5573416], [4.648206, 4.5572553], [4.6477156, 4.557173], [4.6472244, 4.557094], [4.646733, 4.5570188], [4.64624, 4.5569468], [4.6457477, 4.556879], [4.645254, 4.5568147], [4.6447606, 4.556754], [4.644266, 4.556697], [4.6437716, 4.5566435], [4.6432767, 4.556594], [4.6427813, 4.5565476], [4.642286, 4.556505], [4.64179, 4.556466], [4.6412935, 4.5564313], [4.640797, 4.5564], [4.6403003, 4.556372], [4.6398034, 4.556348], [4.6393065, 4.5563273], [4.638809, 4.5563107], [4.638312, 4.5562973], [4.6378145, 4.5562882], [4.637317, 4.5562825], [4.63682, 4.55628], [4.6363225, 4.556282], [4.635825, 4.5562873], [4.635328, 4.556296], [4.6263185, 4.5564914], [4.616408, 4.556706]]}, "properties": {"admin_area_name": "Nigeria", "fluid": "GAS", "mps_created_time": "Sep 8, 2021 12:13:21 PM", "mps_datasource_tags": "Data derived from Shell World Map, 2019, (https://reports.shell.com/investors-handbook/2019/servicepages/worldmap.php). Last Accessed Jan 2021", "mps_est_elevation_end_m": "-1020.0", "mps_est_elevation_start_m": "-21.0", "mps_est_length_km": "87.2131952510395", "mps_est_shore_status": "OFFSHORE", "mps_uuid": "9aa08d18-2515-4a0c-8351-40944c7ae72e", "name": "NIGERIA PIPELINE", "status": "OPERATIONAL", "updt": "May 28, 2025 9:01:23 PM"}}, {"type": "Feature", "id": "mps_mapping_pipeline.5b7ae97a-51b6-4540-884e-c0bf199b5023", "geometry": {"type": "LineString", "coordinates": [[4.60321880001679, 4.49369992071875], [4.621848431326886, 4.521889494411657], [4.634104767715106, 4.5365970980775225], [4.630550430162522, 4.545421660277041], [4.6164080080000645, 4.5567057200000205]]}, "properties": {"admin_area_name": "Nigeria", "category": "Hydrocarbon", "fluid": "OIL", "mps_created_time": "Jan 1, 1900 12:00:00 AM", "mps_datasource_tags": "Sourced from Shell Handbook 2018", "mps_est_elevation_end_m": "-1020.0", "mps_est_elevation_start_m": "-1101.0", "mps_est_length_km": "8.9182288011096", "mps_est_shore_status": "OFFSHORE", "mps_uuid": "5b7ae97a-51b6-4540-884e-c0bf199b5023", "name": "PFL 01", "operator_group_name": "SHELL PLC (GROUP)", "optr_name": "ROYAL DUTCH SHELL NIGERIA", "status": "OPERATIONAL", "updt": "Aug 17, 2022 11:18:09 AM"}}, {"type": "Feature", "id": "mps_mapping_pipeline.725510be-5124-48cc-a345-ab76f041313d", "geometry": {"type": "LineString", "coordinates": [[4.617024698186154, 4.5562136707024905], [4.5981937020976185, 4.556268517980616], [4.584466605342811, 4.565583333635664], [4.578583563876466, 4.569015107824366], [4.573681029321177, 4.567666910821662], [4.558238045472018, 4.56264181290249], [4.538627907250865, 4.549895223058741]]}, "properties": {"admin_area_name": "Nigeria", "category": "Hydrocarbon", "fluid": "OIL", "mps_created_time": "Jan 1, 1900 12:00:00 AM", "mps_datasource_tags": "Sourced from Shell Handbook 2018", "mps_est_elevation_end_m": "-1189.0", "mps_est_elevation_start_m": "-1012.0", "mps_est_length_km": "9.64202347261398", "mps_est_shore_status": "OFFSHORE", "mps_uuid": "725510be-5124-48cc-a345-ab76f041313d", "name": "BNW", "operator_group_name": "SHELL PLC (GROUP)", "optr_name": "ROYAL DUTCH SHELL NIGERIA", "status": "OPERATIONAL", "updt": "Aug 17, 2022 11:18:09 AM"}}, {"type": "Feature", "id": "mps_mapping_pipeline.f83e3459-4189-44d2-84a6-4a7792c7a588", "geometry": {"type": "LineString", "coordinates": [[4.633894309636785, 4.537119614685768], [4.630152099229906, 4.5052515177646475]]}, "properties": {"admin_area_name": "Nigeria", "category": "Hydrocarbon", "fluid": "OIL", "mps_created_time": "Jan 1, 1900 12:00:00 AM", "mps_datasource_tags": "Sourced from Shell Handbook 2018", "mps_est_elevation_end_m": "-1023.0", "mps_est_elevation_start_m": "-994.0", "mps_est_length_km": "3.54839772864636", "mps_est_shore_status": "OFFSHORE", "mps_uuid": "f83e3459-4189-44d2-84a6-4a7792c7a588", "name": "PFW-2", "operator_group_name": "SHELL PLC (GROUP)", "optr_name": "ROYAL DUTCH SHELL NIGERIA", "status": "OPERATIONAL", "updt": "Aug 17, 2022 11:18:09 AM"}}, {"type": "Feature", "id": "mps_mapping_pipeline.ddd11b46-ae24-4324-ad15-a9d01c84d273", "geometry": {"type": "LineString", "coordinates": [[5.468154031189819, 4.645437600166293], [5.56629731624382, 4.498457102138697], [5.789819821917054, 4.361747955914446]]}, "properties": {"admin_area_name": "Nigeria", "fluid": "OIL", "mps_created_time": "Feb 13, 2023 12:38:09 PM", "mps_est_elevation_end_m": "-13.0", "mps_est_elevation_start_m": "-16.0", "mps_est_length_km": "48.6163998860461", "mps_est_shore_status": "OFFSHORE", "mps_uuid": "ddd11b46-ae24-4324-ad15-a9d01c84d273", "name": "PENNINGTON TO APOI", "status": "OPERATIONAL", "updt": "Feb 14, 2023 9:35:59 AM"}}, {"type": "Feature", "id": "mps_mapping_pipeline.ff01984f-74c8-4fb4-9b4d-e43af4150ef1", "geometry": {"type": "LineString", "coordinates": [[5.6917222, 4.8516667], [5.697810359541786, 4.834129105852701], [5.703108546094217, 4.829783863697337], [5.7300667320489, 4.809509132231779], [5.742700402371897, 4.799545993846976], [5.7483333, 4.7930556], [5.7705278, 4.78475], [5.7815833, 4.7781944], [5.7947222, 4.7691111], [5.8544167, 4.7288333], [5.8983056, 4.6837222], [5.9123889, 4.6673333], [5.915348667048556, 4.663632046348891], [5.9173889, 4.6580556], [5.922451762218809, 4.6431872319647205], [5.9335556, 4.6124167], [5.9355833, 4.6066944], [5.93565777357664, 4.606200827949264], [5.939773449343718, 4.570027284390919], [5.932574672460686, 4.556109817603521], [5.931707888062839, 4.55487698517497], [5.929116689642287, 4.5532734530538], [5.9259444, 4.5525833]]}, "properties": {"admin_area_name": "Nigeria", "fluid": "OIL", "mps_created_time": "Jan 1, 1900 12:00:00 AM", "mps_datasource_tags": "Inferred from satellite imagery and NG oil spill data.", "mps_est_elevation_end_m": "6.0", "mps_est_elevation_start_m": "9.0", "mps_est_length_km": "46.3418501501616", "mps_est_shore_status": "ONSHORE", "mps_uuid": "ff01984f-74c8-4fb4-9b4d-e43af4150ef1", "name": "CLOUGH CREEK/TEBIDABAH PIPELINE", "status": "OPERATIONAL", "updt": "Aug 17, 2022 11:19:38 AM"}}, {"type": "Feature", "id": "mps_mapping_pipeline.2a66de74-4df3-451e-9194-9e6cd33dc8bb", "geometry": {"type": "LineString", "coordinates": [[5.6473656, 4.902558], [5.647385, 4.902566], [5.6474247, 4.902581], [5.647465, 4.9025955], [5.647547, 4.9026227], [5.6476007, 4.90264], [5.6477094, 4.9026737], [5.6477904, 4.9026995], [5.647882, 4.9027286], [5.6479273, 4.902744], [5.6479955, 4.902767], [5.6480665, 4.902793], [5.6482086, 4.902846], [5.6483436, 4.9028955], [5.648411, 4.90292], [5.6484857, 4.902946], [5.648635, 4.902998], [5.648771, 4.9030457], [5.6488385, 4.9030704], [5.6488843, 4.9030876], [5.648975, 4.9031224], [5.6490436, 4.9031477], [5.6490555, 4.9031515], [5.649122, 4.903173], [5.6491823, 4.903192], [5.649212, 4.903202], [5.649256, 4.903218], [5.6492796, 4.903227], [5.6493263, 4.903246], [5.6493883, 4.903272], [5.64942, 4.9032845], [5.649451, 4.9032965], [5.6494665, 4.903302], [5.64949, 4.9033103], [5.649537, 4.9033246], [5.6496797, 4.9033637], [5.649729, 4.9033785], [5.649761, 4.903389], [5.649826, 4.90341], [5.6499214, 4.9034424], [5.649978, 4.9034624], [5.650136, 4.903518], [5.650279, 4.9035687], [5.6503506, 4.903595], [5.6504183, 4.90362], [5.650553, 4.9036703], [5.6507545, 4.9037466], [5.6509066, 4.903803], [5.650983, 4.9038305], [5.6512017, 4.9039083], [5.651348, 4.9039617], [5.6514215, 4.903988], [5.651488, 4.9040103], [5.6515765, 4.9040394], [5.6516204, 4.904054], [5.651823, 4.904124], [5.6519055, 4.9041514], [5.6519465, 4.9041657], [5.6519876, 4.9041815], [5.652007, 4.9041896], [5.6520324, 4.904201], [5.652049, 4.9042087], [5.6520815, 4.9042253], [5.6521297, 4.904252], [5.6521616, 4.9042706], [5.6522245, 4.904309], [5.652426, 4.904377], [5.652641, 4.9044514], [5.6527133, 4.9044757], [5.6528583, 4.904524], [5.653001, 4.904571], [5.6530714, 4.9045954], [5.6532774, 4.9046707], [5.6533494, 4.904696], [5.6534934, 4.9047446], [5.6537127, 4.9048185], [5.6539297, 4.9048915], [5.6540594, 4.9049354], [5.654124, 4.9049573], [5.6541963, 4.904983], [5.65434, 4.9050345], [5.6545515, 4.90511]]}, "properties": {"admin_area_name": "Nigeria", "fluid": "GAS", "mps_created_time": "Sep 8, 2021 12:13:25 PM", "mps_datasource_tags": "Data derived from Shell World Map, 2019, (https://reports.shell.com/investors-handbook/2019/servicepages/worldmap.php). Last Accessed Jan 2021", "mps_est_elevation_end_m": "6.0", "mps_est_elevation_start_m": "7.0", "mps_est_length_km": "0.846071720519672", "mps_est_shore_status": "ONSHORE", "mps_uuid": "2a66de74-4df3-451e-9194-9e6cd33dc8bb", "name": "NIGERIA PIPELINE", "status": "OPERATIONAL", "updt": "May 28, 2025 9:01:26 PM"}}, {"type": "Feature", "id": "mps_mapping_pipeline.ce6b3ae9-7064-47ce-89ca-3d7cfedbbc6a", "geometry": {"type": "LineString", "coordinates": [[5.3472447, 4.806181], [5.3472085, 4.8061447], [5.3471723, 4.805868]]}, "properties": {"admin_area_name": "Nigeria", "fluid": "GAS", "mps_created_time": "Sep 8, 2021 12:13:34 PM", "mps_datasource_tags": "Data derived from Shell World Map, 2019, (https://reports.shell.com/investors-handbook/2019/servicepages/worldmap.php). Last Accessed Jan 2021", "mps_est_elevation_end_m": "-21.0", "mps_est_elevation_start_m": "-21.0", "mps_est_length_km": "0.0365383838517538", "mps_est_shore_status": "OFFSHORE", "mps_uuid": "ce6b3ae9-7064-47ce-89ca-3d7cfedbbc6a", "name": "NIGERIA PIPELINE", "status": "OPERATIONAL", "updt": "May 28, 2025 9:01:31 PM"}}, {"type": "Feature", "id": "mps_mapping_pipeline.06fd15d5-f19a-45e6-8a55-68ce79ebc9d3", "geometry": {"type": "LineString", "coordinates": [[5.26363, 5.431372], [5.263488, 5.4310627], [5.263447, 5.4309587], [5.2632833, 5.4305377], [5.2631283, 5.430113], [5.26298, 5.429686], [5.262824, 5.429261], [5.262654, 5.4288425], [5.2624664, 5.4284215], [5.262279, 5.42802], [5.2621007, 5.427605], [5.2619233, 5.4271894], [5.26176, 5.4267592], [5.2615533, 5.4263577], [5.2613697, 5.425945], [5.2611904, 5.42553], [5.2610254, 5.4251084], [5.26086, 5.4246883], [5.260679, 5.424274], [5.260498, 5.423859], [5.260325, 5.4234414], [5.2601523, 5.423024], [5.2599416, 5.4226246], [5.259719, 5.422231], [5.259491, 5.4218407], [5.259257, 5.421454], [5.2589855, 5.4210825], [5.2587037, 5.4207296], [5.2584105, 5.4203863], [5.2581167, 5.420042], [5.2578077, 5.419713], [5.2574944, 5.419388], [5.2571692, 5.4190745], [5.256844, 5.418761], [5.2564907, 5.41848], [5.25613, 5.418208], [5.2557635, 5.417945], [5.255394, 5.4176855], [5.255006, 5.4174547], [5.254618, 5.4172235], [5.2542243, 5.417002], [5.2538147, 5.416794], [5.2534056, 5.4166265], [5.2529874, 5.416455], [5.252568, 5.416289], [5.252145, 5.416131], [5.2517214, 5.4159746], [5.251299, 5.415817], [5.2508655, 5.415661], [5.2504406, 5.415509], [5.250016, 5.415356], [5.2496, 5.4152055], [5.2491746, 5.415055], [5.248741, 5.4149], [5.2483177, 5.414744], [5.2478943, 5.414587], [5.247473, 5.414425], [5.2470517, 5.414263], [5.2466283, 5.414107], [5.246205, 5.413951], [5.2457843, 5.4137874], [5.2453637, 5.4136243], [5.2449374, 5.4134736], [5.244512, 5.4133244], [5.2440906, 5.4131618], [5.243668, 5.4130034], [5.2432437, 5.41285], [5.2428184, 5.412698], [5.242397, 5.412538], [5.2419744, 5.41238], [5.241547, 5.4122334], [5.241121, 5.4120846], [5.2406983, 5.4119263], [5.240276, 5.4117665], [5.2398553, 5.4116044], [5.2394342, 5.411442], [5.2390075, 5.411293], [5.238582, 5.411143], [5.2381625, 5.410977], [5.2377434, 5.410811], [5.23732, 5.410654], [5.2368937, 5.4105043], [5.236466, 5.4103627], [5.2360373, 5.4102206], [5.235618, 5.410053], [5.235199, 5.409885], [5.234773, 5.409736], [5.234348, 5.409586], [5.2339225, 5.4094324], [5.233499, 5.4092784], [5.2330766, 5.4091187], [5.232654, 5.4089594], [5.2322326, 5.4087987], [5.2318115, 5.4086366], [5.231389, 5.408478], [5.2309628, 5.408327], [5.2305393, 5.408173], [5.2301154, 5.408018], [5.2296963, 5.4078493], [5.229278, 5.40768], [5.2288504, 5.4075365], [5.228422, 5.4073935], [5.2279987, 5.4072375], [5.2275753, 5.4070797], [5.227153, 5.406923], [5.2267294, 5.406767], [5.226304, 5.4066153], [5.225879, 5.4064636], [5.225454, 5.4063115], [5.2250285, 5.40616], [5.224604, 5.406007], [5.2241817, 5.405847], [5.22376, 5.405688], [5.223338, 5.405527], [5.2229156, 5.4053683], [5.222492, 5.4052105], [5.2220726, 5.4050465], [5.22165, 5.4048877], [5.221224, 5.4047384], [5.2207975, 5.4045897], [5.220379, 5.4044228], [5.219959, 5.404257], [5.21953, 5.404116], [5.2191014, 5.4039755], [5.218676, 5.4038234], [5.2182527, 5.403667], [5.2178345, 5.4034967], [5.217418, 5.4033227], [5.2169976, 5.4031587], [5.216577, 5.4029946], [5.21616, 5.402822], [5.2157454, 5.4026456], [5.215328, 5.402473], [5.21491, 5.402302], [5.2144923, 5.4021316], [5.214074, 5.40196], [5.21366, 5.4017816], [5.2132454, 5.4016027], [5.212831, 5.4014244], [5.212416, 5.4012456], [5.2120004, 5.4010706], [5.2115855, 5.4008927], [5.211172, 5.4007106], [5.2107596, 5.4005284], [5.2103524, 5.4003334], [5.209947, 5.400136], [5.209536, 5.3999486], [5.209125, 5.3997617], [5.2087145, 5.3995748], [5.2083035, 5.3993883], [5.2079, 5.399185], [5.207497, 5.398981], [5.207091, 5.3987837], [5.2066855, 5.398586], [5.2062845, 5.3983793], [5.2058783, 5.3981814], [5.20547, 5.397989], [5.205062, 5.3977966], [5.204661, 5.3975887], [5.2042603, 5.3973813], [5.2038603, 5.397172], [5.20346, 5.3969636], [5.203059, 5.3967566], [5.202657, 5.396549], [5.2022643, 5.3963265], [5.201872, 5.3961043], [5.2014728, 5.395894], [5.2010736, 5.395684], [5.200683, 5.3954563], [5.200293, 5.39523], [5.199897, 5.395013], [5.199501, 5.3947954], [5.1991076, 5.394574], [5.198714, 5.3943534], [5.1983247, 5.394125], [5.19794, 5.3938885], [5.1975536, 5.3936563], [5.197166, 5.3934226], [5.1968, 5.393158], [5.196457, 5.39288], [5.196076, 5.3926063], [5.1956606, 5.392388], [5.1952605, 5.392199], [5.1948667, 5.3919787], [5.1944838, 5.391738], [5.1941, 5.3915014], [5.1937156, 5.391265], [5.19333, 5.391031], [5.192958, 5.39079], [5.1925845, 5.3905354], [5.1922045, 5.390277], [5.191827, 5.3900285], [5.191457, 5.389786], [5.191074, 5.389529], [5.190697, 5.389282], [5.1903195, 5.389033], [5.1899457, 5.38878], [5.189582, 5.388529], [5.1892104, 5.388256], [5.1888375, 5.3880024], [5.188477, 5.387745], [5.1881123, 5.38748], [5.1877475, 5.387213], [5.1873827, 5.3869476], [5.187016, 5.386683], [5.186652, 5.386416], [5.186287, 5.3861494], [5.185923, 5.385883], [5.1855617, 5.385612], [5.1851997, 5.385342], [5.1848364, 5.3850737], [5.184478, 5.3847995], [5.18412, 5.384523], [5.1837635, 5.3842473], [5.183408, 5.3839693], [5.1830482, 5.3836956], [5.1826854, 5.3834267], [5.182338, 5.383138], [5.181986, 5.382855], [5.1816354, 5.3825703], [5.181288, 5.3822823], [5.1809382, 5.3819957], [5.1805897, 5.3817096], [5.180242, 5.3814206], [5.179897, 5.3811297], [5.1795526, 5.380837], [5.179208, 5.380548], [5.1788583, 5.3802624], [5.178513, 5.3799706], [5.178177, 5.379669], [5.1778393, 5.3793693], [5.177502, 5.3790684], [5.1771655, 5.3787684], [5.1768246, 5.3784714], [5.176484, 5.378174], [5.1761456, 5.377876], [5.1758094, 5.377574], [5.175475, 5.3772707], [5.175141, 5.376966], [5.1748075, 5.376662], [5.1744733, 5.3763576], [5.174132, 5.376062], [5.1737976, 5.3757586], [5.173462, 5.375456], [5.173138, 5.3751407], [5.1728187, 5.3748226], [5.1724987, 5.3745036], [5.172178, 5.3741846], [5.1718564, 5.3738685], [5.1715302, 5.3735557], [5.171203, 5.3732443], [5.1708817, 5.372927], [5.1705484, 5.3726215], [5.1702194, 5.3723116], [5.169897, 5.3719954], [5.169578, 5.371676], [5.169264, 5.3713512], [5.168953, 5.3710237], [5.168644, 5.3706937], [5.168336, 5.3703637], [5.168024, 5.3700366], [5.1677117, 5.3697104], [5.1673946, 5.369389], [5.167082, 5.369063], [5.1667767, 5.36873], [5.166472, 5.368396], [5.1661696, 5.3680606], [5.165864, 5.3677273], [5.165569, 5.367386], [5.165268, 5.3670487], [5.164968, 5.3667116], [5.1646695, 5.366372], [5.1643715, 5.366032], [5.164075, 5.3656917], [5.1637807, 5.3653493], [5.163489, 5.365004], [5.1631985, 5.364658], [5.1629057, 5.3643136], [5.162614, 5.3639684], [5.162325, 5.363621], [5.162033, 5.363276], [5.1617465, 5.3629274], [5.1614594, 5.3625784], [5.161173, 5.362229], [5.160893, 5.3618746], [5.1606164, 5.3615174], [5.160336, 5.361162], [5.160054, 5.36081], [5.1597743, 5.3604555], [5.1594977, 5.360098], [5.15922, 5.3597407], [5.1589465, 5.359381], [5.158676, 5.3590198], [5.158406, 5.3586574], [5.158128, 5.358301], [5.1578593, 5.357938], [5.157594, 5.357572], [5.1573224, 5.357211], [5.157056, 5.3568463], [5.156791, 5.35648], [5.15653, 5.3561115], [5.1562696, 5.355742], [5.156009, 5.355372], [5.1557508, 5.3550014], [5.1554923, 5.354631], [5.155232, 5.3542614], [5.1549735, 5.353891], [5.154714, 5.3535213], [5.1544566, 5.35315], [5.1542034, 5.3527756], [5.1539516, 5.3524003], [5.153702, 5.3520236], [5.153448, 5.3516493], [5.153195, 5.3512754], [5.1529455, 5.3508983], [5.1527004, 5.3505187], [5.15246, 5.3501363], [5.152221, 5.3497524], [5.151983, 5.349369], [5.1517415, 5.3489866], [5.1514993, 5.348605], [5.151254, 5.3482246], [5.151024, 5.347836], [5.150797, 5.3474455], [5.150569, 5.347055], [5.150342, 5.3466644], [5.1501207, 5.3462706], [5.1498876, 5.345884], [5.149665, 5.3454905], [5.1494436, 5.345096], [5.149222, 5.3447022], [5.1490006, 5.344308], [5.1487737, 5.343918], [5.1485457, 5.3435273], [5.148318, 5.343137], [5.1480927, 5.3427453], [5.147892, 5.3423405], [5.1476707, 5.341946], [5.1474466, 5.3415537], [5.147223, 5.341161], [5.147011, 5.340762], [5.146799, 5.3403625], [5.1465874, 5.339963], [5.146377, 5.3395634], [5.1461673, 5.339163], [5.1459565, 5.338763], [5.1457467, 5.3383617], [5.145543, 5.337959], [5.145341, 5.3375545], [5.145139, 5.3371506], [5.1449385, 5.3367457], [5.144741, 5.336338], [5.144547, 5.3359303], [5.1443534, 5.3355217], [5.144164, 5.335111], [5.1439753, 5.3347006], [5.1437807, 5.334292], [5.143587, 5.3338833], [5.1433992, 5.333473], [5.1432137, 5.3330607], [5.143029, 5.332648], [5.1428437, 5.3322353], [5.142658, 5.3318233], [5.1424713, 5.331412], [5.142289, 5.330998], [5.1421113, 5.3305826], [5.141934, 5.330167], [5.1417556, 5.329751], [5.14158, 5.3293343], [5.1414075, 5.3289165], [5.141242, 5.3284965], [5.1410756, 5.328076], [5.1409097, 5.3276553], [5.1407433, 5.327235], [5.1405816, 5.3268127], [5.140424, 5.326389], [5.1402683, 5.325965], [5.140111, 5.3255405], [5.13995, 5.3251185], [5.1397886, 5.3246965], [5.1396303, 5.324272], [5.139474, 5.3238482], [5.1393175, 5.3234243], [5.1391606, 5.323], [5.1390033, 5.322576], [5.138847, 5.322152], [5.1386995, 5.3217244], [5.1385536, 5.3212967], [5.1384025, 5.320871], [5.1382504, 5.320445], [5.138102, 5.3200183], [5.137953, 5.3195906], [5.1378036, 5.319164], [5.1376657, 5.3187337], [5.13753, 5.318302], [5.1373987, 5.31787], [5.137274, 5.3174353], [5.137146, 5.317002], [5.137013, 5.316569], [5.136873, 5.316139], [5.136733, 5.315709], [5.136601, 5.315277], [5.136475, 5.3148427], [5.136354, 5.314407], [5.136238, 5.31397], [5.136114, 5.313535], [5.1359873, 5.3131013], [5.1358604, 5.3126674], [5.1357346, 5.3122334], [5.135617, 5.3117967], [5.1355, 5.31136], [5.135384, 5.310922], [5.1352696, 5.3104854], [5.1351585, 5.310047], [5.1350503, 5.3096075], [5.1349425, 5.309169], [5.1348305, 5.3087306], [5.134719, 5.308293], [5.134612, 5.307853], [5.134506, 5.307414], [5.134411, 5.3069715], [5.1343102, 5.3065305], [5.1342044, 5.306091], [5.134096, 5.305652], [5.1339912, 5.305212], [5.1338844, 5.3047733], [5.133779, 5.304333], [5.1336784, 5.3038926], [5.1335764, 5.3034525], [5.133475, 5.303011], [5.133375, 5.302571], [5.133268, 5.302131], [5.1331587, 5.3016925], [5.1330523, 5.3012533], [5.1329436, 5.3008137], [5.132836, 5.300375], [5.132729, 5.299936], [5.1326256, 5.299495], [5.1325216, 5.299055], [5.132414, 5.2986164], [5.1323066, 5.298177], [5.1322017, 5.2977366], [5.132099, 5.297296], [5.1319985, 5.296856], [5.1318946, 5.2964153], [5.1317883, 5.295976], [5.1316786, 5.2955375], [5.13157, 5.295099], [5.131466, 5.2946587], [5.131367, 5.294217], [5.131261, 5.293778], [5.131156, 5.2933383], [5.131049, 5.2928987], [5.130943, 5.2924595], [5.130839, 5.292019], [5.1307354, 5.291579], [5.1306367, 5.291137], [5.130538, 5.290696], [5.13044, 5.290255], [5.130342, 5.2898135], [5.130235, 5.289374], [5.1301236, 5.2889357], [5.130026, 5.288494], [5.1299224, 5.288055], [5.1298156, 5.2876153], [5.1297054, 5.2871766], [5.129593, 5.2867384], [5.129483, 5.2862997], [5.1293716, 5.285862], [5.1292677, 5.285422], [5.1291633, 5.2849813], [5.1290584, 5.2845416], [5.128955, 5.2841015], [5.128848, 5.283662], [5.1287413, 5.2832227], [5.1286354, 5.282783], [5.128527, 5.2823443], [5.1284213, 5.281905], [5.1283164, 5.2814646], [5.128211, 5.2810254], [5.128108, 5.280585], [5.1279964, 5.280147], [5.127886, 5.279709], [5.127788, 5.2792664], [5.1276917, 5.2788253], [5.127584, 5.2783856], [5.127477, 5.2779465], [5.1273713, 5.277507], [5.1272655, 5.277067], [5.127155, 5.276629], [5.127044, 5.2761903], [5.1269345, 5.2757516], [5.1268287, 5.275312], [5.126726, 5.274872], [5.1266255, 5.2744308], [5.126522, 5.273991], [5.126418, 5.2735505], [5.1263213, 5.2731085], [5.126218, 5.272669], [5.126108, 5.2722306], [5.1260014, 5.271791], [5.1258965, 5.271351], [5.12579, 5.270911], [5.1256866, 5.2704706], [5.1255865, 5.2700305], [5.12548, 5.269591], [5.1253753, 5.2691507], [5.1252756, 5.26871], [5.125181, 5.268268], [5.1250854, 5.267826], [5.1249847, 5.2673855], [5.124883, 5.2669444], [5.1247773, 5.266505], [5.124664, 5.266067], [5.124548, 5.2656302], [5.124429, 5.2651935], [5.1243196, 5.2647552], [5.1242085, 5.2643166], [5.124101, 5.263878], [5.1239953, 5.2634377], [5.1238904, 5.262998], [5.123789, 5.2625575], [5.123684, 5.2621174], [5.1235785, 5.2616777], [5.1234736, 5.2612386], [5.123366, 5.260799], [5.1232624, 5.260359], [5.123161, 5.259918], [5.1230583, 5.2594776], [5.1229563, 5.2590375], [5.1228538, 5.258597], [5.122752, 5.258157], [5.1226506, 5.257715], [5.122553, 5.257274], [5.122465, 5.256831], [5.12238, 5.2563863], [5.1222835, 5.2559447], [5.1221876, 5.2555027], [5.122084, 5.255062], [5.121972, 5.254625], [5.1218534, 5.254189], [5.121722, 5.2537556], [5.1216145, 5.2533174], [5.121503, 5.2528787], [5.121399, 5.252438], [5.1212997, 5.251998], [5.121193, 5.2515583], [5.121078, 5.2511206], [5.1209764, 5.2506804], [5.1208735, 5.25024], [5.120769, 5.2497997], [5.120662, 5.249361], [5.1205616, 5.24892], [5.120464, 5.2484784], [5.1203604, 5.2480383], [5.1202464, 5.2476006], [5.120134, 5.247163], [5.1200237, 5.246724], [5.1199174, 5.246285], [5.1198106, 5.2458453], [5.119708, 5.2454047], [5.1196084, 5.2449636], [5.119507, 5.244523], [5.119403, 5.244083], [5.119297, 5.2436433], [5.1191907, 5.243204], [5.119084, 5.2427645], [5.1189914, 5.2423224], [5.1188936, 5.241881], [5.118794, 5.24144], [5.11869, 5.240999], [5.1185856, 5.24056], [5.1184797, 5.2401204], [5.118374, 5.23968], [5.1182675, 5.2392406], [5.1181545, 5.238794], [5.1180406, 5.238356], [5.117928, 5.2379184], [5.1178174, 5.23748], [5.1177106, 5.2370405], [5.1176057, 5.236601], [5.117498, 5.2361617], [5.1173997, 5.235729], [5.1172876, 5.235282], [5.117178, 5.2348433], [5.117064, 5.2344055], [5.1169624, 5.2339654], [5.116868, 5.233523], [5.1167693, 5.233082], [5.1166687, 5.2326403], [5.1165657, 5.232201], [5.1164684, 5.2317586], [5.1163645, 5.2313194], [5.116266, 5.230878], [5.1161623, 5.2304378], [5.1160536, 5.229999], [5.1159296, 5.229564], [5.115819, 5.2291255], [5.115711, 5.2286863], [5.1156025, 5.2282476], [5.115494, 5.227809], [5.115388, 5.227369], [5.115283, 5.226929], [5.1151776, 5.2264895], [5.1150727, 5.2260494], [5.114969, 5.22561], [5.1148634, 5.2251697], [5.1147594, 5.22473], [5.114654, 5.2242904], [5.1145463, 5.223851], [5.1144395, 5.2234116], [5.1143336, 5.222972], [5.1142282, 5.2225327], [5.1141224, 5.222093], [5.1140165, 5.221654], [5.113906, 5.2212152], [5.113799, 5.2207756], [5.113694, 5.2203355], [5.1135926, 5.219895], [5.113495, 5.219454], [5.1133885, 5.219014], [5.1132784, 5.2185755], [5.113165, 5.2181377], [5.113057, 5.2176986], [5.1129503, 5.21726], [5.112848, 5.21682], [5.1127477, 5.216378], [5.112646, 5.215938], [5.1125407, 5.2154975], [5.112432, 5.215059], [5.112321, 5.214621], [5.112205, 5.214184], [5.112089, 5.213747], [5.111964, 5.213312], [5.111833, 5.2128797], [5.111699, 5.2124476], [5.111557, 5.212019], [5.111405, 5.211593], [5.1112413, 5.2111716], [5.111077, 5.2107506], [5.110912, 5.210339], [5.110742, 5.2099204], [5.11057, 5.2095017], [5.11039, 5.209088], [5.1102076, 5.2086744], [5.1100087, 5.2082586], [5.109814, 5.20786], [5.10962, 5.2074523], [5.109422, 5.2070456], [5.1092124, 5.206635], [5.1090035, 5.2062345], [5.1088057, 5.2058287], [5.108614, 5.205429], [5.1084213, 5.2050195], [5.1082277, 5.204611], [5.1080174, 5.204201], [5.107829, 5.2038], [5.107641, 5.2033896], [5.1074696, 5.202972], [5.107294, 5.202555], [5.1071124, 5.202141], [5.1069136, 5.201725], [5.1067433, 5.2013164], [5.1065826, 5.2008934], [5.1064253, 5.20047], [5.106262, 5.200048], [5.1060896, 5.199621], [5.105915, 5.1992035], [5.1057606, 5.1987886], [5.1056037, 5.1983643], [5.10545, 5.1979394], [5.105299, 5.1975136], [5.105155, 5.197085], [5.1050115, 5.1966558], [5.1048727, 5.196226], [5.104738, 5.195794], [5.104594, 5.1953654], [5.104456, 5.194935], [5.104316, 5.194505], [5.1041827, 5.194073], [5.104042, 5.1936436], [5.1039166, 5.1932096], [5.103798, 5.192773], [5.1036863, 5.192334], [5.1035724, 5.1918974], [5.1034455, 5.1914635], [5.103319, 5.1910295], [5.1032047, 5.190592], [5.1031, 5.1901526], [5.102993, 5.189713], [5.102886, 5.1892734], [5.102781, 5.188834], [5.102678, 5.1883936], [5.1025734, 5.1879535], [5.1024756, 5.187512], [5.1023912, 5.187068], [5.1023054, 5.186624], [5.10222, 5.18618], [5.1021376, 5.185735], [5.102062, 5.1852894], [5.101998, 5.1848416], [5.1019354, 5.184394], [5.1018662, 5.183947], [5.101798, 5.1835003], [5.1017337, 5.1830525], [5.1016765, 5.1826043], [5.10162, 5.1821556], [5.101552, 5.181708], [5.101482, 5.181261], [5.1014166, 5.1808143], [5.101362, 5.180365], [5.1013064, 5.1799164], [5.1012573, 5.1794667], [5.101228, 5.1790156], [5.1011944, 5.1785645], [5.1011596, 5.178114], [5.1011314, 5.1776624], [5.101102, 5.1772113], [5.101069, 5.17676], [5.101042, 5.1763086], [5.1010222, 5.1758575], [5.1009965, 5.175405], [5.100989, 5.174954], [5.100972, 5.1745014], [5.100954, 5.1740494], [5.1009374, 5.1735983], [5.100926, 5.173146], [5.1009226, 5.1726937], [5.1009207, 5.172241], [5.1009192, 5.171789], [5.1009207, 5.171337], [5.100923, 5.1708846], [5.1009316, 5.1704326], [5.1009445, 5.16998], [5.100961, 5.169529], [5.1009707, 5.1690764], [5.1009793, 5.1686244], [5.100998, 5.168173], [5.1010146, 5.167721], [5.101029, 5.1672688], [5.101061, 5.166818], [5.101094, 5.1663666], [5.1011286, 5.1659164], [5.1011705, 5.165466], [5.1012106, 5.165015], [5.1012516, 5.1645646], [5.1012964, 5.1641145], [5.101342, 5.163665], [5.1014013, 5.163216], [5.101472, 5.1627703], [5.1015277, 5.1623216], [5.101583, 5.161873], [5.1016464, 5.161425], [5.1017065, 5.1609774], [5.1017885, 5.160532], [5.1018753, 5.160089], [5.1019444, 5.159642], [5.1020155, 5.159195], [5.102085, 5.158748], [5.1021533, 5.1583014], [5.1022243, 5.1578546], [5.102307, 5.15741], [5.102393, 5.156966], [5.102481, 5.1565228], [5.1025734, 5.1560807], [5.102666, 5.1556373], [5.1027665, 5.1551967], [5.102866, 5.154756], [5.1029587, 5.154313], [5.103051, 5.1538706], [5.1031437, 5.153428], [5.10325, 5.1529884], [5.103357, 5.152549], [5.1034703, 5.152112], [5.1035824, 5.151673], [5.103693, 5.151235], [5.1038218, 5.1508017], [5.103964, 5.150373], [5.104102, 5.1499424], [5.104236, 5.149511], [5.104372, 5.1490793], [5.10451, 5.1486487], [5.104649, 5.1482186], [5.104794, 5.147791], [5.104946, 5.1473646], [5.1050925, 5.146937], [5.1052365, 5.1465087], [5.1053867, 5.146082], [5.105538, 5.1456556], [5.105695, 5.145232], [5.105853, 5.144809], [5.1060166, 5.1443872], [5.1061826, 5.143966], [5.10635, 5.1435466], [5.1065183, 5.1431274], [5.106687, 5.142708], [5.106859, 5.1422896], [5.1070304, 5.141871], [5.107199, 5.141452], [5.1073823, 5.1410384], [5.1075683, 5.1406264], [5.1077538, 5.140215], [5.1079383, 5.1398025], [5.1081347, 5.139395], [5.1083317, 5.138988], [5.108527, 5.138581], [5.10873, 5.138177], [5.1089287, 5.1377707], [5.1091294, 5.1373653], [5.109331, 5.136962], [5.109533, 5.136557], [5.1097393, 5.1361547], [5.109949, 5.1357546], [5.110163, 5.1353564], [5.1103883, 5.1349645], [5.11061, 5.134571], [5.110816, 5.134169], [5.1110234, 5.1337676], [5.1112504, 5.1333766], [5.1114755, 5.1329846], [5.1117077, 5.1325974], [5.1119485, 5.1322145], [5.112187, 5.1318307], [5.1124196, 5.1314435], [5.112668, 5.131066], [5.1129203, 5.1306915], [5.1131554, 5.130306], [5.1133823, 5.1299148], [5.1136284, 5.1295357], [5.113882, 5.129162], [5.114147, 5.128796], [5.1144004, 5.1284223], [5.114645, 5.128042], [5.114901, 5.1276703], [5.1151657, 5.1273036], [5.115438, 5.1269436], [5.1157136, 5.126585], [5.1159687, 5.126201], [5.116223, 5.125839], [5.1164966, 5.12548], [5.116776, 5.1251135], [5.117048, 5.124753], [5.1173162, 5.124401], [5.117601, 5.124039], [5.1178865, 5.1236887], [5.118175, 5.123341], [5.118466, 5.1229954], [5.1187587, 5.122651], [5.11906, 5.1223154], [5.119348, 5.121967], [5.1196375, 5.12162], [5.1199284, 5.1212754], [5.120231, 5.1209397], [5.1205316, 5.120602], [5.1208267, 5.12026], [5.121126, 5.119922], [5.121436, 5.1195936], [5.12175, 5.1192684], [5.122061, 5.118954], [5.122378, 5.118632], [5.122696, 5.118299], [5.123004, 5.1179686], [5.1233206, 5.117646], [5.1236367, 5.117325], [5.123954, 5.1170025], [5.1242704, 5.116681], [5.1246, 5.116372], [5.124931, 5.1160645], [5.125262, 5.1157575], [5.125589, 5.115446], [5.1259274, 5.115147], [5.126262, 5.114844], [5.1265993, 5.1145434], [5.1269326, 5.11424], [5.127266, 5.113935], [5.127605, 5.113636], [5.1279535, 5.11335], [5.1282926, 5.113052], [5.1286397, 5.1127634], [5.1289873, 5.1124754], [5.129339, 5.1121917], [5.129694, 5.1119127], [5.130047, 5.1116314], [5.130399, 5.1113486], [5.130756, 5.1110725], [5.1311164, 5.1108007], [5.1314797, 5.1105337], [5.131835, 5.110255], [5.1321983, 5.109987], [5.132564, 5.109722], [5.1329265, 5.109453], [5.133288, 5.1091833], [5.133655, 5.1089196], [5.134028, 5.108666], [5.1344013, 5.108412], [5.134776, 5.1081605], [5.1351523, 5.1079116], [5.13553, 5.107663], [5.1359076, 5.107417], [5.1362863, 5.1071706], [5.136667, 5.106928], [5.1370497, 5.1066895], [5.1374364, 5.106456], [5.1378217, 5.1062202], [5.1382065, 5.1059856], [5.138595, 5.1057553], [5.138987, 5.1055326], [5.1393785, 5.105309], [5.1397676, 5.1050797], [5.140158, 5.104853], [5.140554, 5.1046376], [5.1409526, 5.1044245], [5.1413503, 5.104212], [5.1417494, 5.1040015], [5.142148, 5.1037893], [5.14254, 5.1035676], [5.142944, 5.1033645], [5.143348, 5.1031632], [5.143749, 5.102958], [5.144154, 5.102759], [5.1445622, 5.1025667], [5.144972, 5.1023765], [5.145379, 5.1021833], [5.1457896, 5.101995], [5.1462007, 5.10181], [5.1466136, 5.101629], [5.1470275, 5.1014476], [5.1474395, 5.1012645], [5.1478534, 5.1010847], [5.1482673, 5.1009045], [5.148675, 5.100733], [5.149104, 5.100567], [5.1495204, 5.100419], [5.1499515, 5.100259], [5.150371, 5.100091], [5.15079, 5.099925], [5.1512103, 5.099762], [5.1516323, 5.0996003], [5.152058, 5.0994525], [5.1524844, 5.0993066], [5.1529107, 5.099158], [5.1533375, 5.09901], [5.153764, 5.0988646], [5.1541924, 5.0987215], [5.1546226, 5.098585], [5.1550536, 5.0984516], [5.155483, 5.098315], [5.155913, 5.098177], [5.156342, 5.098041], [5.156775, 5.097912], [5.157196, 5.097779], [5.15762, 5.0976224], [5.158039, 5.0974565], [5.1584563, 5.0972853], [5.1588683, 5.097102], [5.159277, 5.09691], [5.1596837, 5.096714], [5.1600814, 5.0965014], [5.1604652, 5.096282], [5.160849, 5.0960455], [5.1612315, 5.0958056], [5.1616044, 5.095552], [5.1619787, 5.0952992], [5.1623526, 5.0950456], [5.1627135, 5.0947747], [5.163056, 5.0944815], [5.1633945, 5.0941825], [5.1637316, 5.0938826], [5.1640606, 5.093573], [5.1643767, 5.0932636], [5.1646943, 5.092942], [5.1649976, 5.092608], [5.165288, 5.0922613], [5.1655707, 5.091909], [5.1658444, 5.09155], [5.1661057, 5.0911813], [5.166364, 5.0908113], [5.1666207, 5.0904393], [5.166867, 5.0900598], [5.167108, 5.0896783], [5.167341, 5.0892916], [5.167564, 5.088898], [5.167789, 5.088506], [5.168016, 5.088115], [5.168242, 5.0877233], [5.1684613, 5.0873284], [5.168686, 5.086937], [5.168912, 5.086545], [5.169134, 5.086152], [5.1693563, 5.0857587], [5.1695843, 5.0853686], [5.1698093, 5.0849767], [5.1700325, 5.084583], [5.170257, 5.084191], [5.1704836, 5.0838003], [5.1707125, 5.0834107], [5.1709366, 5.0830183], [5.1711636, 5.0826273], [5.1713967, 5.08224], [5.171622, 5.081848], [5.171845, 5.081455], [5.1720686, 5.0810623], [5.17229, 5.080669], [5.172515, 5.080277], [5.1727395, 5.079885], [5.1729636, 5.079492], [5.173183, 5.079097], [5.1734076, 5.078705], [5.173639, 5.0783167], [5.173862, 5.077924], [5.1740837, 5.0775294], [5.174307, 5.0771365], [5.174528, 5.076743], [5.1747527, 5.076351], [5.174984, 5.075963], [5.17521, 5.075572], [5.175438, 5.075181], [5.1756644, 5.07479], [5.175889, 5.074398], [5.1761093, 5.074003], [5.1763334, 5.0736117], [5.1765633, 5.0732217], [5.1767917, 5.0728326], [5.1770196, 5.0724425], [5.1772504, 5.072053], [5.1774764, 5.0716615], [5.1776986, 5.0712686], [5.1779184, 5.0708737], [5.178146, 5.070483], [5.1783686, 5.0700893], [5.1785917, 5.0696964], [5.178816, 5.0693045], [5.1790376, 5.068911], [5.1792636, 5.068519], [5.17949, 5.068128], [5.1797137, 5.0677357], [5.179943, 5.067346], [5.18017, 5.066955], [5.180397, 5.0665646], [5.180624, 5.0661745], [5.1808553, 5.065786], [5.1810822, 5.065395], [5.1813064, 5.0650024], [5.1815376, 5.064615], [5.181771, 5.0642276], [5.1819944, 5.0638347], [5.182214, 5.0634394], [5.1824336, 5.0630445], [5.1826525, 5.0626493], [5.182872, 5.062255], [5.1830926, 5.06186], [5.1833134, 5.0614657], [5.183531, 5.06107], [5.1837535, 5.0606766], [5.1839724, 5.060281], [5.1841974, 5.059889], [5.1844296, 5.0595016], [5.1846657, 5.0591164], [5.184896, 5.0587277], [5.185119, 5.0583353], [5.185341, 5.0579405], [5.185564, 5.0575476], [5.1857862, 5.057155], [5.186004, 5.0567584], [5.186229, 5.056367], [5.186456, 5.055976], [5.1866803, 5.055584], [5.1869035, 5.05519], [5.1871305, 5.054799], [5.1873603, 5.054411], [5.187587, 5.05402], [5.187812, 5.0536284], [5.1880345, 5.0532346], [5.1882524, 5.0528393], [5.18848, 5.0524483], [5.188717, 5.0520635], [5.188951, 5.051677], [5.189177, 5.051286], [5.1894, 5.0508933], [5.189626, 5.0505013], [5.189843, 5.050105], [5.190072, 5.049716], [5.1902995, 5.049325], [5.1905246, 5.048933], [5.1907506, 5.048542], [5.1909757, 5.04815], [5.1912017, 5.047759], [5.1914268, 5.0473676], [5.1916485, 5.0469728], [5.1918697, 5.046579], [5.192093, 5.0461864], [5.1923175, 5.0457935], [5.1925426, 5.0454016], [5.192771, 5.0450125], [5.193001, 5.0446234], [5.193222, 5.0442286], [5.193445, 5.043836], [5.193666, 5.0434413], [5.193893, 5.0430512], [5.194119, 5.0426598], [5.19434, 5.042266], [5.19456, 5.041871], [5.1947803, 5.0414767], [5.195009, 5.0410867], [5.1952496, 5.040704], [5.1954737, 5.040312], [5.195696, 5.0399184], [5.1959267, 5.03953], [5.1961536, 5.039139], [5.196379, 5.0387483], [5.196608, 5.038358], [5.196828, 5.0379624], [5.1970453, 5.037567], [5.197269, 5.037174], [5.1975, 5.036786], [5.1977215, 5.036392], [5.1979413, 5.035998], [5.1981635, 5.035604], [5.1983914, 5.035214], [5.1986194, 5.034824], [5.1988454, 5.034432], [5.1990666, 5.0340385], [5.1992745, 5.0336366], [5.1994996, 5.0332456], [5.1997247, 5.0328536], [5.1999497, 5.0324616], [5.2001786, 5.0320716], [5.200407, 5.0316815], [5.20063, 5.031289], [5.2008457, 5.030892], [5.201066, 5.030497], [5.201296, 5.030098], [5.2015343, 5.029714], [5.2017746, 5.029331], [5.2020106, 5.028946], [5.2022367, 5.028555], [5.20246, 5.028161], [5.202686, 5.02777], [5.202912, 5.027379], [5.203132, 5.0269847], [5.203351, 5.0265894], [5.203574, 5.0261965], [5.2037973, 5.0258026], [5.204021, 5.02541], [5.2042413, 5.0250154], [5.204469, 5.0246253], [5.204696, 5.0242352], [5.2049255, 5.023845], [5.2051587, 5.023459], [5.2053866, 5.023069], [5.205609, 5.022675], [5.205834, 5.022283], [5.20606, 5.021891], [5.206282, 5.0214987], [5.2065063, 5.021106], [5.206734, 5.0207157], [5.20696, 5.0203247], [5.2071853, 5.0199327], [5.2074065, 5.0195394], [5.2076344, 5.0191483], [5.2078624, 5.0187583], [5.2080917, 5.0183687], [5.208314, 5.0179753], [5.20854, 5.0175843], [5.208764, 5.0171914], [5.208987, 5.016799], [5.2092123, 5.016407], [5.209437, 5.016014], [5.2096634, 5.015624], [5.2098913, 5.015234], [5.2101197, 5.014843], [5.2103457, 5.014452], [5.2105684, 5.014059], [5.210797, 5.013669], [5.2110267, 5.01328], [5.211259, 5.0128927], [5.2114935, 5.012507], [5.211717, 5.0121136], [5.2119403, 5.0117207], [5.21216, 5.0113254], [5.2123814, 5.0109324], [5.2126064, 5.0105405], [5.2128315, 5.0101485], [5.213052, 5.009754], [5.2132688, 5.009358], [5.2134867, 5.008961], [5.2137074, 5.008567], [5.213934, 5.008176], [5.2141647, 5.0077877], [5.214391, 5.0073967], [5.214616, 5.0070047], [5.214837, 5.006611], [5.215053, 5.0062137], [5.215269, 5.0058165], [5.215497, 5.0054264], [5.2157226, 5.0050354], [5.215946, 5.0046415], [5.2161674, 5.004248], [5.2163997, 5.0038605], [5.2166367, 5.003476], [5.216875, 5.0030923], [5.2171082, 5.002703], [5.217338, 5.002314], [5.2175627, 5.001922], [5.2177825, 5.0015273], [5.2180004, 5.001131], [5.218211, 5.000732], [5.2184324, 5.0003376], [5.2186565, 4.9999456], [5.2188845, 4.9995546], [5.219112, 4.9991646], [5.21934, 4.9987745], [5.219567, 4.9983835], [5.2197933, 4.9979925], [5.2200212, 4.9976025], [5.22025, 4.9972124], [5.2204804, 4.9968243], [5.220708, 4.9964333], [5.220932, 4.9960413], [5.22115, 4.9956455], [5.2213707, 4.995251], [5.221594, 4.9948583], [5.221821, 4.9944673], [5.222045, 4.994075], [5.222268, 4.993682], [5.222492, 4.993289], [5.2227154, 4.992896], [5.222936, 4.9925017], [5.2231603, 4.992109], [5.2233863, 4.991718], [5.2236176, 4.9913297], [5.223844, 4.9909387], [5.2240667, 4.9905457], [5.224292, 4.9901543], [5.2245183, 4.9897633], [5.224746, 4.9893723], [5.224975, 4.988983], [5.2252026, 4.988593], [5.2254286, 4.988201], [5.2256536, 4.987809], [5.225876, 4.9874153], [5.226102, 4.9870243], [5.226328, 4.9866333], [5.226554, 4.986242], [5.226779, 4.98585], [5.227001, 4.985457], [5.2272224, 4.9850626], [5.2274446, 4.9846687], [5.2276673, 4.984275], [5.2278924, 4.983883], [5.228119, 4.983493], [5.228347, 4.9831023], [5.228573, 4.9827113], [5.228795, 4.9823184], [5.2290173, 4.9819245], [5.2292423, 4.9815326], [5.2294645, 4.981139], [5.2296925, 4.980749], [5.2299166, 4.980356], [5.2301416, 4.9799643], [5.2303667, 4.9795723], [5.2305927, 4.979182], [5.2308187, 4.97879], [5.231044, 4.978398], [5.231268, 4.978006], [5.231492, 4.977613], [5.231715, 4.9772205], [5.231942, 4.9768295], [5.2321696, 4.9764395], [5.2323976, 4.9760485], [5.23262, 4.9756556], [5.232836, 4.9752584], [5.233049, 4.97486], [5.233267, 4.9744635], [5.2334948, 4.9740734], [5.233727, 4.973686], [5.2339582, 4.973298], [5.2341833, 4.972906], [5.2344055, 4.9725122], [5.234635, 4.972123], [5.2348676, 4.971736], [5.235096, 4.971346], [5.235321, 4.970954], [5.235549, 4.970564], [5.235781, 4.9701767], [5.2360015, 4.969782], [5.2362337, 4.9693937], [5.2364616, 4.9690037], [5.236679, 4.968608], [5.236898, 4.9682126], [5.237118, 4.9678173], [5.23734, 4.9674244], [5.237566, 4.9670324], [5.2377973, 4.9666452], [5.2380285, 4.966256], [5.2382574, 4.9658666], [5.2384815, 4.965474], [5.238709, 4.965084], [5.238934, 4.964692], [5.239162, 4.964301], [5.2393894, 4.963911], [5.239611, 4.963517], [5.2398324, 4.963124], [5.2400537, 4.96273], [5.2402706, 4.9623337], [5.240492, 4.961939], [5.2407155, 4.961546], [5.2409387, 4.9611535], [5.241164, 4.9607625], [5.241393, 4.9603724], [5.24162, 4.9599814], [5.241845, 4.9595895], [5.2420697, 4.9591975], [5.2422957, 4.9588065], [5.242522, 4.9584146], [5.242745, 4.958021], [5.242967, 4.9576283], [5.243192, 4.9572363], [5.2434154, 4.9568434], [5.2436333, 4.956447], [5.2438555, 4.956054], [5.2440825, 4.9556637], [5.2443056, 4.955271], [5.244529, 4.954877], [5.2447586, 4.954488], [5.244988, 4.9540987], [5.24521, 4.953706], [5.245441, 4.9533167], [5.2456765, 4.952931], [5.2459054, 4.952542], [5.24613, 4.9521494], [5.246354, 4.9517574], [5.246578, 4.9513645], [5.246805, 4.9509735], [5.2470365, 4.9505863], [5.2472596, 4.9501934], [5.2474804, 4.9497986], [5.247707, 4.949408], [5.2479377, 4.9490194], [5.248161, 4.948626], [5.248382, 4.948232], [5.2486033, 4.9478383], [5.248823, 4.947443], [5.2490435, 4.9470487], [5.2492704, 4.9466586], [5.2495027, 4.946271], [5.2497315, 4.945881], [5.2499547, 4.945487], [5.250175, 4.9450936], [5.2504, 4.9447017], [5.250625, 4.9443088], [5.2508492, 4.943917], [5.2510715, 4.9435234], [5.2512975, 4.9431324], [5.251525, 4.9427423], [5.2517557, 4.9423532], [5.251988, 4.9419656], [5.252213, 4.941574], [5.252435, 4.94118], [5.2526617, 4.940789], [5.2528877, 4.940398], [5.2531047, 4.940002], [5.2533226, 4.939605], [5.2535486, 4.939214], [5.253774, 4.9388227], [5.253999, 4.9384317], [5.2542243, 4.938039], [5.254444, 4.937644], [5.2546597, 4.937247], [5.2548823, 4.9368544], [5.2551055, 4.9364614], [5.2553368, 4.9360723], [5.255568, 4.9356847], [5.255791, 4.9352922], [5.256007, 4.9348946], [5.2562304, 4.934502], [5.2564535, 4.934109], [5.2566705, 4.933713], [5.2569046, 4.9333153], [5.257143, 4.932932], [5.257376, 4.932545], [5.2576013, 4.9321632], [5.257838, 4.931768], [5.25807, 4.9313803], [5.258288, 4.930984], [5.25851, 4.930591], [5.258738, 4.9302], [5.2589645, 4.92981], [5.2591987, 4.929434], [5.2594275, 4.9290338], [5.2596498, 4.92864], [5.25987, 4.9282455], [5.260093, 4.9278526], [5.260314, 4.927458], [5.2605352, 4.9270644], [5.2607574, 4.9266706], [5.2609825, 4.9262786], [5.2612066, 4.9258866], [5.26143, 4.925494], [5.2616487, 4.9250984], [5.261867, 4.924703], [5.262089, 4.9243083], [5.262309, 4.923914], [5.2625303, 4.92352], [5.2627544, 4.923128], [5.2629824, 4.922737], [5.2632117, 4.922348], [5.263442, 4.92196], [5.263677, 4.9215736], [5.263912, 4.921188], [5.2641377, 4.920797], [5.264364, 4.920405], [5.264594, 4.920017], [5.264821, 4.9196258], [5.265039, 4.9192295], [5.265252, 4.9188313], [5.265477, 4.9184394], [5.2657037, 4.9180484], [5.2659316, 4.9176583], [5.266159, 4.9172673], [5.2663827, 4.9168744], [5.266607, 4.9164824], [5.266835, 4.9160924], [5.2670646, 4.9157033], [5.2672896, 4.9153113], [5.267512, 4.914919], [5.267736, 4.914526], [5.267969, 4.9141383], [5.2681985, 4.913749], [5.2684183, 4.913354], [5.2686443, 4.912963], [5.2688737, 4.912574], [5.269095, 4.91218], [5.269324, 4.91179], [5.269553, 4.911401], [5.2697825, 4.9110117], [5.2700114, 4.9106226], [5.270228, 4.910225], [5.270446, 4.9098296], [5.270671, 4.9094377], [5.2708993, 4.9090476], [5.2711225, 4.9086547], [5.271346, 4.9082623], [5.2715707, 4.9078703], [5.271794, 4.9074774], [5.272017, 4.9070845], [5.272243, 4.9066925], [5.2724643, 4.906299], [5.2726884, 4.905906], [5.272919, 4.905518], [5.273144, 4.905126], [5.2733707, 4.904735], [5.273593, 4.904341], [5.273817, 4.9039497], [5.274045, 4.9035587], [5.2742743, 4.903169], [5.2745004, 4.9027786], [5.2747216, 4.9023848], [5.274944, 4.901991], [5.275167, 4.9015975], [5.275391, 4.9012055], [5.275616, 4.9008136], [5.2758436, 4.9004226], [5.2760687, 4.9000316], [5.2762938, 4.8996396], [5.276518, 4.8992467], [5.2767463, 4.8988566], [5.276976, 4.8984675], [5.2771974, 4.898074], [5.2774224, 4.897682], [5.277648, 4.897291], [5.277876, 4.8969], [5.278096, 4.8965054], [5.278318, 4.896112], [5.278539, 4.895718], [5.2787666, 4.895327], [5.2789936, 4.894937], [5.279221, 4.894547], [5.279448, 4.894156], [5.279666, 4.8937597], [5.279888, 4.893366], [5.2801156, 4.892976], [5.2803445, 4.8925867], [5.2805667, 4.892193], [5.280789, 4.8917994], [5.281016, 4.8914094], [5.281245, 4.8910193], [5.2814717, 4.8906293], [5.2816944, 4.8902354], [5.281918, 4.8898425], [5.282136, 4.889447], [5.28236, 4.8890543], [5.282588, 4.8886642], [5.282811, 4.8882713], [5.2830315, 4.887877], [5.2832537, 4.887483], [5.2834687, 4.887086], [5.2836847, 4.8866887], [5.283922, 4.886305], [5.2841544, 4.885917], [5.2843795, 4.8855257], [5.2846036, 4.885133], [5.2848287, 4.884741], [5.285058, 4.8843517], [5.2852855, 4.8839617], [5.2855124, 4.8835707], [5.2857356, 4.8831778], [5.2859607, 4.882786], [5.2861857, 4.882394], [5.2864113, 4.8820033], [5.286643, 4.8816137], [5.2868776, 4.8812284], [5.287101, 4.8808355], [5.2873287, 4.8804455], [5.287552, 4.8800526], [5.287774, 4.879659], [5.2880006, 4.879268], [5.2882276, 4.878878], [5.288456, 4.878488], [5.288681, 4.878096], [5.2889023, 4.877702], [5.2891183, 4.877305], [5.2893414, 4.876912], [5.2895675, 4.876521], [5.289794, 4.87613], [5.290022, 4.875739], [5.290249, 4.875349], [5.2904744, 4.874957], [5.290696, 4.8745637], [5.2909126, 4.874167], [5.291136, 4.8737745], [5.2913647, 4.8733845], [5.291596, 4.872996], [5.2918234, 4.872606], [5.2920504, 4.872215], [5.292276, 4.871823], [5.292505, 4.8714337], [5.2927322, 4.8710437], [5.292953, 4.8706493], [5.2931767, 4.8702564], [5.2934065, 4.8698673], [5.293634, 4.8694773], [5.293848, 4.86908], [5.294066, 4.8686833], [5.294288, 4.86829], [5.294514, 4.867899], [5.2947445, 4.8675094], [5.2949686, 4.867117], [5.295191, 4.866724], [5.2954173, 4.866333], [5.2956443, 4.865942], [5.2958694, 4.86555], [5.296097, 4.86516], [5.296321, 4.864767], [5.296545, 4.8643756], [5.2967734, 4.8639855], [5.2969975, 4.8635926], [5.2972317, 4.863207], [5.297465, 4.8628197], [5.297686, 4.862425], [5.2979074, 4.8620315], [5.2981334, 4.8616405], [5.2983637, 4.861251], [5.298596, 4.8608637], [5.298819, 4.860471], [5.299043, 4.8600793], [5.2992597, 4.8596826], [5.299483, 4.859289], [5.2997117, 4.858899], [5.299937, 4.858508], [5.300167, 4.8581185], [5.3003955, 4.8577294], [5.300616, 4.857334], [5.300832, 4.8569374], [5.3010497, 4.856542], [5.301277, 4.856151], [5.301506, 4.855762], [5.3017335, 4.855371], [5.301954, 4.854976], [5.3021755, 4.854583], [5.302395, 4.854188], [5.302621, 4.853797], [5.3028464, 4.853405], [5.3030696, 4.8530126], [5.3032975, 4.8526225], [5.3035307, 4.852235], [5.303762, 4.8518467], [5.303984, 4.851454], [5.304208, 4.851061], [5.304432, 4.8506684], [5.304647, 4.850271], [5.304871, 4.8498783], [5.305096, 4.8494864], [5.305321, 4.8490953], [5.3055444, 4.8487015], [5.3057666, 4.848309], [5.305986, 4.8479133], [5.306209, 4.8475204], [5.306435, 4.8471293], [5.30666, 4.846738], [5.3068857, 4.846346], [5.307106, 4.845951], [5.307331, 4.845549], [5.3075604, 4.84516], [5.3077903, 4.844771], [5.3080215, 4.844383], [5.3082438, 4.844], [5.308472, 4.843599], [5.308697, 4.843207], [5.3089256, 4.842818], [5.3091507, 4.842426], [5.3093777, 4.842035], [5.309608, 4.8416457], [5.309831, 4.8412538], [5.3100467, 4.8408566], [5.310269, 4.8404627], [5.310496, 4.8400717], [5.310727, 4.8396835], [5.3109546, 4.8392935], [5.3111753, 4.838899], [5.3113956, 4.8385043], [5.311627, 4.838116], [5.3118553, 4.837727], [5.3120856, 4.8373375], [5.312308, 4.836945], [5.312531, 4.836551], [5.312757, 4.83616], [5.312991, 4.835774], [5.313224, 4.835387], [5.3134446, 4.834992], [5.3136616, 4.834595], [5.313882, 4.834201], [5.314106, 4.833809], [5.3143272, 4.833415], [5.314553, 4.833024], [5.314779, 4.8326325], [5.315004, 4.8322406], [5.315228, 4.8318477], [5.315449, 4.831454], [5.3156805, 4.8310657], [5.3159037, 4.8306727], [5.316126, 4.8302794], [5.31635, 4.8298874], [5.3165765, 4.8294964], [5.3168015, 4.8291044], [5.3170266, 4.8287125], [5.317256, 4.8283234], [5.3174834, 4.8279333], [5.3177104, 4.8275423], [5.3179345, 4.8271494], [5.318152, 4.826754], [5.318375, 4.826361], [5.3186, 4.825969], [5.3188276, 4.825578], [5.3190546, 4.825187], [5.319278, 4.8247943], [5.319502, 4.824403], [5.3197293, 4.8240128], [5.3199553, 4.823621], [5.3201795, 4.823228], [5.320406, 4.822838], [5.32063, 4.822445], [5.320853, 4.822052], [5.3210807, 4.821661], [5.3213086, 4.821271], [5.321534, 4.82088], [5.321752, 4.8204837], [5.3219705, 4.820089], [5.3222, 4.819699], [5.322426, 4.819308], [5.322647, 4.8189144], [5.322872, 4.8185225], [5.323097, 4.8181305], [5.323313, 4.8177333], [5.323528, 4.817336], [5.323753, 4.816944], [5.323978, 4.816552], [5.3242, 4.8161583], [5.3244286, 4.815769], [5.3246617, 4.815381], [5.3248878, 4.81499], [5.325115, 4.8146], [5.325342, 4.814209], [5.325565, 4.813816], [5.32579, 4.813424], [5.326018, 4.813034], [5.3262424, 4.812642], [5.3264694, 4.812251], [5.326698, 4.811861], [5.326921, 4.8114686], [5.3271422, 4.8110747], [5.3273673, 4.810683], [5.3275905, 4.81029], [5.3278146, 4.809897], [5.328041, 4.8095064], [5.328268, 4.8091154], [5.3284945, 4.808725], [5.3287187, 4.8083324], [5.3289437, 4.8079405], [5.3291693, 4.8075495], [5.3293977, 4.8071594], [5.329622, 4.8067665], [5.329847, 4.8063745], [5.330076, 4.8059855], [5.330304, 4.8055954], [5.3305287, 4.8052034], [5.330754, 4.8048115], [5.330975, 4.804417], [5.331199, 4.804025], [5.3314266, 4.803635], [5.3316555, 4.803245], [5.3318768, 4.802851], [5.332096, 4.802456], [5.3323245, 4.8020663], [5.332554, 4.801677], [5.332785, 4.801289], [5.3330083, 4.800896], [5.3332324, 4.800504], [5.3334603, 4.800113], [5.3336897, 4.799724], [5.333919, 4.799335], [5.334144, 4.798943], [5.3343625, 4.7985477], [5.3345785, 4.798151], [5.3348007, 4.7977576], [5.33502, 4.797363], [5.335243, 4.7969694], [5.3354745, 4.796581], [5.335703, 4.7961917], [5.335928, 4.7957997], [5.336151, 4.795407], [5.3363786, 4.7950163], [5.3366055, 4.7946253], [5.3368297, 4.7942333], [5.337055, 4.7938423], [5.3372865, 4.7934537], [5.3375125, 4.793062], [5.337741, 4.7926717], [5.337956, 4.7922745], [5.338179, 4.791882], [5.3384056, 4.7914915], [5.3386307, 4.791099], [5.338854, 4.790706], [5.339086, 4.790319], [5.3393116, 4.789928], [5.3395405, 4.7895374], [5.339766, 4.7891464], [5.3399935, 4.788756], [5.3402205, 4.788365], [5.340447, 4.787974], [5.340669, 4.787581], [5.340884, 4.787184], [5.341112, 4.7867928], [5.3413367, 4.786401], [5.341561, 4.786009], [5.341782, 4.785615], [5.342006, 4.7852225], [5.3422327, 4.7848315], [5.342456, 4.7844386], [5.342679, 4.7840457], [5.342907, 4.7836547], [5.3431354, 4.7832656], [5.3433576, 4.7828717], [5.343576, 4.7824764], [5.3437967, 4.7820816], [5.3440223, 4.7816906], [5.3442483, 4.7812996], [5.34448, 4.7809114], [5.344704, 4.7805195], [5.3449173, 4.7801204], [5.3451314, 4.779723], [5.3453565, 4.779331], [5.3455887, 4.778943], [5.345817, 4.778554], [5.3460364, 4.778158], [5.3462424, 4.777756], [5.346437, 4.7773485], [5.346624, 4.7769365], [5.346801, 4.776521], [5.346962, 4.7760987], [5.3471136, 4.7756734], [5.3472567, 4.7752447], [5.3473973, 4.7748146], [5.347535, 4.774384], [5.3476706, 4.7739525], [5.3477955, 4.773518], [5.3479104, 4.7730813], [5.348025, 4.772643], [5.3481417, 4.7722073], [5.3482647, 4.771772], [5.348395, 4.7713385], [5.348533, 4.770908], [5.348694, 4.7704864], [5.348853, 4.770063], [5.349022, 4.769644], [5.3492017, 4.7692294], [5.3493934, 4.7688193], [5.3495975, 4.768417], [5.349808, 4.768017], [5.3500385, 4.7676287], [5.3502703, 4.76724], [5.3505073, 4.7668557], [5.35075, 4.7664742], [5.3510113, 4.766106], [5.351281, 4.7657437], [5.351556, 4.7653856], [5.351844, 4.7650375], [5.35214, 4.7646966], [5.352437, 4.764356], [5.3527412, 4.764023], [5.3530602, 4.7637033], [5.353376, 4.7633805], [5.353692, 4.763058], [5.3540072, 4.762735], [5.3543224, 4.762412], [5.3546376, 4.762089], [5.35495, 4.7617617], [5.355264, 4.7614374], [5.355554, 4.7611475], [5.355666, 4.7610307], [5.3557487, 4.760944], [5.3557916, 4.760899], [5.355839, 4.760851], [5.3558736, 4.7608175], [5.355889, 4.760803], [5.355907, 4.760794], [5.3559504, 4.760781], [5.355977, 4.7607846], [5.355992, 4.7607965], [5.3560123, 4.7608194], [5.3560553, 4.760867], [5.3561244, 4.7609177], [5.356165, 4.7609115], [5.356195, 4.7608933]]}, "properties": {"admin_area_name": "Nigeria", "fluid": "GAS", "mps_created_time": "Sep 8, 2021 12:13:46 PM", "mps_datasource_tags": "Data derived from Shell World Map, 2019, (https://reports.shell.com/investors-handbook/2019/servicepages/worldmap.php). Last Accessed Jan 2021", "mps_est_elevation_end_m": "-21.0", "mps_est_elevation_start_m": "8.0", "mps_est_length_km": "90.9558711849982", "mps_est_shore_status": "OFFSHORE", "mps_uuid": "06fd15d5-f19a-45e6-8a55-68ce79ebc9d3", "name": "NIGERIA PIPELINE", "status": "OPERATIONAL", "updt": "May 28, 2025 9:01:36 PM"}}, {"type": "Feature", "id": "mps_mapping_pipeline.40a04db3-50a5-4d24-ab42-fddc3a4d105f", "geometry": {"type": "LineString", "coordinates": [[5.614175, 4.8799825], [5.614361, 4.879982], [5.6143575, 4.87807], [5.614526, 4.878066], [5.614601, 4.878065], [5.614688, 4.8780646], [5.61474, 4.878065], [5.614839, 4.878067], [5.6149974, 4.8780713], [5.6150784, 4.8780737], [5.61521, 4.8780785], [5.6152754, 4.87808], [5.6155334, 4.8780828], [5.6155834, 4.878084], [5.6156497, 4.8780856], [5.615683, 4.878086], [5.615733, 4.878086], [5.615758, 4.8780856], [5.615831, 4.8780828], [5.615927, 4.878078], [5.6159744, 4.8780766], [5.615998, 4.8780766], [5.6160445, 4.8780766], [5.616141, 4.8780785], [5.616193, 4.8780785], [5.616242, 4.878078], [5.6162667, 4.8780785], [5.616291, 4.878079], [5.616303, 4.87808], [5.616326, 4.8780823], [5.616337, 4.878084], [5.616353, 4.8780875], [5.616366, 4.8780913], [5.616372, 4.8780937], [5.616381, 4.8780975], [5.616393, 4.8781047], [5.6164007, 4.87811], [5.616404, 4.878113], [5.6164083, 4.8781176], [5.616412, 4.878122], [5.616419, 4.878132], [5.616424, 4.878143], [5.616427, 4.8781505], [5.6164284, 4.878156], [5.616431, 4.878167], [5.616433, 4.878181], [5.616434, 4.8781905], [5.616435, 4.87821], [5.6164355, 4.8782206], [5.6164346, 4.878242], [5.6164336, 4.8782635], [5.61643, 4.8783083], [5.616439, 4.878403], [5.616443, 4.878451], [5.616449, 4.878522], [5.616453, 4.8785973], [5.6164575, 4.8786974], [5.61646, 4.8787475], [5.6164646, 4.8788257], [5.616472, 4.8789296], [5.616475, 4.878982], [5.616479, 4.8790517], [5.616485, 4.879191], [5.616488, 4.87927], [5.6164923, 4.879428], [5.6164975, 4.8795867], [5.6165004, 4.8796663], [5.6165085, 4.8798704], [5.6165123, 4.879996], [5.6165147, 4.8800583], [5.616519, 4.8801217], [5.6165214, 4.8801537], [5.616525, 4.88019], [5.6165276, 4.880208], [5.616532, 4.880235], [5.616537, 4.880262], [5.61654, 4.880275], [5.6165476, 4.8803034], [5.6165524, 4.8803177], [5.6165605, 4.880338], [5.6165695, 4.880358], [5.6165743, 4.8803678], [5.616586, 4.880388], [5.616595, 4.8804007], [5.6166134, 4.8804255], [5.6166334, 4.88045], [5.6166754, 4.8804975], [5.616696, 4.880522], [5.616706, 4.880534], [5.6167197, 4.880553], [5.616729, 4.8805656], [5.616746, 4.8805914], [5.6167703, 4.880631], [5.6168017, 4.880685], [5.616818, 4.880711], [5.6168323, 4.8807344], [5.6168623, 4.88078], [5.6169558, 4.8809156], [5.6169977, 4.880978], [5.6170793, 4.881105], [5.617121, 4.881168], [5.6171494, 4.88121], [5.617206, 4.8812933], [5.617286, 4.881408], [5.617326, 4.881466], [5.6173725, 4.881536], [5.617434, 4.88163], [5.617465, 4.881677], [5.6175027, 4.8817334], [5.617579, 4.881845], [5.6176586, 4.881962], [5.617698, 4.88202], [5.6178107, 4.88219], [5.617854, 4.8822536], [5.617883, 4.882296], [5.6179423, 4.88238], [5.618062, 4.8825474], [5.6181207, 4.882632], [5.618179, 4.8827167], [5.618207, 4.8827596], [5.6182504, 4.882827], [5.6183085, 4.8829165], [5.6183376, 4.882961], [5.618376, 4.883016], [5.618427, 4.883089], [5.618452, 4.8831253], [5.6184955, 4.8831906], [5.6185527, 4.8832774], [5.618582, 4.8833203], [5.6186237, 4.88338], [5.61868, 4.8834586], [5.618708, 4.8834977], [5.6187534, 4.8835626], [5.618783, 4.8836064], [5.618842, 4.8836937], [5.6189256, 4.883818], [5.6189675, 4.88388], [5.6190925, 4.8840613], [5.6192155, 4.884246], [5.6192565, 4.8843055], [5.619338, 4.884424], [5.6194224, 4.8845468], [5.619464, 4.884608], [5.619505, 4.8846707], [5.619587, 4.884796], [5.6196713, 4.8849235], [5.6197143, 4.884987], [5.6197553, 4.885047], [5.6198387, 4.885166], [5.619885, 4.8852315], [5.619947, 4.8853183], [5.6199775, 4.885362], [5.6200175, 4.88542], [5.6200705, 4.8854966], [5.6200976, 4.885535], [5.6201406, 4.885595], [5.6201982, 4.885674], [5.6202273, 4.8857136], [5.620289, 4.8858], [5.620319, 4.8858433], [5.6203623, 4.8859096], [5.6204014, 4.8859715], [5.620453, 4.8860555], [5.620479, 4.886097], [5.620509, 4.886143], [5.6205297, 4.8861737], [5.620571, 4.886234], [5.620606, 4.8862834], [5.6206765, 4.88638], [5.620771, 4.886508], [5.6208177, 4.8865724], [5.6208673, 4.8866425], [5.6209, 4.886689], [5.620965, 4.8867836], [5.6210423, 4.8868966], [5.6210804, 4.886954], [5.621137, 4.887039], [5.6212215, 4.8871684], [5.6212974, 4.887285], [5.6213365, 4.8873434], [5.621437, 4.887478], [5.621486, 4.8875456], [5.6215296, 4.887607], [5.621558, 4.8876486], [5.621614, 4.887732], [5.6216507, 4.8877892], [5.621724, 4.887904], [5.621769, 4.887973], [5.621859, 4.88811], [5.6219625, 4.888266], [5.622087, 4.888456], [5.622131, 4.888522], [5.62222, 4.8886533], [5.6223383, 4.8888283], [5.622425, 4.8889585], [5.622469, 4.889024], [5.622514, 4.889089], [5.6226053, 4.8892198], [5.622686, 4.8893366], [5.6227393, 4.8894153], [5.622845, 4.8895726], [5.6228895, 4.8896394], [5.6229773, 4.889773], [5.6230607, 4.8899007], [5.623103, 4.889964], [5.623145, 4.8900266], [5.623231, 4.8901505], [5.6233125, 4.8902717], [5.623353, 4.8903327], [5.6234794, 4.8905263], [5.6235366, 4.8906126], [5.6235657, 4.890655], [5.6236095, 4.890719], [5.623671, 4.8908057], [5.623701, 4.8908496], [5.6237426, 4.8909135], [5.623797, 4.890999], [5.623825, 4.891041], [5.6238403, 4.8910627], [5.6238723, 4.8911057], [5.6239367, 4.891191], [5.6239686, 4.891234], [5.6240067, 4.8912883], [5.6240816, 4.891399], [5.6241436, 4.8914905], [5.6241746, 4.8915367], [5.6242046, 4.891583], [5.6242194, 4.8916063], [5.624257, 4.891668], [5.6243057, 4.8917503], [5.6243305, 4.8917913], [5.6243677, 4.891852], [5.624444, 4.8919716], [5.6245275, 4.892102], [5.62457, 4.892166], [5.6246214, 4.892242], [5.624656, 4.892292], [5.6247277, 4.892391], [5.6247764, 4.8924575], [5.624801, 4.8924904], [5.6248384, 4.8925395], [5.6249332, 4.8926606], [5.624964, 4.8927016], [5.624979, 4.8927226], [5.6249933, 4.892743], [5.6250215, 4.892785], [5.625077, 4.89287], [5.6251044, 4.8929124], [5.6251197, 4.8929343], [5.6251497, 4.8929777], [5.6251807, 4.8930206], [5.6252437, 4.893106], [5.6253004, 4.893183], [5.6253285, 4.893222], [5.62537, 4.8932805], [5.6254787, 4.8934407], [5.6255107, 4.893487], [5.6255794, 4.8935866], [5.625613, 4.8936367], [5.625663, 4.8937125], [5.6257877, 4.893912], [5.6258283, 4.8939743], [5.625883, 4.8940573], [5.6259103, 4.894099], [5.6260247, 4.894276], [5.626145, 4.8944597], [5.6262693, 4.894654], [5.6264014, 4.894857], [5.6264606, 4.8949494], [5.6264906, 4.894995], [5.6265335, 4.895059], [5.6265554, 4.89509], [5.6265893, 4.895137], [5.626624, 4.8951826], [5.626642, 4.895205], [5.626647, 4.895211]]}, "properties": {"admin_area_name": "Nigeria", "fluid": "GAS", "mps_created_time": "Sep 8, 2021 12:13:28 PM", "mps_datasource_tags": "Data derived from Shell World Map, 2019, (https://reports.shell.com/investors-handbook/2019/servicepages/worldmap.php). Last Accessed Jan 2021", "mps_est_elevation_end_m": "4.0", "mps_est_elevation_start_m": "4.0", "mps_est_length_km": "2.6974514717229", "mps_est_shore_status": "ONSHORE", "mps_uuid": "40a04db3-50a5-4d24-ab42-fddc3a4d105f", "name": "NIGERIA PIPELINE", "status": "OPERATIONAL", "updt": "May 28, 2025 9:01:28 PM"}}, {"type": "Feature", "id": "mps_mapping_pipeline.2b0008bc-5631-48cf-9f55-6d02a0bbdd61", "geometry": {"type": "LineString", "coordinates": [[5.3563647, 4.760774], [5.356385, 4.7607584], [5.35639, 4.760711], [5.356371, 4.7606635], [5.356359, 4.760552], [5.3563466, 4.7604356], [5.356341, 4.7603865], [5.356342, 4.7603483], [5.356354, 4.760306], [5.3563633, 4.760274], [5.3563733, 4.760255], [5.356389, 4.7602334], [5.35663, 4.7598953], [5.3569217, 4.7595506], [5.3572116, 4.759205], [5.3575068, 4.7588625], [5.357804, 4.758522], [5.358106, 4.7581873], [5.358427, 4.7578683], [5.358752, 4.757554], [5.35908, 4.757241], [5.359393, 4.7569156], [5.3596945, 4.756579], [5.3599925, 4.7562404], [5.3602753, 4.755888], [5.360555, 4.755534], [5.360827, 4.7551737], [5.3610735, 4.7547956], [5.361321, 4.754418], [5.3615656, 4.754039], [5.3617945, 4.75365], [5.362019, 4.753259], [5.362236, 4.752863], [5.362435, 4.7524576], [5.3626237, 4.7520475], [5.3628078, 4.751636], [5.362983, 4.7512207], [5.363143, 4.7507977], [5.3633094, 4.750377], [5.363475, 4.7499566], [5.3636384, 4.7495356], [5.3637953, 4.749111], [5.3639483, 4.748686], [5.3641, 4.74826], [5.3642554, 4.7478356], [5.364419, 4.7474146], [5.3645916, 4.746996], [5.3647532, 4.746574], [5.3649144, 4.7461514], [5.365073, 4.745729], [5.3652315, 4.7453055], [5.3653884, 4.744881], [5.365545, 4.744457], [5.365701, 4.7440333], [5.3658657, 4.743612], [5.366024, 4.743188], [5.366183, 4.7427654], [5.3663454, 4.742343], [5.3665047, 4.7419205], [5.3666563, 4.741494], [5.3668127, 4.7410707], [5.366972, 4.7406473], [5.36713, 4.740224], [5.3672853, 4.7397995], [5.3674445, 4.739376], [5.367607, 4.738954], [5.367769, 4.7385325], [5.367928, 4.738109], [5.3680906, 4.7376876], [5.368248, 4.737263], [5.3683996, 4.736838], [5.368558, 4.7364144], [5.3687286, 4.7359953], [5.3688984, 4.7355766], [5.3690557, 4.735153], [5.369204, 4.734725], [5.3693557, 4.7342997], [5.3695154, 4.733877], [5.369678, 4.7334557], [5.3698363, 4.7330313], [5.370001, 4.73261], [5.3701706, 4.7321916], [5.370332, 4.7317686], [5.3704796, 4.731342], [5.37063, 4.7309146], [5.370785, 4.73049], [5.370944, 4.7300677], [5.3711042, 4.7296453], [5.371266, 4.729223], [5.3714266, 4.7288], [5.3715887, 4.7283783], [5.3717484, 4.727955], [5.371904, 4.7275305], [5.3720555, 4.727105], [5.3722095, 4.72668], [5.372372, 4.7262583], [5.372531, 4.725835], [5.3726892, 4.7254114], [5.3728456, 4.724987], [5.3730035, 4.7245636], [5.373168, 4.7241426], [5.3733306, 4.723721], [5.37349, 4.7232976], [5.3736444, 4.722873], [5.373797, 4.722448], [5.3739524, 4.7220225], [5.374108, 4.721598], [5.3742676, 4.7211757], [5.3744297, 4.720753], [5.3745904, 4.7203317], [5.37475, 4.719908], [5.3749094, 4.7194853], [5.3750668, 4.719061], [5.375222, 4.7186365], [5.375377, 4.7182126], [5.3755326, 4.717788], [5.375687, 4.717363], [5.375842, 4.7169385], [5.3760056, 4.7165165], [5.3761683, 4.716095], [5.37632, 4.7156696], [5.3764763, 4.7152452], [5.376636, 4.714822], [5.3767986, 4.7144003], [5.37696, 4.713978], [5.3771195, 4.713555], [5.377283, 4.7131333], [5.3774486, 4.712713], [5.3776145, 4.7122927], [5.37778, 4.711872], [5.377929, 4.711445], [5.37808, 4.7110186], [5.378233, 4.7105937], [5.378397, 4.7101717], [5.378559, 4.70975], [5.378718, 4.7093267], [5.3788753, 4.7089033], [5.379029, 4.708478], [5.379185, 4.7080536], [5.379346, 4.707632], [5.379506, 4.7072086], [5.379662, 4.7067842], [5.379817, 4.70636], [5.379974, 4.7059364], [5.380134, 4.7055125], [5.380298, 4.705092], [5.380461, 4.7046704], [5.380622, 4.704248], [5.3807807, 4.703824], [5.380938, 4.7034006], [5.3810935, 4.702976], [5.381247, 4.7025514], [5.3814025, 4.702127], [5.381561, 4.701703], [5.3817177, 4.701279], [5.381875, 4.7008553], [5.3820333, 4.700432], [5.382191, 4.7000084], [5.3823504, 4.699586], [5.38251, 4.6991625], [5.3826666, 4.698739], [5.382823, 4.6983147], [5.3829837, 4.697892], [5.3831453, 4.6974697], [5.3833027, 4.697046], [5.383456, 4.696621], [5.38362, 4.696199], [5.3837824, 4.6957774], [5.3839445, 4.695356], [5.3841023, 4.6949325], [5.3842607, 4.694509], [5.3844204, 4.694086], [5.3845806, 4.6936626], [5.3847404, 4.69324], [5.384901, 4.6928177], [5.3850536, 4.6923923], [5.385209, 4.691968], [5.3853683, 4.6915445], [5.385533, 4.691124], [5.3856974, 4.690702], [5.385857, 4.6902795], [5.386016, 4.689856], [5.386175, 4.6894336], [5.3863335, 4.68901], [5.3864903, 4.6885858], [5.3866477, 4.6881623], [5.386804, 4.687738], [5.386962, 4.6873145], [5.387122, 4.6868916], [5.3872795, 4.686468], [5.3874354, 4.6860437], [5.38759, 4.6856194], [5.3877463, 4.685195], [5.387907, 4.6847725], [5.3880672, 4.68435], [5.3882236, 4.6839256], [5.388379, 4.6835012], [5.3885345, 4.683077], [5.3886895, 4.6826515], [5.388847, 4.682228], [5.3890033, 4.6818047], [5.3891597, 4.6813803], [5.389324, 4.6809587], [5.389491, 4.6805387], [5.3896527, 4.680117], [5.389812, 4.6796937], [5.3899665, 4.6792684], [5.390122, 4.678844], [5.3902855, 4.6784234], [5.390446, 4.6780005], [5.3906016, 4.677576], [5.390759, 4.6771517], [5.390915, 4.6767282], [5.391075, 4.676305], [5.3912287, 4.6758795], [5.391371, 4.675451], [5.3915367, 4.67503], [5.391703, 4.674609], [5.3918676, 4.6741886], [5.392031, 4.6737666], [5.39219, 4.673344], [5.3923483, 4.6729207], [5.392508, 4.6724973], [5.3926687, 4.672075], [5.392828, 4.6716523], [5.3929834, 4.671228], [5.3931413, 4.6708045], [5.3933024, 4.670382], [5.3934584, 4.669957], [5.3936195, 4.6695347], [5.3937855, 4.669115], [5.393952, 4.668694], [5.3941145, 4.6682725], [5.394276, 4.66785], [5.394428, 4.6674247], [5.39458, 4.6669984], [5.3947353, 4.666574], [5.3948913, 4.6661496], [5.3950486, 4.665726], [5.395206, 4.665302], [5.3953633, 4.6648784], [5.395522, 4.664455], [5.3956814, 4.6640325], [5.3958383, 4.663608], [5.3959947, 4.6631846], [5.396152, 4.6627603], [5.39631, 4.662337], [5.396471, 4.661915], [5.3966336, 4.6614923], [5.3967943, 4.66107], [5.396948, 4.6606445], [5.3971024, 4.66022], [5.397261, 4.6597967], [5.3974195, 4.659374], [5.397582, 4.6589518], [5.3977427, 4.6585298], [5.397903, 4.6581063], [5.3980618, 4.657684], [5.3982162, 4.6572585], [5.3983707, 4.656834], [5.39853, 4.6564107], [5.398686, 4.6559863], [5.3988404, 4.655562], [5.398997, 4.6551375], [5.399154, 4.654714], [5.3993125, 4.6542907], [5.3994775, 4.65387], [5.399639, 4.6534476], [5.3998003, 4.6530247], [5.399962, 4.652603], [5.4001245, 4.6521816], [5.400281, 4.6517572], [5.4004364, 4.651333], [5.400591, 4.6509075], [5.400748, 4.650484], [5.400908, 4.6500616], [5.401066, 4.649637], [5.401223, 4.649214], [5.401382, 4.6487904], [5.4015403, 4.6483674], [5.401698, 4.647944], [5.4018564, 4.6475205], [5.4020147, 4.647097], [5.4021726, 4.6466737], [5.402334, 4.646251], [5.402497, 4.645829], [5.4026523, 4.6454053], [5.402816, 4.6449833], [5.4029803, 4.6445627], [5.403144, 4.644141], [5.4033036, 4.6437182], [5.403463, 4.643295], [5.4036245, 4.6428733], [5.4037743, 4.642446], [5.4039283, 4.6420207], [5.404083, 4.6415963], [5.4042373, 4.6411715], [5.4044003, 4.6407495], [5.4045606, 4.640327], [5.4047203, 4.6399045], [5.4048796, 4.639482], [5.4050393, 4.6390586], [5.405198, 4.6386356], [5.4053593, 4.638213], [5.405516, 4.637789], [5.4056706, 4.6373644], [5.4058237, 4.636939], [5.405987, 4.6365175], [5.406148, 4.636095], [5.406305, 4.6356707], [5.406462, 4.635247], [5.406622, 4.6348248], [5.406784, 4.634402], [5.406943, 4.6339793], [5.4071026, 4.633557], [5.407263, 4.6331344], [5.4074206, 4.63271], [5.4075727, 4.6322846], [5.4077234, 4.6318583], [5.407885, 4.631436], [5.408046, 4.6310134], [5.408201, 4.630589], [5.4083605, 4.6301656], [5.408523, 4.6297445], [5.4086866, 4.629323], [5.408839, 4.6288967], [5.4089875, 4.62847], [5.40914, 4.6280446], [5.409299, 4.627621], [5.4094653, 4.627201], [5.40963, 4.6267805], [5.4097877, 4.626357], [5.409947, 4.6259336], [5.4101067, 4.6255107], [5.4102664, 4.625088], [5.4104257, 4.624665], [5.410583, 4.6242404], [5.41074, 4.623817], [5.410899, 4.6233935], [5.411059, 4.622971], [5.4112153, 4.6225467], [5.411372, 4.6221232], [5.4115252, 4.621698], [5.411678, 4.6212716], [5.4118304, 4.6208463], [5.4119897, 4.620423], [5.4121485, 4.6200004], [5.412309, 4.619578], [5.4124737, 4.619157], [5.412638, 4.6187353], [5.412797, 4.618313], [5.4129553, 4.6178894], [5.413113, 4.617466], [5.4132733, 4.6170435], [5.413433, 4.6166196], [5.413594, 4.616197], [5.4137545, 4.6157756], [5.4139166, 4.615353], [5.4140754, 4.6149297], [5.414227, 4.6145043], [5.4143834, 4.61408], [5.414541, 4.6136565], [5.4146986, 4.613232], [5.414856, 4.6128087], [5.4150157, 4.6123857], [5.4151773, 4.6119633], [5.4153376, 4.611541], [5.4154944, 4.6111174], [5.415651, 4.610693], [5.4158115, 4.6102705], [5.4159727, 4.609849], [5.4161325, 4.609425], [5.416291, 4.6090026], [5.4164495, 4.608579], [5.4166074, 4.6081557], [5.4167695, 4.6077332], [5.416932, 4.6073117], [5.417092, 4.606889], [5.4172473, 4.6064644], [5.417404, 4.6060405], [5.4175625, 4.6056166], [5.417721, 4.605193], [5.4178777, 4.6047697], [5.418036, 4.6043463], [5.418201, 4.6039257], [5.4183664, 4.6035047], [5.418522, 4.6030803], [5.4186754, 4.602655], [5.4188337, 4.6022315], [5.4189916, 4.601808], [5.4191513, 4.6013846], [5.4193125, 4.600962], [5.419473, 4.6005406], [5.419641, 4.6001205], [5.4198074, 4.599701], [5.419971, 4.599279], [5.4201345, 4.5988574], [5.4202986, 4.598437], [5.420465, 4.598016], [5.420633, 4.597596], [5.4207983, 4.597175], [5.420965, 4.5967555], [5.4211345, 4.5963364], [5.4213033, 4.595917], [5.421471, 4.5954976], [5.421643, 4.5950794], [5.4218154, 4.5946617], [5.4219894, 4.5942445], [5.422164, 4.593828], [5.4223366, 4.59341], [5.4225082, 4.592992], [5.4226804, 4.5925736], [5.422855, 4.592157], [5.42303, 4.5917406], [5.4232073, 4.5913243], [5.423387, 4.5909095], [5.423566, 4.590494], [5.4237437, 4.590079], [5.4239197, 4.5896626], [5.4240994, 4.589248], [5.4242854, 4.5888357], [5.424468, 4.5884223], [5.42465, 4.5880084], [5.424834, 4.587596], [5.4250207, 4.587184], [5.4252067, 4.5867724], [5.4253902, 4.586359], [5.4255724, 4.585945], [5.425756, 4.5855327], [5.425942, 4.5851207], [5.426129, 4.584709], [5.426321, 4.5843], [5.426515, 4.583892], [5.4267087, 4.5834837], [5.4268966, 4.583072], [5.4270806, 4.5826592], [5.4272676, 4.5822477], [5.4274573, 4.5818377], [5.4276495, 4.5814285], [5.4278502, 4.581023], [5.4280524, 4.58062], [5.4282446, 4.5802107], [5.4284396, 4.5798025], [5.4286394, 4.5793967], [5.4288397, 4.5789924], [5.4290404, 4.578587], [5.4292417, 4.578182], [5.429444, 4.577778], [5.429647, 4.5773745], [5.429846, 4.5769687], [5.430044, 4.5765624], [5.430244, 4.576157], [5.4304433, 4.575752], [5.430647, 4.575348], [5.4308524, 4.5749454], [5.4310555, 4.5745416], [5.4312606, 4.5741396], [5.431471, 4.57374], [5.431677, 4.573337], [5.431882, 4.572934], [5.432092, 4.572534], [5.432302, 4.572134], [5.4325085, 4.5717325], [5.4327207, 4.5713334], [5.432934, 4.5709352], [5.433148, 4.570537], [5.433359, 4.570137], [5.433566, 4.569736], [5.4337754, 4.569335], [5.433993, 4.5689387], [5.434214, 4.568545], [5.43443, 4.5681477], [5.4346457, 4.5677505], [5.4348598, 4.567353], [5.435078, 4.5669575], [5.4352965, 4.5665617], [5.4355145, 4.5661654], [5.435733, 4.56577], [5.435955, 4.5653763], [5.4361753, 4.5649824], [5.4363956, 4.564588], [5.436617, 4.5641932], [5.4368415, 4.5638013], [5.43707, 4.563411], [5.4372964, 4.56302], [5.4375196, 4.5626273], [5.4377446, 4.5622354], [5.4379745, 4.561847], [5.438203, 4.561457], [5.43843, 4.561066], [5.438659, 4.560677], [5.43889, 4.560289], [5.4391203, 4.5599003], [5.4393487, 4.55951], [5.439575, 4.559119], [5.4398046, 4.55873], [5.440035, 4.558341], [5.440266, 4.5579524], [5.440497, 4.5575643], [5.440733, 4.5571785], [5.440972, 4.5567956], [5.441212, 4.556413], [5.4414515, 4.5560303], [5.441689, 4.5556455], [5.4419246, 4.5552607], [5.442158, 4.5548735], [5.4423947, 4.5544887], [5.442634, 4.5541058], [5.4428716, 4.553721], [5.443107, 4.5533357], [5.4433427, 4.55295], [5.443582, 4.552567], [5.4438295, 4.552189], [5.4440765, 4.551811], [5.444323, 4.551432], [5.4445605, 4.5510473], [5.444799, 4.5506635], [5.4450436, 4.5502844], [5.4452944, 4.5499086], [5.445545, 4.549533], [5.445791, 4.5491533], [5.4460363, 4.5487742], [5.446282, 4.548395], [5.4465322, 4.5480185], [5.446782, 4.5476427], [5.4470315, 4.5472655], [5.4472814, 4.54689], [5.447535, 4.546515], [5.4477916, 4.546143], [5.4480453, 4.5457697], [5.448299, 4.5453963], [5.4485517, 4.5450215], [5.4488044, 4.544647], [5.449059, 4.5442734], [5.449313, 4.5439014], [5.4495697, 4.5435286], [5.4498262, 4.5431576], [5.4500823, 4.5427856], [5.450338, 4.542413], [5.4505925, 4.5420394], [5.450847, 4.5416665], [5.451102, 4.5412936], [5.4513564, 4.54092], [5.45161, 4.540547], [5.451864, 4.540173], [5.452119, 4.5398], [5.4523745, 4.5394278], [5.452631, 4.539056], [5.452886, 4.538683], [5.4531374, 4.538308], [5.453389, 4.5379324], [5.453642, 4.5375586], [5.4538965, 4.5371847], [5.454151, 4.536812], [5.454401, 4.536435], [5.4546494, 4.536059], [5.4549093, 4.5356894], [5.455169, 4.53532], [5.455428, 4.53495], [5.4556856, 4.534578], [5.4559383, 4.534204], [5.456189, 4.5338283], [5.456441, 4.5334535], [5.4566965, 4.5330806], [5.45695, 4.5327067], [5.457201, 4.532331], [5.4574585, 4.53196], [5.4577193, 4.5315914], [5.457972, 4.5312166], [5.4582257, 4.530843], [5.4584813, 4.530471], [5.4587383, 4.5300994], [5.458996, 4.5297284], [5.4592485, 4.5293536], [5.4595075, 4.5289836], [5.459764, 4.528611], [5.4600177, 4.5282383], [5.460272, 4.5278645], [5.4605255, 4.5274906], [5.46078, 4.5271177], [5.4610367, 4.526746], [5.4612913, 4.526373], [5.461546, 4.526], [5.4617977, 4.5256243], [5.462052, 4.5252514], [5.4623084, 4.52488], [5.462565, 4.524508], [5.46282, 4.524135], [5.4630785, 4.5237646], [5.4633384, 4.5233955], [5.4635983, 4.523026], [5.4638467, 4.522649], [5.464094, 4.52227], [5.464354, 4.521901], [5.464613, 4.5215306], [5.4648666, 4.521157], [5.4651213, 4.520784], [5.4653773, 4.520412], [5.465631, 4.520038], [5.465883, 4.5196633], [5.4661374, 4.5192904], [5.466393, 4.518917], [5.466644, 4.518542], [5.4668984, 4.5181684], [5.467155, 4.5177965], [5.467411, 4.5174255], [5.4676647, 4.5170517], [5.4679203, 4.516679], [5.46818, 4.5163093], [5.468438, 4.5159383], [5.468693, 4.5155654], [5.4689474, 4.515192], [5.469199, 4.514817], [5.46945, 4.514442], [5.4696994, 4.5140643], [5.4699574, 4.5136943], [5.470216, 4.513323], [5.470474, 4.5129538], [5.4707336, 4.5125833], [5.4709864, 4.5122085], [5.4712377, 4.5118327], [5.4714875, 4.5114574], [5.471741, 4.5110836], [5.471995, 4.51071], [5.4722476, 4.510336], [5.472502, 4.5099616], [5.4727564, 4.5095887], [5.473012, 4.509217], [5.4732676, 4.508844], [5.473523, 4.508472], [5.473775, 4.508097], [5.474031, 4.5077243], [5.4742904, 4.5073547], [5.4745502, 4.5069847], [5.474808, 4.506615], [5.475066, 4.506244], [5.4753146, 4.5058665], [5.4755673, 4.5054917], [5.475823, 4.50512], [5.4760766, 4.504746], [5.4763308, 4.504372], [5.4765873, 4.5040007], [5.476843, 4.503628], [5.4770966, 4.503255], [5.4773517, 4.502882], [5.477609, 4.502511], [5.47786, 4.5021353], [5.4781165, 4.5017633], [5.4783735, 4.501392], [5.478627, 4.501018], [5.478882, 4.500645], [5.4791374, 4.5002723], [5.4793935, 4.4999003], [5.47965, 4.499529], [5.479905, 4.499156], [5.480159, 4.498782], [5.4804125, 4.4984083], [5.480671, 4.498038], [5.480929, 4.497668], [5.4811826, 4.497294], [5.481437, 4.49692], [5.4816914, 4.496547], [5.481947, 4.4961753], [5.4821987, 4.4958005], [5.4824505, 4.4954247], [5.482704, 4.495051], [5.4829607, 4.4946795], [5.4832177, 4.4943075], [5.4834723, 4.4939346], [5.483726, 4.493561], [5.4839816, 4.493189], [5.4842377, 4.4928164], [5.484494, 4.4924445], [5.484746, 4.4920697], [5.4849987, 4.491695], [5.4852505, 4.49132], [5.485503, 4.4909453], [5.485756, 4.4905715], [5.4860177, 4.4902034], [5.4862747, 4.489832], [5.486526, 4.4894567], [5.486777, 4.489081], [5.4870315, 4.488708], [5.487285, 4.488334], [5.487536, 4.4879584], [5.487793, 4.487587], [5.4880514, 4.487216], [5.4883075, 4.486845], [5.48856, 4.48647], [5.488814, 4.4860964], [5.489072, 4.485726], [5.4893312, 4.485355], [5.4895854, 4.484983], [5.48984, 4.4846087], [5.4900956, 4.4842367], [5.4903526, 4.4838657], [5.490609, 4.483494], [5.490865, 4.4831214], [5.49112, 4.4827485], [5.4913754, 4.4823756], [5.4916315, 4.4820037], [5.491884, 4.48163], [5.492137, 4.481256], [5.4923944, 4.4808846], [5.49265, 4.4805117], [5.492904, 4.480139], [5.493159, 4.479765], [5.4934125, 4.479392], [5.493666, 4.4790173], [5.493922, 4.4786453], [5.4941807, 4.478275], [5.4944277, 4.4778967], [5.494678, 4.477521], [5.4949307, 4.477146], [5.4951844, 4.4767723], [5.495437, 4.4763985], [5.4956903, 4.4760246], [5.495944, 4.475651], [5.4961987, 4.475278], [5.4964542, 4.4749045], [5.4967103, 4.4745326], [5.496968, 4.4741626], [5.4972258, 4.473791], [5.4974837, 4.473421], [5.497741, 4.473049], [5.4979973, 4.4726768], [5.498244, 4.4722986], [5.4984903, 4.47192], [5.4987483, 4.471549], [5.499007, 4.4711785], [5.4992647, 4.4708076], [5.4995184, 4.4704347], [5.4997725, 4.470061], [5.500025, 4.469686], [5.50028, 4.469313], [5.5005383, 4.4689426], [5.5007987, 4.4685736], [5.5010605, 4.468206], [5.501314, 4.467832], [5.501569, 4.467459], [5.5018225, 4.4670854], [5.502076, 4.4667115], [5.502331, 4.4663386], [5.502588, 4.465967], [5.502846, 4.465596], [5.5031004, 4.4652233], [5.503355, 4.46485], [5.503604, 4.4644737], [5.5038524, 4.464096], [5.5041065, 4.463723], [5.504363, 4.4633512], [5.504615, 4.4629755], [5.5048656, 4.4625998], [5.505122, 4.462228], [5.50538, 4.4618573], [5.5056357, 4.4614854], [5.5058885, 4.4611106], [5.5061445, 4.4607387], [5.506402, 4.460367], [5.506658, 4.4599953], [5.5069146, 4.4596233], [5.5071673, 4.4592495], [5.507421, 4.4588757], [5.50768, 4.458505], [5.507936, 4.458133], [5.5081916, 4.4577613], [5.5084476, 4.4573894], [5.508705, 4.457018], [5.508962, 4.456647], [5.5092187, 4.456274], [5.5094724, 4.455901], [5.5097284, 4.4555287], [5.5099883, 4.4551597], [5.510247, 4.454789], [5.5105066, 4.454419], [5.5107627, 4.4540467], [5.5110154, 4.453673], [5.511265, 4.4532957], [5.51151, 4.452916], [5.5117607, 4.4525414], [5.5120173, 4.4521694], [5.512272, 4.4517965], [5.512526, 4.4514227], [5.5127783, 4.451048], [5.513029, 4.450672], [5.513279, 4.4502964], [5.5135345, 4.4499235], [5.5137935, 4.4495544], [5.514047, 4.4491796], [5.514296, 4.448803], [5.514548, 4.448428], [5.5148015, 4.4480543], [5.5150595, 4.4476833], [5.5153193, 4.447314], [5.515581, 4.446946], [5.515832, 4.4465694], [5.5160804, 4.446193], [5.516332, 4.4458175], [5.516589, 4.445447], [5.5168476, 4.445076], [5.517102, 4.444703], [5.5173554, 4.4443293], [5.51761, 4.4439564], [5.517865, 4.4435835], [5.518119, 4.443209], [5.5183716, 4.442835], [5.518626, 4.4424615], [5.518883, 4.4420905], [5.519139, 4.4417186], [5.5193934, 4.4413457], [5.5196514, 4.440974], [5.5199084, 4.4406033], [5.520167, 4.4402328], [5.520426, 4.439862], [5.520682, 4.439491], [5.5209394, 4.4391184], [5.521191, 4.4387445], [5.521443, 4.438369], [5.521699, 4.437997], [5.5219555, 4.437626], [5.5222125, 4.437254], [5.522469, 4.4368825], [5.522726, 4.4365106], [5.5229797, 4.4361377], [5.5232344, 4.435764], [5.5234876, 4.435391], [5.523745, 4.4350185], [5.524001, 4.4346466], [5.524254, 4.434273], [5.5245066, 4.433899], [5.5247602, 4.433525], [5.525014, 4.4331503], [5.5252657, 4.4327765], [5.5255175, 4.4324007], [5.525769, 4.432026], [5.526024, 4.431653], [5.526282, 4.431282], [5.5265365, 4.4309087], [5.526789, 4.430534], [5.527041, 4.4301596], [5.527295, 4.429786], [5.527549, 4.4294124], [5.5278015, 4.4290376], [5.5280533, 4.428663], [5.528306, 4.428289], [5.5285597, 4.427914], [5.5288157, 4.427543], [5.529073, 4.427172], [5.5293283, 4.426799], [5.529585, 4.426427], [5.529843, 4.426057], [5.530102, 4.4256864], [5.5303583, 4.4253144], [5.5306134, 4.4249425], [5.530865, 4.4245677], [5.531119, 4.424193], [5.5313735, 4.42382], [5.5316305, 4.4234486], [5.5318894, 4.4230785], [5.5321403, 4.422703], [5.5323877, 4.422325], [5.5326486, 4.421956], [5.5329113, 4.4215884], [5.5331736, 4.421221], [5.5334353, 4.420853], [5.533694, 4.420483], [5.5339417, 4.4201045], [5.5341883, 4.4197264], [5.5344343, 4.419348], [5.534687, 4.418973], [5.534949, 4.418605], [5.5352106, 4.4182363], [5.5354724, 4.4178686], [5.535734, 4.4175], [5.5359945, 4.417132], [5.536253, 4.4167604], [5.536509, 4.4163895], [5.5367627, 4.4160156], [5.5370173, 4.415642], [5.537267, 4.415266], [5.537517, 4.4148893], [5.537768, 4.4145136], [5.5380187, 4.4141383], [5.5382705, 4.4137635], [5.538526, 4.41339], [5.538788, 4.413023], [5.539057, 4.4126596], [5.539311, 4.412286], [5.5395656, 4.411913], [5.5398283, 4.4115453], [5.540091, 4.4111776], [5.54035, 4.4108086], [5.54061, 4.410438], [5.5408688, 4.410069], [5.5411305, 4.4097004], [5.5413938, 4.4093337], [5.5416574, 4.408967], [5.5419197, 4.4086], [5.5421824, 4.408232], [5.5424485, 4.4078674], [5.542717, 4.407504], [5.5429854, 4.4071403], [5.54325, 4.4067745], [5.5435143, 4.406408], [5.543778, 4.406042], [5.544047, 4.405679], [5.544317, 4.405317], [5.5445848, 4.404953], [5.544849, 4.4045863], [5.545117, 4.4042234], [5.5453925, 4.403865], [5.545663, 4.4035044], [5.545931, 4.4031405], [5.5462, 4.4027777], [5.5464697, 4.4024153], [5.5467386, 4.4020524], [5.5470085, 4.40169], [5.5472794, 4.401329], [5.5475497, 4.4009676], [5.5478196, 4.4006057], [5.5480905, 4.4002433], [5.5483665, 4.3998866], [5.5486417, 4.399529], [5.548918, 4.3991714], [5.5491896, 4.3988104], [5.549459, 4.398448], [5.54973, 4.398087], [5.5500016, 4.3977256], [5.550273, 4.3973656], [5.5505447, 4.397005], [5.5508227, 4.3966484], [5.5511007, 4.3962927], [5.551383, 4.3959403], [5.5516644, 4.395587], [5.551937, 4.395227], [5.5522094, 4.3948665], [5.552483, 4.394507], [5.552759, 4.3941503], [5.553036, 4.3937936], [5.5533133, 4.393437], [5.5535893, 4.39308], [5.553869, 4.3927255], [5.5541515, 4.392373], [5.554434, 4.3920207], [5.554716, 4.391668], [5.554995, 4.391313], [5.5552764, 4.3909597], [5.55556, 4.3906083], [5.5558453, 4.390258], [5.5561285, 4.389907], [5.5564017, 4.3895473], [5.5566816, 4.3891926], [5.5569687, 4.388844], [5.5572553, 4.3884954], [5.5575423, 4.388147], [5.5578284, 4.3877974], [5.5581126, 4.387447], [5.558401, 4.3870993], [5.558691, 4.386753], [5.558977, 4.3864036], [5.5592604, 4.386052], [5.5595446, 4.385701], [5.5598316, 4.3853526], [5.560118, 4.385004], [5.5604053, 4.3846555], [5.5606933, 4.3843074], [5.560981, 4.383959], [5.561269, 4.383612], [5.561555, 4.3832626], [5.561838, 4.382911], [5.5621223, 4.3825603], [5.5624084, 4.3822107], [5.562698, 4.3818636], [5.562987, 4.381517], [5.5632753, 4.3811703], [5.5635643, 4.3808227], [5.5638537, 4.3804765], [5.5641446, 4.38013], [5.5644307, 4.3797812], [5.564721, 4.3794365], [5.5650144, 4.379092], [5.5653095, 4.378751], [5.565606, 4.3784103], [5.5659065, 4.3780737], [5.566208, 4.3777366], [5.566501, 4.3773932], [5.5667925, 4.3770485], [5.5670877, 4.376707], [5.5673847, 4.3763666], [5.5676823, 4.376027], [5.5679836, 4.375691], [5.568285, 4.3753552], [5.5685773, 4.375011], [5.5688677, 4.3746653], [5.5691657, 4.3743258], [5.569466, 4.3739886], [5.5697637, 4.373649], [5.57006, 4.3733087], [5.5703583, 4.37297], [5.570659, 4.3726335], [5.570961, 4.3722973], [5.5712624, 4.371962], [5.5715623, 4.3716235], [5.571858, 4.371283], [5.5721583, 4.3709464], [5.5724616, 4.370612], [5.572762, 4.370274], [5.57306, 4.3699346], [5.5733595, 4.369597], [5.573664, 4.3692636], [5.5739684, 4.3689313], [5.5742717, 4.368596], [5.574574, 4.3682613], [5.5748734, 4.3679237], [5.575175, 4.3675866], [5.5754814, 4.367256], [5.575789, 4.3669257], [5.576098, 4.3665957], [5.5764055, 4.3662663], [5.576712, 4.365935], [5.5770164, 4.3656006], [5.577316, 4.365263], [5.577619, 4.364928], [5.5779257, 4.3645964], [5.578235, 4.364269], [5.5785465, 4.3639417], [5.578857, 4.363614], [5.5791674, 4.363286], [5.579478, 4.362958], [5.5797853, 4.3626275], [5.580093, 4.362297], [5.5804014, 4.3619676], [5.58071, 4.3616385], [5.581017, 4.361307], [5.5813227, 4.360975], [5.581632, 4.3606462], [5.5819416, 4.3603177], [5.582253, 4.3599906], [5.582566, 4.3596654], [5.582881, 4.359342], [5.5831976, 4.3590207], [5.583514, 4.3586993], [5.5838337, 4.3583794], [5.5841475, 4.358055], [5.584459, 4.3577285], [5.5847726, 4.357404], [5.585088, 4.357081], [5.5853996, 4.356755], [5.585716, 4.3564324], [5.586035, 4.3561125], [5.586356, 4.3557954], [5.5866776, 4.3554797], [5.586987, 4.3551507], [5.5873, 4.3548255], [5.5876203, 4.354507], [5.5879493, 4.354198], [5.5882745, 4.3538847], [5.5885854, 4.3535566], [5.5888987, 4.3532324], [5.5892205, 4.3529162], [5.589543, 4.3526006], [5.5898647, 4.3522835], [5.590186, 4.3519673], [5.590508, 4.35165], [5.5908275, 4.351331], [5.591146, 4.3510118], [5.5914645, 4.3506923], [5.591784, 4.3503723], [5.5921097, 4.35006], [5.5924354, 4.349748], [5.592757, 4.349432], [5.5930767, 4.3491135], [5.593397, 4.3487954], [5.593718, 4.3484774], [5.5940466, 4.348168], [5.5943785, 4.3478627], [5.594701, 4.3475466], [5.595022, 4.3472295], [5.595342, 4.3469114], [5.5956616, 4.346593], [5.5959835, 4.346276], [5.59631, 4.345965], [5.5966377, 4.3456535], [5.5969615, 4.3453393], [5.597284, 4.345023], [5.5976105, 4.3447123], [5.597938, 4.344402], [5.598268, 4.3440948], [5.598599, 4.3437867], [5.5989294, 4.3434806], [5.599262, 4.3431745], [5.599594, 4.3428693], [5.5999193, 4.3425565], [5.600243, 4.3422422], [5.600566, 4.3419256], [5.6008964, 4.3416185], [5.6012263, 4.3413115], [5.601558, 4.3410053], [5.6018906, 4.3406997], [5.6022205, 4.340392], [5.60255, 4.340084], [5.602884, 4.3397794], [5.6032176, 4.339476], [5.6035485, 4.33917], [5.6038814, 4.338865], [5.604216, 4.338562], [5.604552, 4.3382607], [5.6048875, 4.33796], [5.605224, 4.337658], [5.605563, 4.337361], [5.6059017, 4.337062], [5.6062355, 4.3367586], [5.6065693, 4.3364553], [5.606903, 4.3361506], [5.607234, 4.3358445], [5.607566, 4.3355384], [5.6079016, 4.3352375], [5.608238, 4.334937], [5.608574, 4.3346343], [5.6089096, 4.334334], [5.6092486, 4.334036], [5.6095853, 4.333735], [5.609919, 4.3334312], [5.610257, 4.3331323], [5.6105957, 4.332834], [5.610933, 4.332535], [5.6112757, 4.332241], [5.6116195, 4.3319488], [5.6119614, 4.331654], [5.612305, 4.3313613], [5.61265, 4.3310704], [5.6129937, 4.330779], [5.6133366, 4.3304844], [5.6136785, 4.330191], [5.6140203, 4.3298965], [5.6143622, 4.3296022], [5.614704, 4.3293076], [5.615047, 4.3290143], [5.615394, 4.3287263], [5.6157355, 4.3284307], [5.6160765, 4.3281355], [5.6164184, 4.3278413], [5.616761, 4.3275476], [5.6171055, 4.3272567], [5.617451, 4.326966], [5.617797, 4.326676], [5.618141, 4.326384], [5.618486, 4.3260937], [5.618829, 4.325801], [5.6191697, 4.325505], [5.6195135, 4.325213], [5.619861, 4.324925], [5.620212, 4.324641], [5.620561, 4.324356], [5.62091, 4.3240695], [5.621256, 4.3237796], [5.621603, 4.3234916], [5.621955, 4.323208], [5.622305, 4.3229237], [5.622655, 4.32264], [5.623006, 4.322356], [5.623352, 4.3220673], [5.623696, 4.3217745], [5.6240435, 4.3214865], [5.6243935, 4.3212023], [5.6247444, 4.3209186], [5.6250954, 4.320635], [5.6254463, 4.320351], [5.6257954, 4.320066], [5.6261454, 4.3197813], [5.626499, 4.3195014], [5.6268525, 4.3192205], [5.6272054, 4.3189406], [5.627558, 4.318659], [5.62791, 4.318376], [5.62826, 4.318091], [5.628612, 4.317809], [5.6289654, 4.317529], [5.6293225, 4.3172526], [5.6296816, 4.31698], [5.6300383, 4.316703], [5.630391, 4.316422], [5.6307473, 4.3161454], [5.6311045, 4.31587], [5.6314626, 4.315596], [5.6318226, 4.3153243], [5.632179, 4.315048], [5.6325316, 4.3147664], [5.6328874, 4.314488], [5.6332464, 4.3142147], [5.6336045, 4.31394], [5.6339617, 4.3136654], [5.6343217, 4.3133936], [5.634683, 4.3131247], [5.635042, 4.312851], [5.635397, 4.3125715], [5.635752, 4.3122945], [5.63611, 4.312019], [5.636465, 4.311741], [5.63682, 4.311461], [5.637186, 4.311198], [5.6375513, 4.3109336], [5.6379156, 4.310667], [5.6382756, 4.310396], [5.6386366, 4.310125], [5.639001, 4.309859], [5.6393647, 4.3095922], [5.639728, 4.3093257], [5.640093, 4.309059], [5.640458, 4.308795], [5.6408243, 4.308531], [5.641186, 4.308262], [5.6415477, 4.307993], [5.6419115, 4.3077264], [5.642276, 4.307461], [5.64264, 4.307194], [5.643002, 4.3069253], [5.6433663, 4.3066587], [5.643732, 4.306395], [5.6440983, 4.3061323], [5.6444654, 4.3058696], [5.6448317, 4.305607], [5.645199, 4.3053446], [5.645566, 4.305082], [5.645933, 4.304821], [5.6462994, 4.3045583], [5.6466656, 4.3042946], [5.6470375, 4.304038], [5.647408, 4.3037815], [5.647771, 4.303513], [5.648132, 4.303243], [5.6485023, 4.3029847], [5.6488748, 4.302731], [5.6492476, 4.3024774], [5.6496167, 4.302218], [5.649985, 4.301958], [5.6503534, 4.3016977], [5.6507225, 4.301438], [5.6510916, 4.3011794], [5.6514626, 4.300923], [5.651837, 4.30067], [5.652211, 4.300419], [5.6525817, 4.3001623], [5.652951, 4.2999034], [5.653319, 4.299642], [5.653688, 4.299383], [5.6540623, 4.299132], [5.6544366, 4.29888], [5.654811, 4.298629], [5.6551847, 4.298375], [5.655556, 4.2981205], [5.6559296, 4.297868], [5.6563034, 4.2976155], [5.6566787, 4.2973657], [5.657055, 4.2971163], [5.6574306, 4.296867], [5.6578054, 4.296616], [5.6581807, 4.2963657], [5.658556, 4.2961164], [5.658932, 4.295867], [5.6593084, 4.295619], [5.6596837, 4.2953687], [5.660059, 4.2951183], [5.6604342, 4.2948694], [5.6608105, 4.29462], [5.6611867, 4.2943707], [5.6615615, 4.2941213], [5.6619377, 4.293872], [5.662314, 4.293624], [5.662692, 4.2933774], [5.6630692, 4.2931304], [5.6634474, 4.292885], [5.663827, 4.292642], [5.6642094, 4.2924027], [5.664592, 4.2921634], [5.664973, 4.291922], [5.6653543, 4.2916813], [5.6657343, 4.291438], [5.666113, 4.2911935], [5.666494, 4.2909513], [5.6668744, 4.2907104], [5.667255, 4.290469], [5.667636, 4.290228], [5.6680183, 4.2899885], [5.668401, 4.28975], [5.668784, 4.2895117], [5.6691666, 4.2892723], [5.6695485, 4.289034], [5.669931, 4.2887936], [5.6703124, 4.2885537], [5.6706905, 4.2883086], [5.6710687, 4.288062], [5.671452, 4.2878246], [5.6718364, 4.287589], [5.67222, 4.287353], [5.672603, 4.2871137], [5.6729827, 4.286871], [5.6733627, 4.2866282], [5.673746, 4.2863903], [5.6741295, 4.286154], [5.6745152, 4.28592], [5.674898, 4.2856817], [5.6752768, 4.2854366], [5.675661, 4.285201], [5.6760473, 4.284968], [5.6764336, 4.284735], [5.676817, 4.284498], [5.6771975, 4.2842565], [5.677578, 4.284014], [5.677959, 4.283773], [5.6783404, 4.283532], [5.678723, 4.2832937], [5.679106, 4.2830563], [5.6794915, 4.282821], [5.679877, 4.2825875], [5.6802583, 4.282347], [5.6806383, 4.282105], [5.681019, 4.281863], [5.6813993, 4.281621], [5.6817813, 4.2813807], [5.682163, 4.2811403], [5.682544, 4.280901], [5.6829267, 4.2806616], [5.6833086, 4.280421], [5.683687, 4.2801766], [5.6840677, 4.279934], [5.6844516, 4.2796974], [5.684835, 4.2794595], [5.6852174, 4.279221], [5.685599, 4.2789803], [5.685984, 4.278746], [5.6863694, 4.2785125], [5.686751, 4.278272], [5.6871314, 4.27803], [5.687515, 4.2777934], [5.6879, 4.2775583], [5.6882806, 4.2773166], [5.6886606, 4.2770734], [5.68904, 4.2768297], [5.689423, 4.2765913], [5.689807, 4.276356], [5.690192, 4.2761207], [5.6905746, 4.275883], [5.6909566, 4.275643], [5.691335, 4.2753983], [5.6917186, 4.275161], [5.692101, 4.2749224], [5.692482, 4.27468], [5.6928663, 4.2744446], [5.693254, 4.2742143], [5.6936293, 4.273964], [5.6940055, 4.2737145], [5.694389, 4.273477], [5.694773, 4.2732406], [5.6951528, 4.2729983], [5.695533, 4.2727556], [5.6959143, 4.2725153], [5.6962967, 4.272276], [5.696685, 4.2720456], [5.6970706, 4.2718124], [5.6974506, 4.2715697], [5.697832, 4.2713284], [5.6982126, 4.271087], [5.6985908, 4.2708416], [5.698972, 4.2706013], [5.6993613, 4.270374], [5.699743, 4.2701325], [5.7001233, 4.269891], [5.7005067, 4.269654], [5.700892, 4.269419], [5.7012773, 4.269184], [5.7016587, 4.2689443], [5.70204, 4.268704], [5.702421, 4.2684617], [5.7028036, 4.2682233], [5.70319, 4.26799], [5.7035713, 4.2677507], [5.703951, 4.267507], [5.7043324, 4.2672668], [5.7047143, 4.2670274], [5.7050977, 4.266789], [5.705479, 4.2665486], [5.7058597, 4.266308], [5.706238, 4.266062], [5.7066183, 4.26582], [5.7070007, 4.2655807], [5.707385, 4.2653456], [5.7077703, 4.26511], [5.708153, 4.2648716], [5.7085342, 4.2646313], [5.7089124, 4.2643857], [5.709294, 4.2641454], [5.7096844, 4.26392], [5.7100654, 4.2636786], [5.710444, 4.263434], [5.710825, 4.2631927], [5.7112064, 4.2629514], [5.711589, 4.262713], [5.7119703, 4.2624726], [5.7123528, 4.2622333], [5.712737, 4.2619967], [5.7131205, 4.2617593], [5.713501, 4.261519], [5.713882, 4.2612762], [5.7142606, 4.261032], [5.7146416, 4.260791], [5.7150264, 4.260556], [5.7154098, 4.2603188], [5.7157907, 4.2600775], [5.716173, 4.259838], [5.716559, 4.259604], [5.7169423, 4.2593675], [5.7173243, 4.259127], [5.717705, 4.2588854], [5.71809, 4.2586513], [5.718476, 4.258418], [5.718853, 4.2581706], [5.7192354, 4.257932], [5.7196217, 4.2576995], [5.720006, 4.2574635], [5.7203903, 4.257228], [5.72077, 4.2569847], [5.721149, 4.256739], [5.7215276, 4.2564955], [5.721909, 4.256254], [5.7222953, 4.256022], [5.7226796, 4.2557855], [5.723059, 4.255543], [5.723439, 4.2553005], [5.723819, 4.2550564], [5.724202, 4.25482], [5.72459, 4.2545886], [5.724971, 4.2543473], [5.7253513, 4.2541065], [5.7257338, 4.253867], [5.726117, 4.2536287], [5.7265015, 4.2533937], [5.726884, 4.253155], [5.7272654, 4.252915], [5.7276487, 4.2526774], [5.728033, 4.252441], [5.728412, 4.252197], [5.7287927, 4.251955], [5.729178, 4.251721], [5.7295647, 4.2514887], [5.729952, 4.2512574], [5.730336, 4.251022], [5.7307196, 4.2507844], [5.731101, 4.250545], [5.7314773, 4.2502947], [5.7318497, 4.25004], [5.732234, 4.2498045], [5.7326164, 4.249566], [5.7329936, 4.2493176], [5.733374, 4.2490764], [5.733761, 4.248844], [5.734145, 4.2486086], [5.7345266, 4.248369], [5.73491, 4.248131], [5.735291, 4.2478895], [5.735667, 4.24764], [5.73605, 4.2474027], [5.7364345, 4.247168], [5.7368207, 4.246935], [5.7372084, 4.2467046], [5.7375975, 4.246476], [5.737979, 4.246235], [5.7383595, 4.2459936], [5.7387347, 4.2457433], [5.73911, 4.2454925], [5.7394934, 4.245255], [5.7398767, 4.2450175], [5.740259, 4.2447786], [5.7406416, 4.24454], [5.741019, 4.244292], [5.7413983, 4.24405], [5.7417855, 4.2438188], [5.742166, 4.2435765], [5.7425456, 4.243334], [5.7429266, 4.2430916], [5.743307, 4.2428503], [5.7436895, 4.24261], [5.744074, 4.2423744], [5.7444563, 4.242137], [5.7448397, 4.2418995], [5.745225, 4.2416644], [5.745609, 4.241428], [5.74599, 4.2411876], [5.7463703, 4.2409453], [5.74675, 4.2407017], [5.747129, 4.240458], [5.7475157, 4.240226], [5.747904, 4.2399955], [5.7482853, 4.239756], [5.748666, 4.239514], [5.749046, 4.23927], [5.7494273, 4.23903], [5.7498116, 4.238795], [5.7501974, 4.238561], [5.750578, 4.23832], [5.750957, 4.2380757], [5.7513394, 4.2378364], [5.751723, 4.237598], [5.7521024, 4.237356], [5.7524834, 4.237114], [5.752866, 4.2368755], [5.7532506, 4.236641], [5.753638, 4.2364097], [5.7540236, 4.2361765], [5.754408, 4.23594], [5.754787, 4.235697], [5.7551665, 4.235453], [5.755546, 4.23521], [5.7559295, 4.2349725], [5.756314, 4.234736], [5.7566943, 4.2344956], [5.7570763, 4.2342544], [5.7574577, 4.234013], [5.75784, 4.2337756], [5.758226, 4.2335415], [5.7586083, 4.233303], [5.758991, 4.2330647], [5.7593737, 4.2328243], [5.759755, 4.232585], [5.7601347, 4.2323422], [5.7605143, 4.232099], [5.7608986, 4.2318625], [5.761283, 4.2316265], [5.7616673, 4.231391], [5.7620516, 4.2311554], [5.762431, 4.230912], [5.7628098, 4.2306676], [5.7631907, 4.2304254], [5.7635713, 4.230185], [5.7639575, 4.2299514], [5.7643404, 4.2297134], [5.7647223, 4.2294736], [5.765104, 4.2292333], [5.7654862, 4.228994], [5.7658677, 4.2287545], [5.766249, 4.228514], [5.7666306, 4.228274], [5.767017, 4.2280407], [5.767402, 4.227807], [5.76778, 4.2275605], [5.7681594, 4.2273173], [5.768542, 4.227079], [5.768923, 4.2268367], [5.7693033, 4.226594], [5.769683, 4.2263517], [5.7700663, 4.2261143], [5.7704477, 4.225874], [5.770827, 4.2256293], [5.7712145, 4.2253985], [5.771597, 4.22516], [5.7719784, 4.2249203], [5.77236, 4.22468], [5.772741, 4.2244377], [5.7731204, 4.2241945], [5.773501, 4.223953], [5.773886, 4.2237196], [5.7742715, 4.223485], [5.7746553, 4.223248], [5.7750435, 4.2230177], [5.775426, 4.2227793], [5.7758055, 4.2225366], [5.776186, 4.2222943], [5.776567, 4.222053], [5.7769494, 4.2218137], [5.7773323, 4.221576], [5.7777166, 4.22134], [5.778101, 4.2211046], [5.7784843, 4.220868], [5.778865, 4.220626], [5.7792473, 4.2203875], [5.7796307, 4.220149], [5.780014, 4.2199125], [5.7803984, 4.2196765], [5.780777, 4.219432], [5.781154, 4.2191834], [5.781533, 4.2189393], [5.781914, 4.2186985], [5.7822986, 4.2184634], [5.782684, 4.218229], [5.7830644, 4.2179875], [5.783444, 4.2177444], [5.783824, 4.2175007], [5.7842026, 4.2172565], [5.784585, 4.217017], [5.7849693, 4.2167816], [5.7853546, 4.2165456], [5.785735, 4.2163057], [5.7861137, 4.2160606], [5.7864943, 4.215819], [5.786876, 4.215579], [5.7872586, 4.215339], [5.787641, 4.215101], [5.788024, 4.214863], [5.7884083, 4.2146273], [5.7887897, 4.214387], [5.789167, 4.2141395], [5.7895465, 4.213897], [5.789931, 4.2136607], [5.790314, 4.2134223], [5.7906947, 4.213181], [5.7910743, 4.2129383], [5.791456, 4.212698], [5.79184, 4.212462], [5.792228, 4.2122316], [5.792607, 4.211988], [5.7929854, 4.211743], [5.793369, 4.2115064], [5.793753, 4.21127], [5.7941384, 4.211035], [5.794522, 4.2107973], [5.794904, 4.210559], [5.7952857, 4.2103195], [5.795668, 4.21008], [5.7960496, 4.20984], [5.79643, 4.2095985], [5.7968135, 4.20936], [5.797196, 4.2091217], [5.797581, 4.2088866], [5.797965, 4.208651], [5.7983494, 4.2084146], [5.7987328, 4.2081766], [5.799117, 4.207942], [5.7994995, 4.2077026], [5.799879, 4.2074594], [5.8002605, 4.20722], [5.800645, 4.2069836], [5.8010263, 4.2067432], [5.801408, 4.206503], [5.80179, 4.2062645], [5.8021727, 4.206026], [5.802555, 4.2057858], [5.8029356, 4.2055445], [5.803316, 4.2053027], [5.8036995, 4.2050657], [5.804083, 4.2048283], [5.8044662, 4.2045918], [5.8048496, 4.2043543], [5.805232, 4.2041154], [5.8056154, 4.203877], [5.805998, 4.2036386], [5.8063803, 4.203399], [5.8067617, 4.203159], [5.807144, 4.2029204], [5.807527, 4.202683], [5.8079104, 4.2024455], [5.8082905, 4.2022033], [5.80867, 4.20196], [5.8090534, 4.2017226], [5.8094373, 4.201486], [5.8098197, 4.2012477], [5.810202, 4.2010083], [5.8105836, 4.200768], [5.8109646, 4.2005277], [5.8113422, 4.20028], [5.8117204, 4.2000346], [5.8121037, 4.1997976], [5.8124876, 4.199561], [5.812871, 4.1993246], [5.8132534, 4.199085], [5.813635, 4.198845], [5.8140225, 4.1986146], [5.814409, 4.1983814], [5.8147902, 4.198141], [5.8151717, 4.197901], [5.815548, 4.1976514], [5.8159294, 4.197412], [5.816313, 4.1971745], [5.8166976, 4.1969395], [5.817082, 4.196705], [5.817467, 4.196469], [5.8178496, 4.1962304], [5.818229, 4.1959877], [5.8186088, 4.1957445], [5.8189893, 4.195502], [5.8193703, 4.1952605], [5.819752, 4.1950226], [5.8201365, 4.194786], [5.82052, 4.1945486], [5.8209033, 4.194311], [5.8212857, 4.1940727], [5.821668, 4.1938334], [5.8220515, 4.1935964], [5.8224344, 4.193359], [5.822817, 4.1931205], [5.8231993, 4.192881], [5.82358, 4.192639], [5.823961, 4.1923976], [5.8243437, 4.19216], [5.8247247, 4.191918], [5.8251023, 4.1916733], [5.825483, 4.19143], [5.825867, 4.1911955], [5.8262515, 4.190958], [5.826633, 4.1907187], [5.8270154, 4.1904793], [5.827397, 4.19024], [5.8277783, 4.1899996], [5.82816, 4.1897593], [5.8285403, 4.189517], [5.828922, 4.1892767], [5.8293033, 4.1890373], [5.8296847, 4.188797], [5.830066, 4.1885567], [5.8304467, 4.188315], [5.830828, 4.1880736], [5.8312097, 4.1878343], [5.831593, 4.187596], [5.8319774, 4.18736], [5.832359, 4.1871204], [5.8327413, 4.186881], [5.8331246, 4.1866436], [5.833506, 4.186404], [5.8338876, 4.186164], [5.834269, 4.1859236], [5.8346515, 4.185684], [5.835034, 4.185446], [5.835417, 4.1852083], [5.8358, 4.1849704], [5.8361835, 4.184733], [5.836565, 4.1844926], [5.8369465, 4.1842523], [5.837329, 4.184014], [5.8377132, 4.1837783], [5.8380966, 4.1835403], [5.838478, 4.1833005], [5.8388586, 4.1830583], [5.8392344, 4.18281], [5.839616, 4.1825686], [5.839999, 4.182332], [5.8403826, 4.182095], [5.840766, 4.1818576], [5.8411474, 4.1816173], [5.841528, 4.1813755], [5.8419113, 4.1811366], [5.8422956, 4.180902], [5.8426776, 4.1806636], [5.843061, 4.1804256], [5.8434443, 4.180188], [5.8438206, 4.1799397], [5.8442, 4.179696], [5.8445835, 4.179459], [5.8449683, 4.1792245], [5.8453546, 4.1789904], [5.8457384, 4.178755], [5.846121, 4.1785164], [5.8465033, 4.1782775], [5.8468847, 4.1780367], [5.8472652, 4.1777954], [5.847646, 4.177553], [5.8480277, 4.177314], [5.8484144, 4.1770806], [5.848797, 4.176843], [5.8491764, 4.176599], [5.849558, 4.176359], [5.8499393, 4.1761193], [5.850321, 4.1758795], [5.850705, 4.1756425], [5.8510885, 4.175406], [5.851467, 4.175161], [5.8518467, 4.174917], [5.852228, 4.174678], [5.8526106, 4.1744385], [5.852994, 4.174202], [5.8533783, 4.173965], [5.85376, 4.1737247], [5.8541374, 4.173479], [5.854523, 4.173246], [5.8549104, 4.1730146], [5.855286, 4.1727653], [5.8556633, 4.172518], [5.8560457, 4.1722784], [5.8564305, 4.172044], [5.856815, 4.171808], [5.8571954, 4.1715665], [5.857577, 4.1713257], [5.8579574, 4.1710854], [5.8583374, 4.170842], [5.858717, 4.170598], [5.8590984, 4.1703587], [5.8594823, 4.170121], [5.8598666, 4.1698866], [5.860253, 4.1696534], [5.8606353, 4.169414], [5.861013, 4.169168], [5.8613915, 4.1689234], [5.861772, 4.168681], [5.8621554, 4.1684437], [5.8625407, 4.1682096], [5.8629274, 4.1679783], [5.863312, 4.167742], [5.8636885, 4.1674943], [5.864072, 4.167257], [5.8644614, 4.16703], [5.8648458, 4.1667933], [5.865228, 4.166556], [5.86561, 4.166317], [5.8659916, 4.1660767], [5.866373, 4.165836], [5.866753, 4.1655927], [5.8671336, 4.1653504], [5.867514, 4.165109], [5.8678966, 4.16487], [5.868279, 4.1646314], [5.868662, 4.164394], [5.8690443, 4.1641555], [5.8694267, 4.163917], [5.869809, 4.1636777], [5.8701916, 4.1634383], [5.870573, 4.163199], [5.8709517, 4.162953], [5.8713303, 4.1627083], [5.8717117, 4.162469], [5.872093, 4.1622286], [5.8724737, 4.1619864], [5.872857, 4.161749], [5.8732433, 4.1615157], [5.873624, 4.1612744], [5.8740034, 4.161032], [5.874386, 4.160793], [5.8747697, 4.1605554], [5.875153, 4.160319], [5.8755364, 4.160082], [5.875922, 4.159849], [5.8763103, 4.159619], [5.876697, 4.1593876], [5.8770823, 4.1591525], [5.877466, 4.1589165], [5.8778467, 4.1586747], [5.8782263, 4.1584315], [5.878607, 4.1581893], [5.878988, 4.1579475], [5.8793674, 4.1577053], [5.879749, 4.157465], [5.8801312, 4.1572256], [5.88051, 4.1569815], [5.8808885, 4.156737], [5.881266, 4.1564894], [5.8816414, 4.15624], [5.8820195, 4.1559935], [5.882398, 4.1557493], [5.8827896, 4.155525], [5.8831806, 4.1552997], [5.883566, 4.1550665], [5.883951, 4.1548314], [5.884326, 4.1545815], [5.884705, 4.1543365], [5.885088, 4.1541], [5.8854723, 4.153862], [5.8858557, 4.1536255], [5.886235, 4.1533823], [5.886613, 4.153136], [5.886999, 4.1529026], [5.887386, 4.1526713], [5.8877683, 4.152432], [5.8881497, 4.1521916], [5.8885303, 4.1519513], [5.8889127, 4.151712], [5.8892975, 4.1514773], [5.889683, 4.151243], [5.8900676, 4.1510077], [5.8904457, 4.1507616], [5.8908243, 4.150518], [5.8912067, 4.1502786], [5.891588, 4.150039], [5.8919697, 4.149798], [5.892351, 4.1495576], [5.8927317, 4.1493154], [5.8931136, 4.149077], [5.8935027, 4.1488485], [5.8938904, 4.148618], [5.894274, 4.148382], [5.8946548, 4.148141], [5.895032, 4.1478934], [5.8954153, 4.147656], [5.8958, 4.147421], [5.8961825, 4.1471825], [5.896564, 4.146941], [5.8969417, 4.1466966], [5.897326, 4.1464596], [5.897711, 4.146226], [5.8980913, 4.1459837], [5.8984714, 4.1457405], [5.898853, 4.1455], [5.8992367, 4.1452646], [5.89962, 4.145027], [5.9000006, 4.144785], [5.900381, 4.1445427], [5.9007535, 4.144289], [5.9011297, 4.1440387], [5.9015093, 4.1437955], [5.9018908, 4.143555], [5.9022727, 4.1433177], [5.902659, 4.1430845], [5.9030447, 4.1428504], [5.903429, 4.142616], [5.903814, 4.1423798], [5.9041953, 4.1421394], [5.904575, 4.1418977], [5.9049563, 4.1416564], [5.9053397, 4.1414194], [5.905723, 4.141181], [5.9061055, 4.1409426], [5.906487, 4.140703], [5.9068675, 4.14046], [5.907247, 4.1402183], [5.907631, 4.1399813], [5.908016, 4.139748], [5.908404, 4.139518], [5.9087915, 4.1392875], [5.909177, 4.139053], [5.9095583, 4.1388125], [5.909942, 4.1385756], [5.9103284, 4.1383433], [5.910715, 4.138112], [5.911103, 4.1378827], [5.9114914, 4.1376534], [5.91188, 4.137425], [5.9122696, 4.137198], [5.91266, 4.136973], [5.913055, 4.1367555], [5.9134493, 4.1365366], [5.913842, 4.1363163], [5.9142356, 4.136096], [5.9146285, 4.135876], [5.9150248, 4.135659], [5.9154205, 4.135444], [5.9158173, 4.135231], [5.916214, 4.135018], [5.916609, 4.1348004], [5.917004, 4.1345835], [5.917402, 4.1343713], [5.9178023, 4.1341634], [5.9182024, 4.1339564], [5.918603, 4.1337504], [5.9189997, 4.1335373], [5.9193954, 4.1333203], [5.919791, 4.133106], [5.9201927, 4.1329], [5.9205956, 4.132698], [5.920998, 4.1324954], [5.921401, 4.132293], [5.9218035, 4.13209], [5.9222054, 4.1318865], [5.922607, 4.1316824], [5.923009, 4.1314783], [5.9234123, 4.1312766], [5.923816, 4.1310782], [5.924223, 4.130882], [5.9246297, 4.1306896], [5.9250383, 4.130498], [5.925444, 4.130303], [5.92585, 4.130106], [5.926259, 4.129918], [5.9266696, 4.129732], [5.9270797, 4.1295447], [5.9274874, 4.1293545], [5.927895, 4.129161], [5.928303, 4.1289687], [5.9287148, 4.128787], [5.9291286, 4.128608], [5.929543, 4.12843], [5.929957, 4.128253], [5.9303727, 4.1280775], [5.9307837, 4.1278944], [5.9311957, 4.127711], [5.9316096, 4.127535], [5.9320264, 4.1273623], [5.932443, 4.1271906], [5.932858, 4.127015], [5.933274, 4.126841], [5.9336905, 4.1266694], [5.9341073, 4.126499], [5.9345245, 4.1263294], [5.9349422, 4.1261606], [5.9353614, 4.125995], [5.935783, 4.1258345], [5.936205, 4.125678], [5.936626, 4.1255164], [5.9370427, 4.1253467], [5.9374614, 4.125178], [5.9378805, 4.125015], [5.9383006, 4.1248517], [5.93872, 4.124688], [5.9391403, 4.1245246], [5.9395633, 4.124369], [5.9399858, 4.124212], [5.9404087, 4.1240563], [5.9408326, 4.1239057], [5.9412565, 4.123753], [5.9416804, 4.1235995], [5.9421034, 4.123445], [5.9425263, 4.1232877], [5.9429493, 4.123133], [5.943374, 4.122985], [5.9438024, 4.1228447], [5.944229, 4.1227], [5.944656, 4.122555], [5.9450803, 4.122404], [5.945505, 4.122255], [5.945933, 4.1221123], [5.94636, 4.12197], [5.946789, 4.1218305], [5.947218, 4.121695], [5.947649, 4.121564], [5.9480805, 4.121433], [5.9485126, 4.1213036], [5.9489417, 4.121169], [5.949372, 4.1210346], [5.949802, 4.1209006], [5.950235, 4.120775], [5.950667, 4.120649], [5.9510965, 4.1205125], [5.9515257, 4.1203756], [5.9519577, 4.1202474], [5.9523897, 4.120119], [5.952821, 4.11999], [5.9532547, 4.1198673], [5.9536886, 4.119748], [5.9541245, 4.1196303], [5.9545593, 4.119514], [5.9549937, 4.1193967], [5.9554286, 4.119279], [5.9558644, 4.1191626], [5.956299, 4.119046], [5.9567347, 4.1189322], [5.9571705, 4.1188183], [5.957606, 4.118704], [5.9580417, 4.11859], [5.9584794, 4.118479], [5.9589157, 4.1183696], [5.959354, 4.118268], [5.9597936, 4.118165], [5.960231, 4.1180577], [5.9606686, 4.117951], [5.961107, 4.117848], [5.961547, 4.117754], [5.961987, 4.1176586], [5.962427, 4.117562], [5.9628677, 4.117466], [5.963307, 4.1173687], [5.963746, 4.117268], [5.964185, 4.117171], [5.964626, 4.117075], [5.965067, 4.116983], [5.965508, 4.1168923], [5.965948, 4.1167955], [5.966389, 4.1167045], [5.966831, 4.1166186], [5.967274, 4.1165366], [5.967717, 4.116454], [5.9681582, 4.116368], [5.9686003, 4.116277], [5.9690423, 4.116195], [5.969486, 4.1161156], [5.9699297, 4.116039], [5.9703727, 4.115961], [5.9708166, 4.115881], [5.9712577, 4.115793], [5.9716997, 4.1157026], [5.9721427, 4.1156197], [5.972588, 4.115555], [5.973033, 4.115485], [5.973478, 4.1154118], [5.9739227, 4.1153417], [5.974368, 4.1152782], [5.974815, 4.1152177], [5.9752593, 4.115148], [5.975704, 4.1150823], [5.976151, 4.1150208], [5.9765964, 4.114957], [5.977042, 4.114891], [5.9774876, 4.1148276], [5.9779334, 4.114764], [5.9783792, 4.1146955], [5.9788237, 4.114629], [5.9792714, 4.1145782], [5.9797187, 4.1145244], [5.9801655, 4.1144648], [5.980612, 4.1144085], [5.9810596, 4.114356], [5.981506, 4.114296], [5.9819517, 4.1142364], [5.982399, 4.114181], [5.9828467, 4.1141324], [5.983294, 4.114084], [5.983742, 4.1140394], [5.984191, 4.113993], [5.984639, 4.113949], [5.9850864, 4.1139064], [5.985536, 4.113865], [5.9859843, 4.1138306], [5.9864335, 4.113795], [5.986882, 4.1137567], [5.9873304, 4.113717], [5.9877796, 4.1136775], [5.9882283, 4.1136394], [5.9886765, 4.113603], [5.9891267, 4.1135736], [5.989576, 4.113544], [5.9900246, 4.113511], [5.9904737, 4.1134787], [5.990923, 4.113451], [5.9913735, 4.1134267], [5.9918227, 4.1134067], [5.992273, 4.1133895], [5.992723, 4.1133733], [5.9931736, 4.113358], [5.9936237, 4.1133447], [5.994074, 4.1133347], [5.994524, 4.1133265], [5.9949737, 4.1133065], [5.995423, 4.113266], [5.995872, 4.1132355], [5.996322, 4.1132255], [5.996773, 4.113215], [5.997222, 4.113202], [5.997672, 4.1131907], [5.9981227, 4.113184], [5.998573, 4.1131663], [5.999023, 4.1131525], [5.999473, 4.113141], [5.999923, 4.113135], [6.000374, 4.1131277], [6.000824, 4.113121], [6.001274, 4.113115], [6.0017242, 4.113115], [6.002175, 4.1131186], [6.002625, 4.1131225], [6.003075, 4.1131244], [6.0035257, 4.1131263], [6.003976, 4.1131287], [6.004426, 4.1131306], [6.0048757, 4.1131315], [6.0053267, 4.113128], [6.005777, 4.113124], [6.006227, 4.113122], [6.0066776, 4.113123], [6.007128, 4.113123], [6.007578, 4.113122], [6.008028, 4.1131206], [6.0084786, 4.113116], [6.008929, 4.1131096], [6.009379, 4.1131105], [6.009829, 4.1131153], [6.0102797, 4.1131115], [6.01073, 4.113108], [6.01118, 4.113109], [6.0116305, 4.1131153], [6.0120807, 4.1131134], [6.012531, 4.113113], [6.012981, 4.113117], [6.0134315, 4.113122], [6.0138817, 4.113118], [6.014332, 4.113116], [6.0147824, 4.1131167], [6.0152326, 4.1131177], [6.0156827, 4.1131186], [6.016133, 4.1131206], [6.0165834, 4.1131215], [6.0170336, 4.1131225], [6.0174837, 4.1131244], [6.017934, 4.1131253], [6.0183845, 4.1131268], [6.0188346, 4.113128], [6.0192847, 4.1131287], [6.0197353, 4.1131306], [6.0201855, 4.1131315], [6.0206347, 4.1131325], [6.0210853, 4.1131344], [6.0215354, 4.1131353], [6.0219855, 4.1131372], [6.0224357, 4.113138], [6.0228863, 4.113139], [6.0233364, 4.113141], [6.0237865, 4.113142], [6.024237, 4.113143], [6.0246873, 4.113145], [6.0251374, 4.113146], [6.0255876, 4.1131477], [6.026038, 4.1131487], [6.0264883, 4.1131496], [6.0269384, 4.1131516], [6.0273886, 4.1131525], [6.027839, 4.1131535], [6.0282893, 4.1131554], [6.0287395, 4.113156], [6.02919, 4.1131577], [6.02964, 4.1131587], [6.0300903, 4.1131597], [6.0305405, 4.1131616], [6.030991, 4.1131625], [6.031441, 4.1131635], [6.0318913, 4.1131654], [6.0323415, 4.1131663], [6.032792, 4.1131682], [6.033242, 4.113169], [6.0336924, 4.11317], [6.034143, 4.113172], [6.034593, 4.113173], [6.0350432, 4.113174], [6.0354934, 4.113176], [6.035944, 4.113177], [6.036394, 4.1131783], [6.0368443, 4.113179], [6.0372944, 4.11318], [6.037745, 4.113182], [6.038195, 4.113183], [6.0386453, 4.113184], [6.0390954, 4.113186], [6.039546, 4.113188], [6.039996, 4.1131907], [6.0404463, 4.1131935], [6.040897, 4.113196], [6.041347, 4.1131988], [6.041797, 4.1131997], [6.0422473, 4.1131988], [6.042698, 4.113198], [6.043148, 4.1131973], [6.043598, 4.1131964], [6.0440483, 4.1131988], [6.044499, 4.1132026], [6.044949, 4.1132064], [6.045399, 4.1132092], [6.04585, 4.11321], [6.0463, 4.1132092], [6.04675, 4.1132083], [6.0472, 4.1132073], [6.047651, 4.1132073], [6.048101, 4.1132083], [6.048551, 4.1132092], [6.049001, 4.11321], [6.049452, 4.113212], [6.049902, 4.113216], [6.050352, 4.11322], [6.050802, 4.113224], [6.051253, 4.1132264], [6.051703, 4.1132293], [6.052153, 4.113232], [6.0526037, 4.113235], [6.053054, 4.1132383], [6.053504, 4.113243], [6.053954, 4.1132474], [6.0544047, 4.113251], [6.054855, 4.1132493], [6.055305, 4.113246], [6.055755, 4.113243], [6.0562057, 4.1132407], [6.056656, 4.11324], [6.057106, 4.11324], [6.057556, 4.11324], [6.058007, 4.11324], [6.058457, 4.11324], [6.058907, 4.1132407], [6.059357, 4.1132417], [6.059808, 4.1132426], [6.060258, 4.1132436], [6.060708, 4.1132445], [6.061158, 4.1132464], [6.061609, 4.113249], [6.062059, 4.1132517], [6.062509, 4.1132526], [6.0629597, 4.1132545], [6.06341, 4.1132555], [6.06386, 4.1132565], [6.06431, 4.1132574], [6.0647607, 4.1132574], [6.065211, 4.1132574], [6.065661, 4.1132574], [6.066111, 4.1132584], [6.0665617, 4.1132607], [6.067012, 4.1132636], [6.067462, 4.1132665], [6.067912, 4.1132703], [6.0683627, 4.1132736], [6.068813, 4.1132717], [6.069263, 4.1132684], [6.069713, 4.1132655], [6.0701637, 4.113263], [6.070614, 4.1132646], [6.071064, 4.1132665], [6.071514, 4.1132684], [6.0719647, 4.1132674], [6.072415, 4.1132665], [6.072865, 4.113266], [6.073315, 4.113265], [6.0737658, 4.113264], [6.074216, 4.113263], [6.074666, 4.113262], [6.075116, 4.113264], [6.075567, 4.113266], [6.076017, 4.113268], [6.076467, 4.1132703], [6.076917, 4.113274], [6.077368, 4.113278], [6.077818, 4.1132803], [6.078268, 4.113283], [6.078718, 4.113284], [6.079169, 4.113284], [6.079619, 4.113285], [6.080069, 4.113284], [6.080519, 4.113283], [6.08097, 4.1132812], [6.08142, 4.11328], [6.08187, 4.113277], [6.08232, 4.113274], [6.082771, 4.1132717], [6.083221, 4.113268], [6.083671, 4.1132627], [6.084121, 4.113258], [6.0845714, 4.1132607], [6.085022, 4.1132646], [6.085472, 4.11327], [6.0859222, 4.113274], [6.086373, 4.113276], [6.086823, 4.113277], [6.087273, 4.113277], [6.0877233, 4.113275], [6.088174, 4.1132717], [6.088624, 4.1132655], [6.089074, 4.1132607], [6.0895243, 4.11326], [6.0899744, 4.113259], [6.090425, 4.11326], [6.090875, 4.1132627], [6.0913253, 4.1132665], [6.0917754, 4.113269], [6.092226, 4.1132717], [6.092676, 4.1132736], [6.0931263, 4.1132765], [6.0935764, 4.113279], [6.094027, 4.1132817], [6.094477, 4.1132846], [6.0949273, 4.1132855], [6.0953774, 4.113286], [6.095828, 4.113286], [6.096278, 4.113288], [6.0967283, 4.1132917], [6.0971785, 4.113296], [6.097629, 4.113301], [6.098079, 4.113304], [6.0985293, 4.113307], [6.0989795, 4.113308], [6.09943, 4.11331], [6.09988, 4.113311], [6.1003304, 4.113313], [6.1007805, 4.113316], [6.101231, 4.11332], [6.101681, 4.113322], [6.1021314, 4.1133223], [6.1025815, 4.113324], [6.103032, 4.113325], [6.1034822, 4.113326], [6.1039324, 4.113324], [6.1043825, 4.1133223], [6.1048326, 4.11332], [6.1052833, 4.113322], [6.1057334, 4.113326], [6.1061835, 4.1133304], [6.106634, 4.1133313], [6.1070843, 4.1133313], [6.1075344, 4.1133313], [6.1079845, 4.1133313], [6.1084347, 4.11333], [6.1088853, 4.113327], [6.1093354, 4.113325], [6.1097856, 4.113323], [6.1102357, 4.1133223], [6.1106863, 4.1133223], [6.1111364, 4.1133223], [6.1115866, 4.1133223], [6.1120367, 4.113323], [6.1124873, 4.1133223], [6.1129375, 4.1133213], [6.1133876, 4.113321], [6.1138377, 4.1133213], [6.114288, 4.113327], [6.1147385, 4.1133323], [6.1151886, 4.1133432], [6.1156387, 4.113355], [6.116089, 4.1133623], [6.1165385, 4.1133647], [6.1169887, 4.1133666], [6.117439, 4.1133666], [6.11789, 4.1133633], [6.1183405, 4.1133585], [6.1187906, 4.1133466], [6.1192408, 4.1133413], [6.119691, 4.1133404], [6.1201415, 4.1133413], [6.1205916, 4.1133475], [6.121042, 4.1133537], [6.121492, 4.1133513], [6.121942, 4.1133485], [6.1223927, 4.1133447], [6.122843, 4.1133437], [6.123293, 4.1133475], [6.123743, 4.1133504], [6.1241937, 4.1133537], [6.124644, 4.1133575], [6.125094, 4.113361], [6.125543, 4.1133647], [6.1259937, 4.1133685], [6.126444, 4.113372], [6.126894, 4.113372], [6.127344, 4.113373], [6.1277947, 4.113373], [6.128245, 4.113373], [6.128695, 4.113372], [6.129145, 4.113371], [6.1295953, 4.11337], [6.130046, 4.113369], [6.130496, 4.113366], [6.130946, 4.1133637], [6.1313972, 4.113362], [6.131847, 4.113363], [6.132297, 4.1133637], [6.132747, 4.1133637], [6.1331973, 4.113363], [6.1336484, 4.113362], [6.134099, 4.113358], [6.134549, 4.1133537], [6.1349993, 4.11335], [6.1354494, 4.113353], [6.1358995, 4.113356], [6.13635, 4.113361], [6.1367993, 4.113365], [6.1372495, 4.1133704], [6.1377, 4.1133804], [6.13815, 4.1133924], [6.1386003, 4.1133933], [6.1390505, 4.1133943], [6.1395006, 4.1133943], [6.139951, 4.1133933], [6.1404014, 4.1133924], [6.1408515, 4.1133885], [6.1413016, 4.113384], [6.141752, 4.1133804], [6.1422024, 4.1133795], [6.1426525, 4.1133804], [6.1431026, 4.1133823], [6.143553, 4.113383], [6.1440034, 4.1133847], [6.1444535, 4.1133876], [6.1449037, 4.113391], [6.145354, 4.113392], [6.145804, 4.113393], [6.1462545, 4.113393], [6.1467047, 4.1133947], [6.147155, 4.113396], [6.147605, 4.113399], [6.1480556, 4.113402], [6.1485057, 4.113405], [6.148956, 4.113409], [6.149406, 4.113411], [6.1498566, 4.1134124], [6.1503067, 4.1134133], [6.150757, 4.1134152], [6.151207, 4.1134152], [6.151657, 4.1134152], [6.1521077, 4.1134143], [6.152558, 4.1134133], [6.153008, 4.1134124], [6.153458, 4.1134124], [6.1539083, 4.1134167], [6.154359, 4.1134205], [6.154809, 4.1134224], [6.155259, 4.1134214], [6.1557093, 4.1134205], [6.1561594, 4.1134195], [6.15661, 4.1134186], [6.15706, 4.1134176], [6.1575103, 4.113421], [6.1579604, 4.113425], [6.158411, 4.113428], [6.158861, 4.113427], [6.1593113, 4.113426], [6.1597614, 4.1134253], [6.1602116, 4.1134243], [6.160662, 4.1134233], [6.1611123, 4.1134233], [6.1615624, 4.1134243], [6.1620126, 4.1134253], [6.1624627, 4.113427], [6.1629133, 4.1134305], [6.1633635, 4.1134343], [6.1638136, 4.113436], [6.1642637, 4.1134377], [6.1647143, 4.1134386], [6.1651645, 4.1134405], [6.1656146, 4.1134415], [6.1660647, 4.1134415], [6.166515, 4.113441], [6.1669655, 4.113442], [6.1674156, 4.113445], [6.1678658, 4.113448], [6.168316, 4.113452], [6.168766, 4.1134553], [6.1692166, 4.113455], [6.169667, 4.113452], [6.170117, 4.11345], [6.170567, 4.11345], [6.171017, 4.113451], [6.171468, 4.1134524], [6.171918, 4.1134596], [6.172368, 4.1134667], [6.172818, 4.1134624], [6.1732683, 4.1134567], [6.173719, 4.1134586], [6.174169, 4.1134615], [6.174619, 4.113465], [6.1750693, 4.113472], [6.17552, 4.1134787], [6.17597, 4.113479], [6.17642, 4.11348], [6.1768703, 4.11348], [6.1773205, 4.113481], [6.177771, 4.113481], [6.178221, 4.113482], [6.1786714, 4.1134853], [6.1791215, 4.113489], [6.1795716, 4.1134925], [6.1800222, 4.1134915], [6.1804724, 4.1134906], [6.1809225, 4.1134887], [6.1813726, 4.113487], [6.181823, 4.1134844], [6.1822734, 4.1134825], [6.1827235, 4.1134815], [6.1831737, 4.1134806], [6.183624, 4.1134796], [6.184074, 4.1134787], [6.1845245, 4.1134777], [6.1849747, 4.1134777], [6.185425, 4.113478], [6.185875, 4.113478], [6.186325, 4.113478], [6.1867757, 4.1134753], [6.187226, 4.113474], [6.187676, 4.113471], [6.188126, 4.11347], [6.188576, 4.113469], [6.189027, 4.11347], [6.189477, 4.1134715], [6.189927, 4.1134734], [6.190377, 4.1134763], [6.1908274, 4.1134796], [6.191278, 4.113484], [6.191728, 4.1134877], [6.1921782, 4.113492], [6.1926284, 4.113496], [6.1930785, 4.113501], [6.193529, 4.1135063], [6.1939793, 4.113512], [6.1944294, 4.113511], [6.1948795, 4.11351], [6.1953297, 4.113509], [6.1957803, 4.113508], [6.1962304, 4.1135054], [6.1966805, 4.1135015], [6.1971307, 4.1135006], [6.197581, 4.1134996], [6.1980314, 4.1134987], [6.1984816, 4.113504], [6.1989317, 4.1135087], [6.199382, 4.113514], [6.199832, 4.113516], [6.2002826, 4.1135163], [6.2007327, 4.113518], [6.201183, 4.11352], [6.201633, 4.1135216], [6.202083, 4.1135235], [6.2025337, 4.1135254], [6.202984, 4.1135244], [6.203434, 4.1135244], [6.203884, 4.113527], [6.2043343, 4.1135297], [6.204785, 4.113533], [6.205235, 4.113537], [6.205685, 4.113539], [6.2061353, 4.113542], [6.2065854, 4.113544], [6.207036, 4.113543], [6.207486, 4.113542], [6.2079363, 4.113541], [6.2083864, 4.1135335], [6.2088366, 4.1135263], [6.2092867, 4.1135206], [6.2097373, 4.1135216], [6.2101874, 4.1135225], [6.2106376, 4.1135187], [6.2110877, 4.1135144], [6.211538, 4.1135097], [6.211988, 4.1135044], [6.2124386, 4.113497], [6.2128887, 4.1134977], [6.213339, 4.113501], [6.213789, 4.1134987], [6.214239, 4.113492], [6.2146893, 4.113487], [6.21514, 4.11349], [6.21559, 4.113495], [6.21604, 4.113501], [6.2164903, 4.1135106], [6.2169404, 4.1135206], [6.217391, 4.1135244], [6.217841, 4.1135197], [6.2182913, 4.113517], [6.2187414, 4.113515], [6.2191916, 4.113513], [6.219642, 4.113515], [6.2200923, 4.113517], [6.2205424, 4.113519], [6.2209926, 4.113522], [6.2214427, 4.1135263], [6.221893, 4.1135316], [6.2223434, 4.1135364], [6.2227936, 4.1135416], [6.2232437, 4.113547], [6.223694, 4.113552], [6.224144, 4.1135488], [6.2245946, 4.113545], [6.2250447, 4.113541], [6.225495, 4.113536], [6.225945, 4.113531], [6.226395, 4.1135263], [6.2268453, 4.113521], [6.227296, 4.1135173], [6.227746, 4.1135154], [6.228196, 4.1135125], [6.2286463, 4.1135106], [6.2290964, 4.1135135], [6.2295465, 4.1135197], [6.229997, 4.113525], [6.2304473, 4.113528], [6.2308974, 4.1135297], [6.2313476, 4.113531], [6.2317977, 4.113533], [6.2322483, 4.1135345], [6.2326984, 4.1135364], [6.2331486, 4.1135373], [6.2335987, 4.1135373], [6.234049, 4.113538], [6.2344995, 4.113538], [6.2349496, 4.1135397], [6.2353997, 4.113542], [6.23585, 4.113545], [6.2363, 4.1135483], [6.23675, 4.113555], [6.2372007, 4.113561], [6.237651, 4.1135674], [6.238101, 4.1135707], [6.238551, 4.113568], [6.2390013, 4.113566], [6.239452, 4.113564], [6.239902, 4.1135697], [6.240352, 4.113576], [6.2408013, 4.1135783], [6.2412524, 4.1135755], [6.2417026, 4.113573], [6.242153, 4.1135736], [6.2426033, 4.1135745], [6.2430534, 4.1135764], [6.2435026, 4.113577], [6.2439528, 4.113579], [6.2444034, 4.1135807], [6.2448535, 4.113582], [6.2453036, 4.113584], [6.245754, 4.113584], [6.246204, 4.1135845], [6.246654, 4.1135883], [6.2471046, 4.1135936], [6.247555, 4.113598], [6.248005, 4.113599], [6.248455, 4.113596], [6.248905, 4.113594], [6.2493553, 4.113592], [6.249806, 4.113592], [6.250256, 4.113593], [6.250706, 4.113593], [6.2511563, 4.113593], [6.2516065, 4.1135974], [6.2520566, 4.1136017], [6.252507, 4.113606], [6.2529573, 4.1136107], [6.2534075, 4.113604], [6.2538576, 4.113596], [6.2543077, 4.11359], [6.254758, 4.113588], [6.2552085, 4.113585], [6.2556586, 4.113583], [6.2561088, 4.113584], [6.25656, 4.1135855], [6.257009, 4.1135983], [6.2574596, 4.1136136], [6.25791, 4.11363], [6.258359, 4.1136494], [6.258808, 4.11368], [6.259258, 4.113711], [6.259707, 4.1137447], [6.2601547, 4.113789], [6.2606034, 4.1138344], [6.2610507, 4.113879], [6.2614985, 4.1139326], [6.2619443, 4.1139903], [6.26239, 4.1140575], [6.262835, 4.1141233], [6.263279, 4.1141963], [6.2637234, 4.114275], [6.2641664, 4.1143537], [6.264608, 4.114443], [6.2650485, 4.1145344], [6.2654886, 4.1146283], [6.2659283, 4.1147275], [6.2663674, 4.114828], [6.2668033, 4.114939], [6.2672386, 4.1150556], [6.2676735, 4.115172], [6.268108, 4.1152916], [6.2685394, 4.115418], [6.268972, 4.1155453], [6.2694035, 4.115672], [6.269836, 4.1157975], [6.2702684, 4.115924], [6.270703, 4.1160426], [6.2711387, 4.1161537], [6.271575, 4.116266], [6.2720118, 4.116377], [6.2724514, 4.116472], [6.272892, 4.1165667], [6.2733316, 4.1166606], [6.273772, 4.1167555], [6.2742124, 4.1168437], [6.274654, 4.1169314], [6.275097, 4.117012], [6.2755413, 4.117087], [6.2759852, 4.11716], [6.27643, 4.117224], [6.276877, 4.117284], [6.277323, 4.1173434], [6.2777696, 4.1173973], [6.278218, 4.1174426], [6.2786655, 4.1174874], [6.2791142, 4.1175237], [6.2795634, 4.117557], [6.280012, 4.1175904], [6.2804613, 4.117614], [6.2809114, 4.1176333], [6.281361, 4.1176524], [6.281811, 4.1176615], [6.2822614, 4.1176686], [6.2827115, 4.117676], [6.2831616, 4.117677], [6.2836123, 4.11768], [6.2840624, 4.1176825], [6.2845125, 4.1176853], [6.2849627, 4.1176867], [6.285413, 4.117684], [6.285863, 4.1176796], [6.286313, 4.117676], [6.2867637, 4.117675], [6.287214, 4.1176763], [6.287664, 4.117677], [6.288114, 4.1176744], [6.288564, 4.1176715], [6.2890143, 4.1176596], [6.2894635, 4.1176453], [6.2899137, 4.1176286], [6.2903633, 4.1176014], [6.2908125, 4.117574], [6.2912607, 4.1175427], [6.29171, 4.117508], [6.292158, 4.1174726], [6.2926064, 4.1174345], [6.293055, 4.117391], [6.2935023, 4.117347], [6.2939487, 4.117288], [6.2943954, 4.117227], [6.294841, 4.117162], [6.295285, 4.117093], [6.295731, 4.1170244], [6.2961745, 4.11695], [6.2966166, 4.1168623], [6.2970586, 4.1167746], [6.2974987, 4.1166816], [6.297939, 4.1165857], [6.298378, 4.116486], [6.2988153, 4.1163764], [6.2992516, 4.1162677], [6.2996893, 4.1161585], [6.3001237, 4.1160426], [6.3005576, 4.1159177], [6.300989, 4.1157913], [6.301421, 4.1156626], [6.301853, 4.1155353], [6.3022866, 4.1154165], [6.3027215, 4.1152983], [6.303156, 4.1151843], [6.3035917, 4.1150703], [6.304029, 4.1149635], [6.3044662, 4.114858], [6.3049054, 4.114761], [6.3053455, 4.1146655], [6.3057857, 4.1145716], [6.3062267, 4.114479], [6.306667, 4.114387], [6.307109, 4.1143007], [6.3075514, 4.114216], [6.307997, 4.1141515], [6.3084435, 4.114087], [6.30889, 4.1140327], [6.309337, 4.1139793], [6.309785, 4.113932], [6.310233, 4.113888], [6.3106813, 4.1138434], [6.3111296, 4.1138062], [6.3115788, 4.11377], [6.312028, 4.113744], [6.312478, 4.1137238], [6.312928, 4.1137047], [6.313379, 4.113692], [6.313829, 4.1136837], [6.314279, 4.113676], [6.314729, 4.113673], [6.3151793, 4.1136713], [6.3156295, 4.1136723], [6.3160796, 4.1136746], [6.3165298, 4.1136785], [6.3169804, 4.1136827], [6.3174305, 4.113689], [6.3178806, 4.113698], [6.318331, 4.1137033], [6.318781, 4.1136994], [6.319231, 4.1136956], [6.319681, 4.1136928], [6.320132, 4.1136956], [6.320582, 4.113697], [6.321032, 4.1137], [6.321482, 4.1137023], [6.3219323, 4.1137047], [6.3223825, 4.1137085], [6.3228326, 4.113712], [6.323283, 4.113716], [6.3237333, 4.11372], [6.3241835, 4.113724], [6.3246336, 4.1137266], [6.3250837, 4.1137276], [6.325534, 4.1137285], [6.325984, 4.113727], [6.326434, 4.113726], [6.3268847, 4.113725], [6.327335, 4.113724], [6.327785, 4.1137223], [6.328235, 4.1137195], [6.3286853, 4.1137176], [6.3291354, 4.1137166], [6.3295856, 4.113717], [6.3300357, 4.113717], [6.3304863, 4.1137185], [6.3309364, 4.1137214], [6.3313866, 4.113723], [6.3318367, 4.1137257], [6.332287, 4.1137257], [6.332737, 4.113721], [6.333187, 4.113715], [6.333637, 4.1137114], [6.3340874, 4.113707], [6.334538, 4.113704], [6.334988, 4.1137047], [6.3354383, 4.1137056], [6.3358884, 4.113709], [6.3363385, 4.113716], [6.3367887, 4.1137204], [6.337239, 4.1137176], [6.3376894, 4.1137156], [6.3381395, 4.113713], [6.3385897, 4.113712], [6.33904, 4.113711], [6.33949, 4.11371], [6.33994, 4.113709], [6.34039, 4.1137075], [6.3408403, 4.1137123], [6.341291, 4.1137166], [6.341741, 4.113722], [6.342191, 4.113728], [6.3426414, 4.1137342], [6.3430915, 4.1137424], [6.3435407, 4.1137495], [6.343991, 4.113749], [6.3444414, 4.113748], [6.3448915, 4.113747], [6.3453417, 4.113746], [6.345792, 4.1137466], [6.346242, 4.1137476], [6.346692, 4.1137476], [6.347142, 4.1137466], [6.3475924, 4.113745], [6.3480425, 4.1137443], [6.348493, 4.113745], [6.348943, 4.1137466], [6.3493934, 4.1137476], [6.3498435, 4.113749], [6.3502936, 4.113751], [6.350744, 4.1137524], [6.351194, 4.1137543], [6.351644, 4.1137557], [6.3520947, 4.1137576], [6.352545, 4.1137567], [6.352995, 4.113755], [6.353445, 4.1137533], [6.353895, 4.1137495], [6.3543453, 4.113746], [6.3547955, 4.1137424], [6.3552456, 4.1137466], [6.3556957, 4.113751], [6.3561463, 4.1137543], [6.3565965, 4.113757], [6.3570466, 4.1137576], [6.3574967, 4.1137576], [6.357947, 4.1137576], [6.358397, 4.1137567], [6.358847, 4.113755], [6.3592973, 4.113756], [6.3597474, 4.113756], [6.360198, 4.1137567], [6.360648, 4.1137576], [6.3610983, 4.113758], [6.3615484, 4.113759], [6.3619986, 4.1137614], [6.3624487, 4.1137643], [6.362899, 4.1137614], [6.363349, 4.1137576], [6.363799, 4.113753], [6.364249, 4.113753], [6.3647, 4.1137524], [6.36515, 4.1137524], [6.3656, 4.1137533], [6.3660502, 4.1137586], [6.3665004, 4.113764], [6.3669505, 4.113768], [6.3674006, 4.11377], [6.367851, 4.1137714], [6.3683014, 4.113774], [6.3687515, 4.1137757], [6.3692017, 4.113777], [6.369652, 4.113778], [6.370102, 4.113777], [6.370552, 4.1137724], [6.371002, 4.1137686], [6.3714523, 4.113765], [6.3719025, 4.113763], [6.3723526, 4.113761], [6.3728027, 4.113759], [6.3732533, 4.1137605], [6.3737035, 4.1137624], [6.3741536, 4.113764], [6.3746037, 4.1137657], [6.375054, 4.113767], [6.375504, 4.113768], [6.375954, 4.1137686], [6.3764043, 4.1137676], [6.3768544, 4.1137667], [6.377305, 4.1137657], [6.377755, 4.1137652], [6.3782053, 4.1137695], [6.3786554, 4.1137753], [6.3791056, 4.1137805], [6.3795557, 4.113779], [6.380006, 4.113778], [6.380456, 4.113777], [6.380906, 4.113776], [6.3813562, 4.1137767], [6.381807, 4.1137767], [6.382257, 4.1137767], [6.382707, 4.113778], [6.3831573, 4.1137805], [6.3836074, 4.1137834], [6.3840575, 4.1137857], [6.3845077, 4.113789], [6.384958, 4.113794], [6.385408, 4.113797], [6.3858585, 4.1138015], [6.3863087, 4.113806], [6.386759, 4.113811], [6.387209, 4.1138153], [6.387659, 4.1138186], [6.388109, 4.1138234], [6.3885593, 4.113826], [6.3890095, 4.1138268], [6.3894596, 4.1138263], [6.38991, 4.1138263], [6.3903604, 4.1138253], [6.3908105, 4.1138225], [6.3912606, 4.1138196], [6.3917108, 4.113818], [6.392161, 4.113817], [6.392611, 4.113819], [6.393061, 4.1138206], [6.3935113, 4.113823], [6.3939614, 4.1138268], [6.3944116, 4.113831], [6.394862, 4.1138334], [6.3953123, 4.1138325], [6.3957624, 4.1138315], [6.3962126, 4.11383], [6.3966627, 4.11383], [6.397113, 4.11383], [6.397563, 4.1138306], [6.398013, 4.1138315], [6.3984632, 4.113833], [6.3989134, 4.113835], [6.3993635, 4.1138353], [6.399814, 4.1138315], [6.4002643, 4.1138277], [6.4007144, 4.113824], [6.4011645, 4.113823], [6.4016147, 4.113822], [6.402065, 4.113821], [6.402515, 4.1138196], [6.402965, 4.1138206], [6.403415, 4.113821], [6.4038653, 4.113821], [6.4043155, 4.113822], [6.4047656, 4.1138215], [6.405216, 4.1138225], [6.4056664, 4.1138215], [6.4061165, 4.11382], [6.4065666, 4.113819], [6.4070168, 4.11382], [6.407467, 4.1138244], [6.407917, 4.1138287], [6.408367, 4.113832], [6.4088173, 4.1138363], [6.4092674, 4.1138363], [6.4097176, 4.113837], [6.410168, 4.113837], [6.4106183, 4.1138377], [6.4110684, 4.113838], [6.4115186, 4.113839], [6.4119687, 4.1138396], [6.412419, 4.1138406], [6.412869, 4.113841], [6.413319, 4.113841], [6.4137692, 4.1138406], [6.4142194, 4.1138406], [6.4146695, 4.1138406], [6.4151196, 4.113839], [6.4155703, 4.113838], [6.4160204, 4.1138372], [6.4164705, 4.1138363], [6.4169207, 4.113837], [6.417371, 4.113837], [6.417821, 4.1138372], [6.418271, 4.1138353], [6.418721, 4.1138334], [6.4191713, 4.1138315], [6.4196215, 4.1138306], [6.4200716, 4.113828], [6.4205217, 4.1138253], [6.420972, 4.1138225], [6.421422, 4.1138186], [6.421872, 4.113815], [6.4223228, 4.113815], [6.422773, 4.1138163], [6.423223, 4.113821], [6.423673, 4.1138263], [6.4241233, 4.113831], [6.4245734, 4.113832], [6.4250236, 4.113833], [6.4254737, 4.1138353], [6.425924, 4.1138377], [6.426374, 4.11384], [6.426824, 4.113843], [6.4272747, 4.1138415], [6.427725, 4.1138406], [6.428175, 4.1138396], [6.428625, 4.1138387], [6.4290752, 4.11384], [6.4295254, 4.1138415], [6.4299755, 4.1138444], [6.4304256, 4.113843], [6.430876, 4.113842], [6.431326, 4.113841], [6.431776, 4.1138415], [6.432226, 4.1138434], [6.4326763, 4.113845], [6.4331264, 4.113847], [6.433577, 4.113851], [6.434027, 4.1138563], [6.4344773, 4.113857], [6.4349275, 4.1138577], [6.4353776, 4.113858], [6.4358277, 4.11386], [6.436278, 4.1138635], [6.436728, 4.113867], [6.437178, 4.11387], [6.4376283, 4.113872], [6.4380784, 4.1138725], [6.4385285, 4.1138735], [6.4389787, 4.113874], [6.4394293, 4.1138754], [6.4398794, 4.1138773], [6.4403296, 4.1138787], [6.4407797, 4.1138816], [6.44123, 4.113883], [6.44168, 4.1138844], [6.44213, 4.1138873], [6.44258, 4.1138887], [6.4430304, 4.1138897], [6.4434805, 4.1138883], [6.4439306, 4.1138873], [6.4443808, 4.113887], [6.444831, 4.113888], [6.445281, 4.1138883], [6.445731, 4.113889], [6.446182, 4.1138897], [6.446632, 4.1138897], [6.447082, 4.1138887], [6.447532, 4.1138873], [6.4479823, 4.1138864], [6.4484324, 4.1138854], [6.4488826, 4.1138844], [6.4493327, 4.113883], [6.449783, 4.113884], [6.450233, 4.1138844], [6.450683, 4.1138864], [6.4511333, 4.113887], [6.4515834, 4.113887], [6.4520335, 4.1138854], [6.4524837, 4.1138844], [6.452934, 4.1138835], [6.453384, 4.113884], [6.4538345, 4.113885], [6.4542847, 4.1138854], [6.454735, 4.1138864], [6.455185, 4.113887], [6.455635, 4.1138883], [6.456085, 4.113889], [6.4565353, 4.1138906], [6.4569855, 4.1138916], [6.4574356, 4.1138906], [6.4578857, 4.113889], [6.458336, 4.113889], [6.458786, 4.1138926], [6.459236, 4.113896], [6.4596863, 4.1139], [6.4601364, 4.113902], [6.4605865, 4.1138988], [6.461037, 4.113897], [6.4614873, 4.113895], [6.4619374, 4.113892], [6.4623876, 4.1138883], [6.4628377, 4.1138844], [6.463288, 4.1138806], [6.463738, 4.113881], [6.464188, 4.113881], [6.464638, 4.1138816], [6.4650884, 4.1138825], [6.4655385, 4.113884], [6.4659886, 4.1138864], [6.466439, 4.1138906], [6.466889, 4.1138945], [6.467339, 4.113898], [6.467789, 4.1139], [6.4682393, 4.1139016], [6.4686894, 4.1139045], [6.4691396, 4.113905], [6.46959, 4.113907], [6.4700403, 4.1139083], [6.4704905, 4.1139097], [6.4709406, 4.113912], [6.4713907, 4.113915], [6.471841, 4.1139174], [6.47229, 4.1139216], [6.47274, 4.113927], [6.4731903, 4.113933], [6.4736404, 4.1139383], [6.4740906, 4.1139426], [6.4745407, 4.113948], [6.474991, 4.113952], [6.4754415, 4.1139545], [6.4758916, 4.1139517], [6.4763417, 4.113949], [6.476792, 4.1139464], [6.477242, 4.1139455], [6.477692, 4.1139445], [6.4781423, 4.1139426], [6.4785924, 4.113937], [6.4790425, 4.11393], [6.4794927, 4.1139255], [6.479943, 4.1139216], [6.480393, 4.113924], [6.480843, 4.113927], [6.481293, 4.11393], [6.4817433, 4.1139326], [6.4821935, 4.1139317], [6.4826436, 4.113928], [6.4830937, 4.113923], [6.483544, 4.1139193], [6.483994, 4.1139154], [6.484444, 4.113912], [6.484895, 4.1139092], [6.4853454, 4.113911], [6.4857945, 4.1139145], [6.4862447, 4.113919], [6.486695, 4.113922], [6.487145, 4.1139245], [6.487595, 4.1139264], [6.4880457, 4.113929], [6.488496, 4.113931], [6.488946, 4.1139336], [6.489396, 4.113936], [6.489846, 4.11394], [6.4902964, 4.113941], [6.4907465, 4.1139407], [6.4911966, 4.1139407], [6.491647, 4.1139402], [6.492097, 4.1139402], [6.492547, 4.1139436], [6.492997, 4.113947], [6.4934473, 4.1139503], [6.4938974, 4.1139493], [6.4943476, 4.1139483], [6.4947977, 4.113947], [6.495248, 4.113947], [6.495698, 4.1139464], [6.496148, 4.1139474], [6.4965982, 4.113948], [6.4970484, 4.113952], [6.4974985, 4.1139565], [6.4979486, 4.1139607], [6.4983993, 4.113965], [6.4988494, 4.113964], [6.4992995, 4.113963], [6.4997497, 4.1139617], [6.5002, 4.1139607], [6.50065, 4.11396], [6.5011, 4.1139584], [6.50155, 4.1139574], [6.5020003, 4.1139607], [6.5024505, 4.113964], [6.5029006, 4.1139674], [6.5033507, 4.1139708], [6.503801, 4.113973], [6.504251, 4.113976], [6.504701, 4.1139765], [6.5051513, 4.1139755], [6.5056014, 4.113974], [6.5060515, 4.113975], [6.5065017, 4.1139793], [6.506952, 4.1139827], [6.507402, 4.113986], [6.507852, 4.113984], [6.508302, 4.1139793], [6.5087523, 4.1139746], [6.5092025, 4.11397], [6.5096526, 4.1139674], [6.5101027, 4.1139646], [6.510553, 4.1139627], [6.511003, 4.11396], [6.511453, 4.113957], [6.5119033, 4.113953], [6.5123534, 4.11395], [6.5128036, 4.113948], [6.5132537, 4.113951], [6.513704, 4.113954], [6.514154, 4.1139574], [6.5146046, 4.1139607], [6.5150547, 4.113964], [6.515505, 4.1139684], [6.515955, 4.113969], [6.516405, 4.1139708], [6.5168552, 4.113971], [6.5173054, 4.1139717], [6.5177555, 4.1139708], [6.5182056, 4.11397], [6.518656, 4.1139684], [6.519106, 4.1139674], [6.519556, 4.113967], [6.520006, 4.113967], [6.5204563, 4.1139665], [6.5209064, 4.1139674], [6.5213566, 4.113967], [6.5218067, 4.1139703], [6.522257, 4.1139736], [6.522707, 4.1139765], [6.523157, 4.113978], [6.5236073, 4.1139793], [6.5240574, 4.113981], [6.5245075, 4.1139817], [6.5249577, 4.113984], [6.525408, 4.1139855], [6.525858, 4.1139874], [6.526308, 4.113989], [6.526758, 4.1139903], [6.5272083, 4.1139903], [6.5276585, 4.113991], [6.5281086, 4.1139913], [6.5285587, 4.113992], [6.529009, 4.1139927], [6.529459, 4.1139936], [6.529909, 4.113994], [6.5303593, 4.1139975], [6.5308094, 4.114001], [6.5312595, 4.114004], [6.5317097, 4.1140103], [6.5321603, 4.1140156], [6.5326104, 4.114018], [6.5330606, 4.1140213], [6.5335107, 4.1140237], [6.533961, 4.1140246], [6.534411, 4.114023], [6.534861, 4.114023], [6.535311, 4.114022], [6.5357614, 4.114017], [6.5362115, 4.11401], [6.5366616, 4.114003], [6.5371118, 4.1140003], [6.537562, 4.1140018], [6.538012, 4.114002], [6.538462, 4.114004], [6.5389123, 4.1140065], [6.5393624, 4.114009], [6.5398126, 4.1140122], [6.5402627, 4.1140137], [6.540713, 4.1140146], [6.541163, 4.114014], [6.541613, 4.114015], [6.542063, 4.1140146], [6.5425134, 4.114015], [6.5429635, 4.114015], [6.5434136, 4.1140146], [6.543864, 4.1140146], [6.544314, 4.114014], [6.544764, 4.114014], [6.545214, 4.1140137], [6.5456643, 4.1140137], [6.5461144, 4.114016], [6.5465646, 4.1140184], [6.5470147, 4.114021], [6.547465, 4.114023], [6.547915, 4.114026], [6.548365, 4.1140285], [6.5488153, 4.114031], [6.5492654, 4.114033], [6.5497155, 4.1140337], [6.5501657, 4.1140356], [6.550616, 4.114038], [6.551066, 4.1140404], [6.551516, 4.1140428], [6.551966, 4.114045], [6.5524163, 4.114045], [6.5528665, 4.1140428], [6.5533166, 4.11404], [6.5537667, 4.114038], [6.554217, 4.1140375], [6.554667, 4.1140394], [6.555117, 4.114041], [6.5555673, 4.1140413], [6.5560174, 4.1140413], [6.5564675, 4.11404], [6.5569177, 4.114039], [6.557368, 4.1140375], [6.557818, 4.1140375], [6.558268, 4.114037], [6.558718, 4.114037], [6.5591683, 4.1140366], [6.5596185, 4.1140347], [6.5600686, 4.1140327], [6.5605187, 4.1140294], [6.560969, 4.1140265], [6.561419, 4.1140246], [6.561869, 4.114022], [6.5623193, 4.1140194], [6.5627694, 4.1140175], [6.5632195, 4.1140146], [6.5636697, 4.1140122], [6.56412, 4.1140122], [6.56457, 4.1140146], [6.56502, 4.114018], [6.56547, 4.1140203], [6.5659204, 4.1140237], [6.5663705, 4.114028], [6.5668206, 4.114033], [6.5672708, 4.1140385], [6.567721, 4.1140437], [6.568171, 4.1140485], [6.568621, 4.1140537], [6.5690713, 4.11406], [6.5695214, 4.114064], [6.5699716, 4.1140623], [6.5704217, 4.11406], [6.570872, 4.114058], [6.571322, 4.1140556], [6.571772, 4.1140547], [6.572222, 4.1140537], [6.5726724, 4.1140523], [6.5731225, 4.1140513], [6.5735726, 4.11405], [6.574023, 4.1140513], [6.574473, 4.1140523], [6.574923, 4.114053], [6.575373, 4.114054], [6.5758233, 4.114055], [6.5762734, 4.1140566], [6.5767236, 4.114057], [6.5771737, 4.114058], [6.577624, 4.1140566], [6.578074, 4.1140556], [6.578524, 4.114054], [6.5789742, 4.1140594], [6.5794244, 4.1140647], [6.5798745, 4.11407], [6.5803246, 4.1140723], [6.580775, 4.114071], [6.581225, 4.11407], [6.581675, 4.1140714], [6.582125, 4.1140757], [6.5825753, 4.114081], [6.5830255, 4.114085], [6.5834746, 4.1140857], [6.5839257, 4.114082], [6.584376, 4.1140814], [6.584826, 4.114084], [6.585275, 4.1140857], [6.5857253, 4.1140842], [6.5861764, 4.1140823], [6.5866265, 4.1140795], [6.587076, 4.114078], [6.5875263, 4.1140785], [6.5879765, 4.1140795], [6.5884266, 4.114076], [6.5888767, 4.1140723], [6.589327, 4.1140685], [6.589777, 4.1140656], [6.590227, 4.114064], [6.5906773, 4.1140633], [6.5911274, 4.114062], [6.5915775, 4.114062], [6.5920277, 4.1140614], [6.592478, 4.1140623], [6.592928, 4.114063], [6.593378, 4.114065], [6.593828, 4.1140685], [6.5942783, 4.114071], [6.5947285, 4.114074], [6.5951786, 4.1140766], [6.595628, 4.11408], [6.596078, 4.1140823], [6.596528, 4.1140847], [6.596978, 4.1140885], [6.5974283, 4.114088], [6.5978785, 4.1140885], [6.5983286, 4.1140885], [6.5987787, 4.114088], [6.599229, 4.1140885], [6.599679, 4.1140885], [6.600129, 4.114088], [6.6005793, 4.1140904], [6.6010294, 4.1140957], [6.6014795, 4.1141], [6.6019297, 4.114105], [6.60238, 4.1141067], [6.60283, 4.114106], [6.60328, 4.114106], [6.60373, 4.1141057], [6.6041803, 4.114104], [6.6046305, 4.1141014], [6.6050806, 4.1140995], [6.6055307, 4.1140976], [6.605981, 4.114095], [6.606431, 4.1140943], [6.606881, 4.114093], [6.6073313, 4.114092], [6.6077814, 4.1140904], [6.608231, 4.1140895], [6.608681, 4.114088], [6.6091313, 4.114089], [6.6095815, 4.1140914], [6.6100316, 4.114093], [6.6104817, 4.114095], [6.610932, 4.1140966], [6.611382, 4.114098], [6.611832, 4.1140995], [6.6122823, 4.1141014], [6.6127324, 4.1141], [6.6131825, 4.114099], [6.6136327, 4.1140976], [6.614083, 4.1140976], [6.614533, 4.114098], [6.614983, 4.1140985], [6.615433, 4.114099], [6.6158834, 4.114101], [6.6163335, 4.1141014], [6.6167836, 4.114102], [6.6172338, 4.1141033], [6.617684, 4.1141057], [6.618134, 4.114108], [6.618584, 4.114112], [6.6190343, 4.1141143], [6.6194844, 4.114114], [6.6199346, 4.1141124], [6.6203847, 4.1141114], [6.620835, 4.114113], [6.621285, 4.1141143], [6.621735, 4.1141157], [6.622185, 4.1141186], [6.6226354, 4.11412], [6.623085, 4.1141214], [6.623535, 4.114123], [6.6239853, 4.1141243], [6.6244354, 4.1141257], [6.6248856, 4.1141267], [6.6253357, 4.114128], [6.625786, 4.1141286], [6.626236, 4.1141286], [6.626686, 4.114129], [6.627136, 4.1141286], [6.6275864, 4.1141286], [6.6280365, 4.114128], [6.6284866, 4.1141286], [6.628937, 4.1141286], [6.629387, 4.114129], [6.629837, 4.1141286], [6.630287, 4.1141295], [6.6307373, 4.114129], [6.6311874, 4.1141286], [6.6316376, 4.114129], [6.6320877, 4.114129], [6.632538, 4.1141286], [6.632988, 4.11413], [6.6334376, 4.1141324], [6.633888, 4.1141353], [6.634338, 4.1141367], [6.634788, 4.114138], [6.635238, 4.1141396], [6.6356883, 4.11414], [6.6361384, 4.1141415], [6.6365886, 4.1141405], [6.6370387, 4.114138], [6.637489, 4.114136], [6.637939, 4.1141343], [6.638389, 4.114132], [6.6388392, 4.1141334], [6.6392894, 4.1141343], [6.6397395, 4.114135], [6.6401896, 4.114137], [6.64064, 4.1141386], [6.64109, 4.114141], [6.64154, 4.1141434], [6.64199, 4.1141424], [6.6424403, 4.114139], [6.64289, 4.114138], [6.64334, 4.1141405], [6.6437902, 4.114144], [6.6442404, 4.114146], [6.6446905, 4.1141496], [6.6451406, 4.114151], [6.645591, 4.1141524], [6.646041, 4.114154], [6.646491, 4.1141553], [6.646941, 4.1141577], [6.6473913, 4.1141586], [6.6478415, 4.114159], [6.6482916, 4.1141596], [6.6487417, 4.11416], [6.649192, 4.114159], [6.649642, 4.1141562], [6.650092, 4.114154], [6.6505423, 4.114151], [6.6509924, 4.1141477], [6.651442, 4.114145], [6.651892, 4.114146], [6.6523423, 4.1141477], [6.6527925, 4.1141496], [6.6532426, 4.114151], [6.6536927, 4.1141534], [6.654143, 4.114156], [6.654593, 4.114158], [6.655043, 4.1141615], [6.6554933, 4.114161], [6.6559434, 4.1141596], [6.6563935, 4.1141586], [6.6568437, 4.114157], [6.657294, 4.114159], [6.657744, 4.114162], [6.658194, 4.1141663], [6.658644, 4.1141706], [6.6590943, 4.114175], [6.6595445, 4.114177], [6.659994, 4.114176], [6.6604443, 4.114175], [6.6608944, 4.1141734], [6.6613445, 4.1141725], [6.6617947, 4.114172], [6.662245, 4.1141725], [6.662695, 4.114174], [6.663145, 4.114175], [6.663595, 4.1141734], [6.6640453, 4.1141667], [6.6644955, 4.114161], [6.6649456, 4.1141543], [6.6653957, 4.1141477], [6.6658454, 4.11415], [6.6662955, 4.1141524], [6.6667457, 4.114155], [6.667196, 4.114157], [6.667646, 4.1141596], [6.668096, 4.114162], [6.668546, 4.1141653], [6.6689963, 4.1141677], [6.6694465, 4.114169], [6.6698966, 4.114171], [6.6703467, 4.1141725], [6.670797, 4.114174], [6.671247, 4.1141753], [6.671697, 4.114176], [6.6721473, 4.1141763], [6.6725974, 4.114177], [6.6730475, 4.1141787], [6.673497, 4.11418], [6.6739473, 4.1141815], [6.6743975, 4.114183], [6.6748476, 4.1141844], [6.6752977, 4.114185], [6.675748, 4.114185], [6.676198, 4.1141853], [6.676648, 4.114185], [6.6770983, 4.114185], [6.6775484, 4.1141877], [6.6779985, 4.11419], [6.6784487, 4.1141934], [6.678899, 4.114197], [6.679349, 4.114199], [6.679799, 4.1142006], [6.680249, 4.114202], [6.680699, 4.1142044], [6.681149, 4.1142054], [6.681599, 4.114204], [6.6820493, 4.1142025], [6.6824994, 4.1142015], [6.6829495, 4.1142], [6.6833997, 4.114199], [6.68385, 4.1141977], [6.6843, 4.114197], [6.68475, 4.1141953], [6.6852, 4.114196], [6.6856503, 4.114199], [6.6861, 4.1142015], [6.68655, 4.114204], [6.6870003, 4.1142063], [6.6874504, 4.114206], [6.6879005, 4.114205], [6.6883507, 4.1142035], [6.688801, 4.1142025], [6.689251, 4.114201], [6.689701, 4.114199], [6.690151, 4.114196], [6.6906013, 4.114194], [6.6910515, 4.1141925], [6.691501, 4.114196], [6.6919513, 4.114198], [6.6924014, 4.1142015], [6.6928515, 4.114204], [6.6933017, 4.1142035], [6.693752, 4.1142025], [6.694202, 4.114201], [6.694652, 4.1141996], [6.695102, 4.1141977], [6.6955523, 4.1141953], [6.6960025, 4.1141934], [6.6964526, 4.114191], [6.6969023, 4.114191], [6.6973524, 4.1141977], [6.6978025, 4.114204], [6.6982527, 4.1142087], [6.698703, 4.1142097], [6.699153, 4.114211], [6.699603, 4.1142116], [6.700053, 4.114214], [6.7005033, 4.1142173], [6.7009535, 4.1142206], [6.7014036, 4.1142235], [6.7018538, 4.1142254], [6.702304, 4.114225], [6.7027535, 4.1142244], [6.7032037, 4.114225], [6.703654, 4.114223], [6.704104, 4.1142187], [6.704554, 4.114215], [6.705004, 4.114211], [6.7054543, 4.1142125], [6.7059045, 4.114214], [6.7063546, 4.1142154], [6.7068048, 4.114217], [6.707255, 4.114218], [6.7077045, 4.1142187], [6.7081547, 4.1142206], [6.708605, 4.114219], [6.709055, 4.1142178], [6.709505, 4.114217], [6.709955, 4.1142173], [6.7104053, 4.1142197], [6.7108555, 4.114222], [6.7113047, 4.1142244], [6.711755, 4.114228], [6.712205, 4.11423], [6.712655, 4.1142325], [6.7131047, 4.114235], [6.713555, 4.1142344], [6.714005, 4.114235], [6.714455, 4.1142344], [6.7149053, 4.1142325], [6.7153554, 4.11423], [6.7158055, 4.1142282], [6.7162557, 4.114225], [6.716706, 4.114224], [6.717156, 4.1142235], [6.7176056, 4.114222], [6.7180557, 4.1142282], [6.718506, 4.114234], [6.718956, 4.11424], [6.719406, 4.1142454], [6.7198563, 4.1142473], [6.7203064, 4.114249], [6.7207565, 4.1142507], [6.7212067, 4.114253], [6.721657, 4.1142535], [6.722107, 4.114253], [6.7225566, 4.1142535], [6.7230067, 4.114254], [6.723457, 4.1142554], [6.723907, 4.1142564], [6.724357, 4.114258], [6.7248073, 4.1142564], [6.7252574, 4.114255], [6.7257075, 4.114254], [6.7261577, 4.1142526], [6.726608, 4.114251], [6.7270575, 4.11425], [6.7275076, 4.1142497], [6.7279577, 4.114249], [6.728408, 4.114249], [6.728858, 4.1142488], [6.729308, 4.1142483], [6.7297583, 4.1142464], [6.7302084, 4.114244], [6.7306585, 4.114242], [6.731108, 4.1142406], [6.7315583, 4.1142383], [6.7320085, 4.1142364], [6.7324586, 4.114237], [6.7329087, 4.11424], [6.733359, 4.114244], [6.733809, 4.1142473], [6.734259, 4.1142473], [6.7347093, 4.114244], [6.735159, 4.114242], [6.735609, 4.1142397], [6.736059, 4.114243], [6.7365093, 4.1142464], [6.7369595, 4.1142497], [6.7374096, 4.1142483], [6.7378597, 4.114247], [6.73831, 4.114246], [6.73876, 4.1142473], [6.7392097, 4.1142507], [6.73966, 4.1142535], [6.74011, 4.114257], [6.74056, 4.1142592], [6.74101, 4.1142607], [6.7414603, 4.114262], [6.7419105, 4.1142626], [6.7423606, 4.114263], [6.7428107, 4.114263], [6.7432604, 4.1142635], [6.7437105, 4.114264], [6.7441607, 4.1142654], [6.744611, 4.114266], [6.745061, 4.1142673], [6.745511, 4.114268], [6.745961, 4.1142683], [6.7464113, 4.1142697], [6.7468615, 4.1142707], [6.747311, 4.1142726], [6.7477612, 4.1142745], [6.7482114, 4.114276], [6.7486615, 4.114278], [6.7491117, 4.114279], [6.749562, 4.1142783], [6.750012, 4.114279], [6.750462, 4.1142783], [6.750912, 4.1142774], [6.751362, 4.114276], [6.751812, 4.1142735], [6.752262, 4.1142716], [6.7527122, 4.1142693], [6.7531624, 4.1142673], [6.7536125, 4.114266], [6.7540627, 4.1142664], [6.754513, 4.114268], [6.7549624, 4.1142683], [6.7554126, 4.1142697], [6.7558627, 4.11427], [6.756313, 4.1142707], [6.756763, 4.114272], [6.757213, 4.114273], [6.7576632, 4.1142735], [6.7581134, 4.114275], [6.758563, 4.1142755], [6.759013, 4.114277], [6.7594633, 4.1142783], [6.7599134, 4.114279], [6.7603636, 4.11428], [6.7608137, 4.1142807], [6.761264, 4.114279], [6.761714, 4.1142764], [6.7621636, 4.1142735], [6.762614, 4.114272], [6.763064, 4.1142716], [6.763514, 4.114271], [6.763964, 4.1142716], [6.7644143, 4.114273], [6.7648644, 4.1142764], [6.7653146, 4.1142807], [6.765764, 4.114284], [6.7662144, 4.1142845], [6.7666645, 4.114284], [6.7671146, 4.1142836], [6.767565, 4.114283], [6.768015, 4.114283], [6.768465, 4.1142836], [6.768915, 4.114284], [6.769365, 4.1142845], [6.769815, 4.114285], [6.770265, 4.1142855], [6.770715, 4.114286], [6.7711654, 4.1142864], [6.7716155, 4.114287], [6.7720656, 4.114287], [6.7725153, 4.1142874], [6.7729654, 4.114288], [6.7734156, 4.1142883], [6.7738657, 4.114289], [6.774316, 4.11429], [6.774766, 4.1142907], [6.775216, 4.114291], [6.775666, 4.1142926], [6.776116, 4.114293], [6.776566, 4.1142945], [6.777016, 4.114295], [6.7774663, 4.114296], [6.7779164, 4.1142964], [6.7783666, 4.114296], [6.7788167, 4.1142964], [6.7792664, 4.114296], [6.7797165, 4.1142955], [6.7801666, 4.114299], [6.7806168, 4.114302], [6.781067, 4.1143055], [6.781517, 4.114302], [6.781967, 4.1143003], [6.7824173, 4.114298], [6.782867, 4.1142955], [6.783317, 4.1142955], [6.783767, 4.114297], [6.7842174, 4.114299], [6.7846675, 4.1143003], [6.7851176, 4.1143017], [6.7855678, 4.114298], [6.7860174, 4.114293], [6.7864676, 4.1142874], [6.7869177, 4.114285], [6.787368, 4.1142864], [6.787818, 4.114288], [6.788268, 4.1142893], [6.788718, 4.1142917], [6.789168, 4.114292], [6.789618, 4.1142936], [6.790068, 4.114294], [6.7905183, 4.1142955], [6.7909684, 4.114296], [6.7914186, 4.1142964], [6.7918687, 4.114297], [6.7923183, 4.1142974], [6.7927685, 4.114299], [6.7932186, 4.1142983], [6.7936687, 4.1142983], [6.794119, 4.114298], [6.794569, 4.1142983], [6.7950187, 4.114298], [6.795469, 4.1142983], [6.795919, 4.114298], [6.796369, 4.114296], [6.796819, 4.1142926], [6.7972693, 4.1142898], [6.797719, 4.1142855], [6.798169, 4.114285], [6.7986193, 4.1142893], [6.7990694, 4.1142936], [6.7995195, 4.1142964], [6.7999697, 4.114299], [6.80042, 4.1143003], [6.80087, 4.1143017], [6.8013196, 4.114303], [6.8017697, 4.1143045], [6.80222, 4.114309], [6.80267, 4.1143126], [6.80312, 4.114317], [6.8035703, 4.114321], [6.8040204, 4.114324], [6.80447, 4.114323], [6.80492, 4.1143217], [6.8053703, 4.1143203], [6.8058205, 4.11432], [6.8062706, 4.114321], [6.8067207, 4.1143236], [6.8071704, 4.114325], [6.8076205, 4.1143246], [6.8080707, 4.1143246], [6.808521, 4.114324], [6.808971, 4.1143246], [6.809421, 4.114323], [6.8098707, 4.1143217], [6.810321, 4.1143208], [6.810771, 4.1143155], [6.811221, 4.1143117], [6.8116713, 4.1143074], [6.8121214, 4.1143055], [6.812571, 4.114303], [6.813021, 4.1143003], [6.8134713, 4.114298], [6.8139215, 4.1142993], [6.8143716, 4.1143017], [6.8148217, 4.114304], [6.815272, 4.114307], [6.8157215, 4.114311], [6.8161716, 4.1143155], [6.816622, 4.1143193], [6.817072, 4.1143236], [6.817522, 4.114325], [6.817972, 4.1143255], [6.818422, 4.114327], [6.818872, 4.1143274], [6.819322, 4.11433], [6.8197722, 4.1143312], [6.8202224, 4.1143327], [6.8206725, 4.114334], [6.8211226, 4.1143355], [6.8215723, 4.114336], [6.8220224, 4.1143365], [6.8224726, 4.114337], [6.8229227, 4.1143374], [6.823373, 4.114339], [6.823823, 4.1143417], [6.8242726, 4.114345], [6.824723, 4.1143484], [6.825173, 4.114351], [6.825623, 4.1143503], [6.826073, 4.11435], [6.8265233, 4.1143494], [6.826973, 4.11435], [6.827423, 4.1143494], [6.827873, 4.114349], [6.8283234, 4.114349], [6.8287735, 4.1143484], [6.8292236, 4.114348], [6.8296733, 4.1143484], [6.8301234, 4.114348], [6.8305726, 4.1143494], [6.8310227, 4.114351], [6.831473, 4.114352], [6.831923, 4.1143527], [6.8323727, 4.114354], [6.832823, 4.1143546], [6.833273, 4.114356], [6.833723, 4.1143565], [6.834173, 4.114355], [6.8346233, 4.1143537], [6.835073, 4.114352], [6.835523, 4.1143513], [6.8359733, 4.114348], [6.8364234, 4.114345], [6.8368745, 4.1143427], [6.837324, 4.1143394], [6.8377743, 4.1143374], [6.8382244, 4.114334], [6.8386745, 4.1143365], [6.8391247, 4.11434], [6.839574, 4.1143417], [6.8400235, 4.114346], [6.8404737, 4.1143494], [6.840924, 4.114353], [6.841374, 4.1143575], [6.841824, 4.114361], [6.842274, 4.1143637], [6.842724, 4.114364], [6.843174, 4.1143656], [6.843624, 4.114366], [6.8440742, 4.1143665], [6.8445244, 4.1143656], [6.8449745, 4.114364], [6.845424, 4.1143627], [6.8458743, 4.1143622], [6.8463244, 4.1143637], [6.8467746, 4.114365], [6.8472247, 4.1143665], [6.8476744, 4.114367], [6.8481245, 4.1143665], [6.8485746, 4.114367], [6.849025, 4.114363], [6.849475, 4.114359], [6.8499246, 4.1143556], [6.8503747, 4.1143546], [6.850825, 4.1143575], [6.851275, 4.114362], [6.851725, 4.114365], [6.852175, 4.114368], [6.852625, 4.1143703], [6.853075, 4.114371], [6.853525, 4.1143723], [6.8539753, 4.1143727], [6.8544254, 4.114373], [6.854875, 4.1143727], [6.855325, 4.1143723], [6.8557754, 4.114372], [6.8562255, 4.1143713], [6.8566756, 4.1143723], [6.8571258, 4.114372], [6.8575754, 4.1143713], [6.8580256, 4.114371], [6.8584757, 4.1143723], [6.858926, 4.1143737], [6.859376, 4.114374], [6.8598256, 4.1143746], [6.8602757, 4.114373], [6.860726, 4.114372], [6.861176, 4.1143703], [6.861626, 4.114369], [6.862076, 4.114368], [6.862526, 4.1143665], [6.862976, 4.1143622], [6.863426, 4.1143584], [6.8638763, 4.114354], [6.864326, 4.1143556], [6.864776, 4.114359], [6.8652263, 4.114363], [6.8656764, 4.114367], [6.8661265, 4.1143694], [6.866576, 4.114372], [6.8670263, 4.1143746], [6.8674765, 4.114377], [6.8679266, 4.1143794], [6.8683767, 4.114381], [6.868827, 4.1143823], [6.8692765, 4.1143827], [6.8697267, 4.114384], [6.870177, 4.114385], [6.870627, 4.1143856], [6.871077, 4.114387], [6.8715267, 4.1143875], [6.871977, 4.114388], [6.872427, 4.1143885], [6.872877, 4.114388], [6.8733273, 4.1143875], [6.873777, 4.114387], [6.874227, 4.1143875], [6.874677, 4.114388], [6.8751273, 4.1143885], [6.8755774, 4.114389], [6.876027, 4.1143894], [6.8764772, 4.11439], [6.8769274, 4.1143904], [6.8773775, 4.114391], [6.8778276, 4.1143913], [6.8782773, 4.1143928], [6.8787274, 4.114395], [6.8791776, 4.1143975], [6.8796277, 4.1144], [6.880078, 4.114401], [6.8805275, 4.1144032], [6.8809776, 4.1144056], [6.881428, 4.114406], [6.881878, 4.1144056], [6.882328, 4.114406], [6.8827777, 4.1144056], [6.883228, 4.114405], [6.883678, 4.1144047], [6.884128, 4.1144032], [6.884578, 4.114403], [6.885028, 4.1144023], [6.885478, 4.1144023], [6.885928, 4.114402], [6.8863783, 4.1144013], [6.886828, 4.114401], [6.887278, 4.1144004], [6.887728, 4.1144], [6.8881783, 4.1144004], [6.8886285, 4.114402], [6.889078, 4.1144032], [6.8895283, 4.114405], [6.8899784, 4.1144066], [6.8904285, 4.114406], [6.8908787, 4.1144047], [6.8913283, 4.1144037], [6.8917785, 4.1144023], [6.8922286, 4.114401], [6.8926787, 4.1143994], [6.8931284, 4.114398], [6.8935785, 4.1143966], [6.8940287, 4.1143956], [6.894479, 4.114394], [6.894929, 4.1143928], [6.8953786, 4.1143913], [6.8958287, 4.11439], [6.896279, 4.1143885], [6.896729, 4.1143875], [6.8971786, 4.1143904], [6.897629, 4.1143937], [6.898079, 4.1143975], [6.898529, 4.114401], [6.898979, 4.114405], [6.899429, 4.114408], [6.899879, 4.1144104], [6.900329, 4.114412], [6.9007792, 4.1144123], [6.9012294, 4.1144137], [6.901679, 4.1144133], [6.902129, 4.114412], [6.9025793, 4.1144104], [6.9030294, 4.114409], [6.903479, 4.1144085], [6.903929, 4.114409], [6.9043794, 4.1144094], [6.9048295, 4.11441], [6.9052796, 4.1144104], [6.9057293, 4.114412], [6.9061794, 4.1144137], [6.9066296, 4.114415], [6.9070797, 4.1144166], [6.90753, 4.114418], [6.9079795, 4.1144185], [6.9084296, 4.114419], [6.9088798, 4.1144195], [6.90933, 4.11442], [6.9097795, 4.1144204], [6.9102297, 4.11442], [6.91068, 4.1144195], [6.91113, 4.114419], [6.9115796, 4.1144195], [6.9120297, 4.1144233], [6.91248, 4.1144276], [6.91293, 4.1144323], [6.91338, 4.1144366], [6.91383, 4.1144385], [6.91428, 4.1144357], [6.91473, 4.1144333], [6.91518, 4.114431], [6.91563, 4.1144304], [6.91608, 4.11443], [6.91653, 4.1144295], [6.9169803, 4.114429], [6.9174304, 4.114427], [6.91788, 4.114423], [6.91833, 4.1144195], [6.9187803, 4.1144156], [6.9192305, 4.114415], [6.91968, 4.1144156], [6.9201303, 4.114416], [6.9205804, 4.1144166], [6.9210305, 4.114417], [6.92148, 4.1144176], [6.9219303, 4.1144185], [6.9223804, 4.11442], [6.9228306, 4.1144214], [6.9232802, 4.114423], [6.9237304, 4.114424], [6.9241805, 4.1144257], [6.9246306, 4.114425], [6.925081, 4.114425], [6.9255304, 4.1144247], [6.9259806, 4.114424], [6.9264307, 4.1144247], [6.926881, 4.114425], [6.9273305, 4.1144257], [6.9277806, 4.114426], [6.928231, 4.1144276], [6.928681, 4.114427], [6.9291306, 4.1144266], [6.9295807, 4.114426], [6.930031, 4.1144257], [6.930481, 4.114429], [6.9309306, 4.114432], [6.9313807, 4.114435], [6.931831, 4.114439], [6.932281, 4.1144423], [6.932731, 4.114443], [6.933181, 4.1144433], [6.933631, 4.114444], [6.934081, 4.1144443], [6.934531, 4.1144447], [6.934981, 4.1144447], [6.935431, 4.1144443], [6.935881, 4.1144447], [6.9363313, 4.1144443], [6.936781, 4.1144447], [6.937231, 4.1144443], [6.937681, 4.114443], [6.9381313, 4.1144414], [6.938581, 4.1144404], [6.939031, 4.114439], [6.9394813, 4.1144385], [6.9399314, 4.114438], [6.940381, 4.1144385], [6.940831, 4.114438], [6.9412813, 4.1144376], [6.9417315, 4.114438], [6.942181, 4.1144376], [6.9426312, 4.114437], [6.9430814, 4.114438], [6.9435315, 4.1144395], [6.943981, 4.114441], [6.9444313, 4.1144423], [6.9448814, 4.114444], [6.9453316, 4.1144447], [6.945781, 4.114446], [6.9462314, 4.1144476], [6.9466815, 4.114449], [6.9471316, 4.1144505], [6.9475813, 4.1144505], [6.9480314, 4.114451], [6.9484816, 4.1144514], [6.9489317, 4.114452], [6.9493814, 4.1144524], [6.9498315, 4.114453], [6.9502816, 4.1144533], [6.9507318, 4.114454], [6.9511814, 4.1144543], [6.9516306, 4.1144543], [6.9520807, 4.1144557], [6.952531, 4.114457], [6.952981, 4.1144576], [6.9534307, 4.114459], [6.953881, 4.11446], [6.954331, 4.1144605], [6.954781, 4.114462], [6.9552307, 4.1144633], [6.955681, 4.1144648], [6.956131, 4.1144657], [6.956581, 4.114468], [6.957031, 4.1144695], [6.957481, 4.114471], [6.957931, 4.114472], [6.958381, 4.1144733], [6.958831, 4.114475], [6.959281, 4.1144753], [6.959731, 4.11447], [6.9601808, 4.114465], [6.960631, 4.114459], [6.961081, 4.1144543], [6.961531, 4.1144485], [6.961981, 4.1144433], [6.962432, 4.1144376], [6.962882, 4.1144323], [6.9633317, 4.1144285], [6.963782, 4.1144304], [6.964232, 4.114433], [6.9646816, 4.114435], [6.9651318, 4.114437], [6.965581, 4.1144395], [6.966031, 4.114442], [6.966481, 4.114444], [6.966931, 4.114447], [6.967381, 4.11445], [6.967831, 4.1144524], [6.9682813, 4.1144557], [6.968731, 4.1144586], [6.969181, 4.114462], [6.969631, 4.1144648], [6.9700813, 4.114468], [6.970531, 4.1144695], [6.970981, 4.114469], [6.9714313, 4.1144686], [6.9718814, 4.1144676], [6.972331, 4.114467], [6.972781, 4.1144676], [6.9732313, 4.114467], [6.973681, 4.1144667], [6.974131, 4.114466], [6.9745812, 4.1144686], [6.9750314, 4.1144705], [6.975481, 4.114474], [6.975931, 4.114476], [6.9763813, 4.114479], [6.9768314, 4.1144814], [6.977281, 4.1144843], [6.977731, 4.1144867], [6.9781814, 4.114489], [6.9786315, 4.11449], [6.979081, 4.1144905], [6.9795313, 4.114491], [6.9799814, 4.1144915], [6.980431, 4.114492], [6.980881, 4.1144924], [6.9813313, 4.114493], [6.9817815, 4.114493], [6.982231, 4.1144934], [6.9826813, 4.114493], [6.9831314, 4.1144934], [6.9835815, 4.114493], [6.984031, 4.1144924], [6.9844813, 4.114492], [6.9849315, 4.1144915], [6.985381, 4.114491], [6.9858313, 4.1144905], [6.9862814, 4.11449], [6.9867315, 4.1144896], [6.987181, 4.114488], [6.9876313, 4.1144867], [6.9880815, 4.1144853], [6.988531, 4.114484], [6.9889812, 4.1144824], [6.9894314, 4.114481], [6.9898815, 4.1144805], [6.990331, 4.114482], [6.9907813, 4.114484], [6.9912314, 4.1144853], [6.991681, 4.1144867], [6.992131, 4.114488], [6.9925814, 4.11449], [6.9930315, 4.1144915], [6.993481, 4.114493], [6.9939313, 4.114494], [6.9943814, 4.1144953], [6.9948316, 4.1144967], [6.995281, 4.114497], [6.9957314, 4.114498], [6.9961815, 4.1144986], [6.996631, 4.1145], [6.9970813, 4.1145015], [6.9975314, 4.114501], [6.9979815, 4.1144996], [6.998431, 4.114498], [6.9988813, 4.1144967], [6.9993315, 4.1144953], [6.999781, 4.114494], [7.0002313, 4.1144924], [7.0006814, 4.114491], [7.001131, 4.1144886], [7.001581, 4.114486], [7.0020313, 4.1144834], [7.0024815, 4.11448], [7.002931, 4.1144767], [7.0033813, 4.1144743], [7.0038314, 4.114471], [7.004281, 4.114468], [7.004731, 4.1144648], [7.0051813, 4.1144614], [7.005631, 4.114458], [7.006081, 4.1144576], [7.0065312, 4.11446], [7.006981, 4.114463], [7.007431, 4.114466], [7.007881, 4.114469], [7.0083313, 4.1144724], [7.008781, 4.114476], [7.009231, 4.1144896], [7.009681, 4.1145034], [7.0101314, 4.1145163], [7.0105815, 4.1145296], [7.01103, 4.1145434], [7.0114803, 4.1145563], [7.0119305, 4.1145706], [7.0123796, 4.1145835], [7.01283, 4.1145973], [7.013279, 4.11461], [7.0137286, 4.1146245], [7.0141788, 4.1146374], [7.014628, 4.1146603], [7.015077, 4.114689], [7.0155263, 4.114717], [7.0159755, 4.1147456], [7.0164237, 4.114774], [7.016873, 4.1148024], [7.017322, 4.114831], [7.0177712, 4.114859], [7.0182204, 4.1148877], [7.0186696, 4.114916], [7.019118, 4.1149464], [7.019567, 4.1149817], [7.0200157, 4.1150184], [7.020464, 4.115054], [7.020912, 4.1150904], [7.0213604, 4.115132], [7.0218077, 4.1151824], [7.0222554, 4.1152344], [7.0227017, 4.1152844], [7.0231495, 4.1153345], [7.023597, 4.1153855], [7.024043, 4.1154404], [7.02449, 4.1154947], [7.024936, 4.1155496], [7.025382, 4.1156077], [7.025829, 4.115667], [7.026274, 4.115727], [7.02672, 4.115786], [7.027167, 4.115845], [7.027612, 4.1159043], [7.028058, 4.1159663], [7.0285034, 4.116029], [7.0289493, 4.116095], [7.029394, 4.116164], [7.029838, 4.1162333], [7.030283, 4.1163063], [7.030727, 4.1163797], [7.03117, 4.116457], [7.031613, 4.116536], [7.032056, 4.116616], [7.032499, 4.116698], [7.0329413, 4.116782], [7.0333834, 4.1168647], [7.0338254, 4.116948], [7.0342674, 4.1170316], [7.03471, 4.1171155], [7.035152, 4.117201], [7.035593, 4.1172886], [7.0360346, 4.1173787], [7.0364747, 4.117472], [7.0369153, 4.1175656], [7.0373554, 4.117659], [7.037794, 4.117757], [7.038233, 4.1178603], [7.0386715, 4.117962], [7.0391097, 4.118064], [7.039546, 4.1181736], [7.039983, 4.118285], [7.0404186, 4.1183977], [7.0408535, 4.11851], [7.041291, 4.118616], [7.041729, 4.1187224], [7.0421634, 4.11884], [7.0425973, 4.118958], [7.0430336, 4.1190715], [7.0434694, 4.119185], [7.0439043, 4.119299], [7.0443397, 4.1194134], [7.0447736, 4.119534], [7.045206, 4.1196575], [7.0456386, 4.1197834], [7.0460696, 4.119911], [7.046501, 4.120042], [7.0469317, 4.1201725], [7.0473623, 4.1203036], [7.0477924, 4.120436], [7.048223, 4.120569], [7.0486507, 4.120707], [7.0490785, 4.1208467], [7.0495067, 4.1209874], [7.0499334, 4.1211286], [7.0503616, 4.12127], [7.0507884, 4.1214104], [7.0512147, 4.121556], [7.05164, 4.121705], [7.0520654, 4.121852], [7.052491, 4.121998], [7.0529156, 4.1221466], [7.05334, 4.1222963], [7.0537643, 4.1224465], [7.054188, 4.1225986], [7.054612, 4.122751], [7.0550356, 4.1229033], [7.0554585, 4.1230564], [7.055882, 4.1232104], [7.0563035, 4.123369], [7.0567236, 4.1235313], [7.0571423, 4.1236954], [7.0575614, 4.1238604], [7.0579796, 4.1240263], [7.058398, 4.1241937], [7.058814, 4.124365], [7.0592294, 4.124538], [7.0596437, 4.124716], [7.0600576, 4.124892], [7.060474, 4.1250644], [7.0608892, 4.1252365], [7.0613055, 4.1254086], [7.0617213, 4.1255817], [7.0621357, 4.1257586], [7.0625486, 4.125937], [7.06296, 4.126119], [7.063372, 4.1263013], [7.063782, 4.126488], [7.0641913, 4.1266756], [7.0646014, 4.126863], [7.0650105, 4.12705], [7.0654173, 4.1272445], [7.0658255, 4.1274347], [7.066232, 4.127628], [7.0666356, 4.127828], [7.067038, 4.12803], [7.06744, 4.128233], [7.067842, 4.1284366], [7.068244, 4.1286387], [7.068647, 4.128841], [7.069048, 4.1290445], [7.0694485, 4.12925], [7.0698495, 4.129455], [7.0702496, 4.1296625], [7.070649, 4.129869], [7.0710483, 4.1300774], [7.071448, 4.1302867], [7.071845, 4.130496], [7.0722427, 4.1307087], [7.0726395, 4.1309204], [7.073037, 4.1311326], [7.073432, 4.131349], [7.073826, 4.1315675], [7.0742183, 4.131789], [7.07461, 4.1320105], [7.0750017, 4.132234], [7.0753922, 4.1324577], [7.075779, 4.13269], [7.0761657, 4.132919], [7.076557, 4.1331425], [7.076947, 4.1333666], [7.0773387, 4.13359], [7.0777264, 4.13382], [7.0781116, 4.1340537], [7.0784984, 4.134285], [7.078885, 4.134516], [7.079271, 4.1347485], [7.079654, 4.134984], [7.0800366, 4.1352234], [7.0804143, 4.135468], [7.0807896, 4.135718], [7.0811667, 4.135965], [7.081543, 4.1362133], [7.0819187, 4.1364613], [7.082294, 4.1367106], [7.0826693, 4.1369605], [7.0830436, 4.1372104], [7.083418, 4.13746], [7.083793, 4.1377106], [7.08417, 4.1379566], [7.084546, 4.138205], [7.0849195, 4.138458], [7.0852885, 4.1387167], [7.085654, 4.1389813], [7.086018, 4.1392455], [7.086381, 4.139513], [7.0867434, 4.13978], [7.0871077, 4.1400447], [7.0874724, 4.14031], [7.087834, 4.1405783], [7.0881968, 4.1408463], [7.088563, 4.141109], [7.088924, 4.141379], [7.089283, 4.14165], [7.089644, 4.1419196], [7.0900054, 4.1421895], [7.0903664, 4.1424594], [7.0907254, 4.1427317], [7.091081, 4.143009], [7.0914335, 4.143289], [7.0917864, 4.143569], [7.09214, 4.1438484], [7.092492, 4.1441293], [7.0928397, 4.1444163], [7.093188, 4.144703], [7.0935364, 4.144989], [7.0938854, 4.145273], [7.094239, 4.145552], [7.0945935, 4.145831], [7.0949464, 4.146112], [7.0952964, 4.1463966], [7.095645, 4.146682], [7.095993, 4.146969], [7.0963316, 4.147266], [7.0966682, 4.147567], [7.097003, 4.147869], [7.0973363, 4.1481724], [7.097671, 4.148474], [7.098006, 4.148776], [7.098339, 4.1490803], [7.098673, 4.1493835], [7.099006, 4.149687], [7.0993385, 4.1499925], [7.099667, 4.1503], [7.0999956, 4.150609], [7.100324, 4.150917], [7.1006536, 4.151225], [7.1009803, 4.1515355], [7.1013064, 4.1518474], [7.1016297, 4.1521616], [7.1019516, 4.152476], [7.102274, 4.152791], [7.1025963, 4.153107], [7.1029215, 4.1534185], [7.103243, 4.1537356], [7.1035614, 4.1540546], [7.1038785, 4.154375], [7.1041946, 4.154697], [7.104511, 4.1550183], [7.1048265, 4.1553397], [7.1051426, 4.1556616], [7.1054587, 4.155983], [7.105771, 4.156308], [7.106078, 4.1566377], [7.106385, 4.1569686], [7.1066923, 4.157298], [7.1070004, 4.157628], [7.1073074, 4.1579576], [7.1076155, 4.158288], [7.1079187, 4.158621], [7.1082225, 4.158954], [7.1085258, 4.159288], [7.1088276, 4.159623], [7.1091294, 4.1599584], [7.1094284, 4.1602955], [7.1097264, 4.160635], [7.1100206, 4.1609755], [7.1103134, 4.161319], [7.110604, 4.161664], [7.110897, 4.1620073], [7.1111917, 4.1623487], [7.1114845, 4.162692], [7.1117744, 4.1630363], [7.1120625, 4.1633844], [7.112349, 4.163732], [7.1126356, 4.164081], [7.1129174, 4.1644325], [7.113198, 4.1647854], [7.1134787, 4.1651387], [7.113759, 4.165492], [7.1140366, 4.1658483], [7.1143136, 4.1662045], [7.1145973, 4.166555], [7.1148787, 4.1669073], [7.1151524, 4.167266], [7.1154265, 4.1676245], [7.1156993, 4.1679835], [7.115975, 4.16834], [7.1162524, 4.1686964], [7.116529, 4.169052], [7.116793, 4.1694183], [7.117058, 4.169783], [7.117325, 4.1701474], [7.1175904, 4.1705127], [7.1178555, 4.1708775], [7.1181164, 4.1712456], [7.1183705, 4.171619], [7.1186247, 4.171991], [7.118885, 4.17236], [7.119145, 4.1727285], [7.1194024, 4.173099], [7.1196594, 4.1734705], [7.1199145, 4.173842], [7.1201677, 4.174216], [7.120417, 4.174592], [7.120666, 4.1749687], [7.120911, 4.175347], [7.121157, 4.1757255], [7.1214075, 4.176101], [7.1216583, 4.1764765], [7.1219077, 4.1768513], [7.1221576, 4.1772275], [7.122408, 4.1776032], [7.122661, 4.1779766], [7.1229134, 4.178351], [7.1231604, 4.1787286], [7.1234074, 4.1791053], [7.1236553, 4.1794834], [7.1239023, 4.179861], [7.1241493, 4.1802387], [7.1244006, 4.180614], [7.124651, 4.180989], [7.124902, 4.181364], [7.125153, 4.181739], [7.125404, 4.182114], [7.125655, 4.1824884], [7.125905, 4.182864], [7.126151, 4.183243], [7.126397, 4.1836205], [7.1266465, 4.1839967], [7.1268964, 4.1843724], [7.1271477, 4.1847477], [7.1274, 4.185122], [7.127653, 4.185495], [7.1279054, 4.185869], [7.128157, 4.186244], [7.1284075, 4.1866193], [7.1286564, 4.186995], [7.1289043, 4.187373], [7.1291575, 4.187746], [7.129408, 4.1881213], [7.1296506, 4.188502], [7.1298957, 4.1888814], [7.130154, 4.189251], [7.1304083, 4.1896234], [7.1306596, 4.1899986], [7.1309104, 4.1903744], [7.13116, 4.1907496], [7.1314096, 4.1911263], [7.1316557, 4.191504], [7.1319017, 4.1918817], [7.1321507, 4.192259], [7.132398, 4.1926365], [7.132645, 4.193013], [7.132884, 4.1933966], [7.133125, 4.193778], [7.133369, 4.1941576], [7.133619, 4.1945343], [7.133869, 4.1949096], [7.1341233, 4.195282], [7.1343775, 4.195655], [7.1346297, 4.196029], [7.1348825, 4.1964035], [7.135138, 4.196775], [7.1353836, 4.1971536], [7.135627, 4.197534], [7.135874, 4.1979117], [7.1361227, 4.1982875], [7.136373, 4.1986637], [7.136618, 4.1990423], [7.136864, 4.19942], [7.1371164, 4.1997943], [7.137368, 4.200169], [7.1376176, 4.2005453], [7.1378613, 4.200925], [7.1381063, 4.2013044], [7.1383505, 4.201683], [7.1385946, 4.2020626], [7.13884, 4.202442], [7.139087, 4.202819], [7.1393356, 4.203196], [7.1395855, 4.203572], [7.139835, 4.203948], [7.1400867, 4.204322], [7.140356, 4.204685], [7.140649, 4.2050323], [7.1409397, 4.205381], [7.141211, 4.2057424], [7.141457, 4.20612], [7.1416807, 4.2065144], [7.1418962, 4.206912], [7.142123, 4.2073035], [7.142352, 4.2076926], [7.142583, 4.2080817], [7.1428246, 4.2084627], [7.143069, 4.2088423], [7.1433206, 4.2092166], [7.1435766, 4.209589], [7.143836, 4.2099576], [7.144091, 4.21033], [7.1443434, 4.2107043], [7.1445923, 4.211081], [7.14484, 4.2114577], [7.1450877, 4.2118344], [7.1453347, 4.2122126], [7.145581, 4.212591], [7.1458306, 4.212966], [7.1460857, 4.2133384], [7.1463413, 4.213711], [7.146596, 4.214083], [7.146839, 4.2144637], [7.147088, 4.2148404], [7.1473293, 4.215221], [7.1475763, 4.2155986], [7.1478243, 4.2159758], [7.1480722, 4.2163525], [7.1483235, 4.2167273], [7.1485753, 4.2171025], [7.1488276, 4.2174764], [7.149077, 4.2178526], [7.1493225, 4.218231], [7.149572, 4.218607], [7.14982, 4.218984], [7.150067, 4.219362], [7.150314, 4.2197394], [7.150558, 4.220119], [7.1508026, 4.2204986], [7.1510477, 4.220877], [7.1512957, 4.2212543], [7.151546, 4.221629], [7.151799, 4.2220035], [7.1520534, 4.222376], [7.1523094, 4.222747], [7.1525636, 4.223121], [7.1528063, 4.2235007], [7.1530476, 4.223882], [7.1532855, 4.224266], [7.153522, 4.2246513], [7.153767, 4.22503], [7.154014, 4.2254076], [7.1542645, 4.225783], [7.154519, 4.2261558], [7.154773, 4.226528], [7.1550274, 4.2269015], [7.1552777, 4.2272763], [7.155524, 4.227655], [7.155768, 4.2280345], [7.1560097, 4.228416], [7.1562557, 4.2287936], [7.1565075, 4.229168], [7.156758, 4.2295437], [7.1570067, 4.22992], [7.157252, 4.2302985], [7.1575, 4.230676], [7.157751, 4.2310514], [7.157998, 4.231428], [7.1582417, 4.2318087], [7.158487, 4.2321873], [7.158732, 4.232566], [7.158981, 4.2329426], [7.159231, 4.233318], [7.159482, 4.2336926], [7.1597333, 4.234068], [7.159984, 4.2344427], [7.1602354, 4.234818], [7.1604853, 4.2351937], [7.1607366, 4.235569], [7.160989, 4.235942], [7.1612396, 4.236318], [7.1614866, 4.236696], [7.1617336, 4.2370734], [7.1619835, 4.2374487], [7.162233, 4.2378244], [7.162482, 4.238201], [7.1627226, 4.2385826], [7.162964, 4.238964], [7.1632066, 4.2393456], [7.1634536, 4.239723], [7.1637034, 4.240098], [7.163961, 4.2404685], [7.16422, 4.240838], [7.1644793, 4.241208], [7.1647305, 4.241583], [7.1649814, 4.2419577], [7.1652355, 4.242331], [7.1654835, 4.2427077], [7.1657295, 4.243087], [7.1659756, 4.2434645], [7.1662245, 4.243841], [7.166475, 4.244216], [7.16673, 4.2445884], [7.166984, 4.244961], [7.167234, 4.2453375], [7.167483, 4.2457137], [7.167732, 4.2460904], [7.167982, 4.246465], [7.168233, 4.2468405], [7.168481, 4.247218], [7.1687284, 4.247595], [7.1689763, 4.247972], [7.1692243, 4.2483487], [7.169473, 4.2487254], [7.169722, 4.249101], [7.1699715, 4.2494774], [7.1702213, 4.249853], [7.170471, 4.2502294], [7.1707215, 4.250604], [7.1709733, 4.2509794], [7.1712217, 4.251356], [7.1714725, 4.251731], [7.1717277, 4.2521033], [7.1719756, 4.25248], [7.1722217, 4.2528586], [7.172475, 4.253232], [7.172731, 4.2536035], [7.172981, 4.253979], [7.1732287, 4.254356], [7.1734757, 4.254734], [7.17372, 4.2551136], [7.173963, 4.255493], [7.174215, 4.255869], [7.174465, 4.2562437], [7.1747193, 4.256616], [7.1749763, 4.2569876], [7.1752243, 4.2573643], [7.1754713, 4.257742], [7.175714, 4.2581224], [7.175959, 4.258502], [7.176204, 4.25888], [7.176451, 4.259258], [7.176699, 4.2596354], [7.176945, 4.260013], [7.1771913, 4.2603917], [7.177443, 4.260767], [7.1776943, 4.261141], [7.177947, 4.261515], [7.1782002, 4.261889], [7.178448, 4.262265], [7.1786923, 4.262645], [7.1789365, 4.263025], [7.1791935, 4.2633953], [7.1794467, 4.2637687], [7.1796966, 4.2641444], [7.1799464, 4.2645206], [7.1801987, 4.2648945], [7.1804476, 4.265271], [7.180691, 4.2656507], [7.1809363, 4.2660303], [7.1811833, 4.2664075], [7.1814313, 4.266784], [7.1816792, 4.267162], [7.1819277, 4.2675385], [7.1821775, 4.267915], [7.1824317, 4.2682867], [7.182687, 4.268659], [7.1829367, 4.269035], [7.1831846, 4.269412], [7.183435, 4.269788], [7.183686, 4.270162], [7.183929, 4.270542], [7.1841717, 4.2709227], [7.184416, 4.271302], [7.1846614, 4.271681], [7.184911, 4.272057], [7.1851616, 4.272433], [7.1854115, 4.2728076], [7.185661, 4.273184], [7.1859117, 4.2735596], [7.1861615, 4.273935], [7.186412, 4.2743106], [7.1866617, 4.2746863], [7.186912, 4.2750616], [7.187162, 4.2754374], [7.187412, 4.275813], [7.187662, 4.2761884], [7.187915, 4.276562], [7.188164, 4.2769384], [7.1884108, 4.277317], [7.188652, 4.2776976], [7.188904, 4.2780724], [7.189156, 4.278446], [7.189409, 4.2788205], [7.189659, 4.2791953], [7.18991, 4.2795706], [7.190159, 4.2799473], [7.190405, 4.280325], [7.190651, 4.2807035], [7.190903, 4.281078], [7.191155, 4.2814527], [7.191404, 4.2818284], [7.191649, 4.282208], [7.191895, 4.282586], [7.192146, 4.282961], [7.192397, 4.2833357], [7.192648, 4.283711], [7.1928983, 4.2840858], [7.19315, 4.284461], [7.1934104, 4.2848296], [7.1936636, 4.2852025], [7.193902, 4.285587], [7.194148, 4.2859654], [7.194395, 4.286343], [7.194643, 4.286719], [7.194892, 4.287096], [7.195147, 4.287468], [7.1953964, 4.287844], [7.1956463, 4.28822], [7.195895, 4.2885957], [7.196145, 4.288972], [7.1963944, 4.2893486], [7.1966443, 4.2897243], [7.196893, 4.2901], [7.197143, 4.2904763], [7.1973925, 4.290852], [7.1976414, 4.291228], [7.197891, 4.291604], [7.198141, 4.29198], [7.1983905, 4.2923555], [7.1986394, 4.2927327], [7.1988893, 4.2931085], [7.199139, 4.293484], [7.1993876, 4.29386], [7.1996374, 4.294236], [7.1998873, 4.294612], [7.200137, 4.2949877], [7.200386, 4.295364], [7.2006354, 4.2957397], [7.2008853, 4.2961154], [7.201135, 4.296492], [7.201384, 4.2968683], [7.2016335, 4.297244], [7.2018833, 4.29762], [7.202132, 4.297996], [7.202382, 4.298372], [7.2026315, 4.2987475], [7.2028813, 4.299124], [7.2031302, 4.2994995], [7.20338, 4.299876], [7.2036295, 4.300252], [7.2038784, 4.300628], [7.2041283, 4.301004], [7.204378, 4.3013797], [7.204628, 4.301756], [7.2048764, 4.3021317], [7.2051263, 4.3025074], [7.205376, 4.3028836], [7.205625, 4.3032603], [7.205875, 4.303636], [7.206122, 4.304013], [7.206367, 4.3043923], [7.206611, 4.304771], [7.2068567, 4.3051505], [7.207102, 4.305529], [7.207348, 4.3059077], [7.207594, 4.3062854], [7.2078404, 4.306664], [7.2080917, 4.3070393], [7.2083488, 4.30741], [7.2086067, 4.30778], [7.208864, 4.3081503], [7.20911, 4.30853], [7.209346, 4.308915], [7.209576, 4.3093033], [7.209797, 4.3096976], [7.2100105, 4.3100963], [7.210221, 4.310497], [7.210427, 4.310899], [7.210623, 4.3113055], [7.210797, 4.311723], [7.2109666, 4.312142], [7.2111373, 4.3125606], [7.211306, 4.31298], [7.2114563, 4.313406], [7.2116055, 4.3138328], [7.2117553, 4.3142605], [7.2118893, 4.314693], [7.212, 4.3151317], [7.2120996, 4.315573], [7.2121935, 4.3160167], [7.212285, 4.3164587], [7.2123733, 4.316903], [7.2124476, 4.3173494], [7.2125177, 4.317796], [7.212577, 4.318245], [7.2126307, 4.3186946], [7.2126584, 4.3191466], [7.2126827, 4.319598], [7.2127004, 4.3200507], [7.212718, 4.3205023], [7.212735, 4.3209553], [7.2127333, 4.321408], [7.2127204, 4.3218603], [7.212702, 4.3223124], [7.2126765, 4.322765], [7.212631, 4.323215], [7.2125735, 4.3236647], [7.2125096, 4.324112], [7.212447, 4.32456], [7.2124057, 4.3250103], [7.2123666, 4.3254614], [7.212324, 4.3259115], [7.212279, 4.3263607], [7.212219, 4.326809], [7.2121596, 4.3272567], [7.2121, 4.327704], [7.212046, 4.328153], [7.211991, 4.328602], [7.211931, 4.329049], [7.2118716, 4.3294973], [7.211812, 4.329945], [7.2117476, 4.3303914], [7.211681, 4.330839], [7.211622, 4.3312864], [7.2115746, 4.3317356], [7.2115183, 4.332184], [7.211457, 4.3326325], [7.211398, 4.33308], [7.2113385, 4.3335276], [7.2112737, 4.333975], [7.2112174, 4.334423], [7.2111564, 4.334871], [7.211091, 4.335317], [7.211016, 4.335763], [7.2109413, 4.3362103], [7.2108774, 4.336656], [7.210817, 4.337104], [7.2107506, 4.337552], [7.2106886, 4.3379984], [7.2105975, 4.338441], [7.210515, 4.338886], [7.21043, 4.339331], [7.210344, 4.339775], [7.210256, 4.340218], [7.2101703, 4.3406615], [7.210076, 4.3411055], [7.2100124, 4.341552], [7.2099667, 4.342002], [7.209894, 4.3424478], [7.2098255, 4.3428946], [7.209757, 4.343341], [7.209695, 4.343788], [7.2096357, 4.344237], [7.20958, 4.344684], [7.2095222, 4.3451324], [7.20946, 4.34558], [7.2093973, 4.3460274], [7.2093325, 4.346474], [7.209264, 4.3469205], [7.209187, 4.3473663], [7.2091203, 4.347813], [7.2090545, 4.3482604], [7.2089977, 4.348708], [7.2089415, 4.3491564], [7.2088847, 4.3496046], [7.2088265, 4.350053], [7.208767, 4.3505006], [7.2087073, 4.350949], [7.2086477, 4.3513966], [7.2085876, 4.351844], [7.208525, 4.352291], [7.2084575, 4.352738], [7.208384, 4.3531837], [7.208311, 4.353629], [7.2082353, 4.354075], [7.2081738, 4.354522], [7.208123, 4.354972], [7.2080646, 4.35542], [7.208012, 4.3558683], [7.207958, 4.3563166], [7.207892, 4.3567643], [7.207836, 4.3572125], [7.2077775, 4.3576603], [7.207713, 4.3581076], [7.2076354, 4.3585525], [7.2075753, 4.3590007], [7.207513, 4.3594475], [7.207436, 4.359893], [7.207364, 4.3603387], [7.2072954, 4.3607855], [7.207239, 4.3612337], [7.2071934, 4.361684], [7.2071443, 4.362133], [7.207065, 4.362578], [7.207009, 4.363026], [7.206954, 4.3634744], [7.2068987, 4.363923], [7.206834, 4.3643703], [7.206767, 4.364817], [7.2067065, 4.3652644], [7.206642, 4.365712], [7.2065735, 4.3661585], [7.2065115, 4.366606], [7.206449, 4.3670535], [7.2063904, 4.367501], [7.2063246, 4.3679485], [7.206255, 4.3683944], [7.2061863, 4.3688407], [7.2061186, 4.3692875], [7.2060547, 4.369735], [7.2059903, 4.3701825], [7.2059274, 4.370629], [7.205863, 4.3710766], [7.205798, 4.371523], [7.2057276, 4.3719697], [7.205658, 4.372416], [7.205595, 4.372864], [7.205549, 4.373313], [7.2055, 4.373762], [7.2054296, 4.374209], [7.2053547, 4.3746543], [7.20528, 4.3751], [7.205221, 4.3755474], [7.205163, 4.375996], [7.2051044, 4.3764434], [7.2050467, 4.3768916], [7.204988, 4.3773394], [7.2049303, 4.3777876], [7.204868, 4.3782396], [7.204804, 4.378679], [7.2047343, 4.3791265], [7.204671, 4.3795776], [7.2046485, 4.3797493], [7.2046266, 4.37991], [7.2044883, 4.381249], [7.2043557, 4.382576], [7.2041655, 4.3843865], [7.204115, 4.384724], [7.2040806, 4.3851414], [7.2039413, 4.3866653], [7.2037816, 4.388204], [7.2037115, 4.3887467], [7.203081, 4.3923054], [7.2023435, 4.394426], [7.201218, 4.3964057], [7.2000566, 4.398317], [7.1986756, 4.4001236], [7.196424, 4.4021096], [7.193676, 4.4044676], [7.1909513, 4.406804], [7.1898127, 4.4077916], [7.18828, 4.409111], [7.1856523, 4.411372], [7.1829333, 4.4137077], [7.182635, 4.413964], [7.1801395, 4.416106], [7.1772475, 4.418598], [7.1753683, 4.4202204], [7.1753426, 4.4202495], [7.175294, 4.4202466], [7.172584, 4.4181576], [7.172529, 4.418156], [7.165204, 4.421223], [7.164161, 4.4217987], [7.163256, 4.4221163], [7.162058, 4.4225907], [7.161464, 4.4228153], [7.1612773, 4.422892], [7.1611757, 4.422953], [7.161083, 4.423027], [7.1610675, 4.423086], [7.1610756, 4.4231253], [7.1611667, 4.423314]]}, "properties": {"admin_area_name": "Nigeria", "fluid": "GAS", "mps_created_time": "Sep 8, 2021 12:13:22 PM", "mps_datasource_tags": "Data derived from Shell World Map, 2019, (https://reports.shell.com/investors-handbook/2019/servicepages/worldmap.php). Last Accessed Jan 2021", "mps_est_elevation_end_m": "9.0", "mps_est_elevation_start_m": "-21.0", "mps_est_length_km": "265.993045498486", "mps_est_shore_status": "BOTH", "mps_uuid": "2b0008bc-5631-48cf-9f55-6d02a0bbdd61", "name": "NIGERIA PIPELINE", "status": "OPERATIONAL", "updt": "May 28, 2025 9:01:25 PM"}}, {"type": "Feature", "id": "mps_mapping_pipeline.8ba48c56-e1a4-4903-bb57-19befb850bb4", "geometry": {"type": "LineString", "coordinates": [[5.3562846, 4.7609158], [5.356268, 4.760927], [5.356266, 4.7609286], [5.356265, 4.7609296], [5.356264, 4.7609305], [5.356263, 4.760932], [5.3562627, 4.7609334], [5.356262, 4.7609353], [5.356262, 4.7609367], [5.356262, 4.7609434], [5.3562627, 4.7611227], [5.3565125, 4.7618804], [5.3565493, 4.7618885], [5.5164857, 4.7960224], [5.5695868, 4.807591], [5.616207, 4.8764052]]}, "properties": {"admin_area_name": "Nigeria", "fluid": "GAS", "mps_created_time": "Sep 8, 2021 12:13:26 PM", "mps_datasource_tags": "Data derived from Shell World Map, 2019, (https://reports.shell.com/investors-handbook/2019/servicepages/worldmap.php). Last Accessed Jan 2021", "mps_est_elevation_end_m": "4.0", "mps_est_elevation_start_m": "-21.0", "mps_est_length_km": "33.4845535137745", "mps_est_shore_status": "BOTH", "mps_uuid": "8ba48c56-e1a4-4903-bb57-19befb850bb4", "name": "NIGERIA PIPELINE", "status": "OPERATIONAL", "updt": "May 28, 2025 9:01:27 PM"}}, {"type": "Feature", "id": "mps_mapping_pipeline.0d507440-86d8-4048-8147-db36a6f70d1f", "geometry": {"type": "LineString", "coordinates": [[5.311735, 4.8021636], [5.3118253, 4.8022265], [5.3118343, 4.8022447], [5.311821, 4.8023624], [5.3118434, 4.802394], [5.314278, 4.8026986], [5.3147154, 4.8027344], [5.3165326, 4.8029447], [5.317168, 4.8030434], [5.3175516, 4.8031015], [5.318115, 4.8031554], [5.319026, 4.8032312], [5.319621, 4.8033257], [5.3205724, 4.803433], [5.321307, 4.8035135], [5.321893, 4.803603], [5.322466, 4.8036613], [5.3233767, 4.8037777], [5.3244405, 4.803921], [5.3252883, 4.803997], [5.3257346, 4.8040824], [5.326019, 4.804118], [5.326546, 4.8041673], [5.326943, 4.8042164], [5.3278537, 4.804333], [5.32853, 4.8044453], [5.3290753, 4.804472], [5.329932, 4.8046107], [5.3311133, 4.804836], [5.3314285, 4.804888], [5.3327594, 4.805095], [5.3341074, 4.805306], [5.3355594, 4.8055487], [5.336231, 4.8057103], [5.337029, 4.805791], [5.33817, 4.8060155], [5.339518, 4.8062177], [5.3405414, 4.8063793], [5.341795, 4.8064904], [5.342647, 4.806571], [5.3432603, 4.8065295], [5.343954, 4.80647], [5.345189, 4.806278], [5.346041, 4.806137], [5.347069, 4.8059506], [5.348123, 4.8057957], [5.349363, 4.8056855], [5.350003, 4.8056483], [5.351585, 4.8055468], [5.3523016, 4.805483], [5.3532934, 4.805328], [5.354226, 4.8051233], [5.3548884, 4.804937], [5.3556905, 4.8046465], [5.356083, 4.80451], [5.3565497, 4.8043556], [5.3574724, 4.8040495], [5.35856, 4.803678], [5.359638, 4.8033047], [5.360785, 4.80291], [5.3628445, 4.802206], [5.362863, 4.8022056], [5.362887, 4.802209], [5.3630347, 4.802354]]}, "properties": {"admin_area_name": "Nigeria", "fluid": "OIL", "mps_created_time": "Sep 8, 2021 12:13:23 PM", "mps_datasource_tags": "Data derived from Shell World Map, 2019, (https://reports.shell.com/investors-handbook/2019/servicepages/worldmap.php). Last Accessed Jan 2021", "mps_est_elevation_end_m": "-19.0", "mps_est_elevation_start_m": "-27.0", "mps_est_length_km": "5.81505195939854", "mps_est_shore_status": "OFFSHORE", "mps_uuid": "0d507440-86d8-4048-8147-db36a6f70d1f", "name": "NIGERIA PIPELINE", "status": "OPERATIONAL", "updt": "May 28, 2025 9:01:25 PM"}}, {"type": "Feature", "id": "mps_mapping_pipeline.79c3b14d-c6ce-429f-a756-a7a32d8b5c8c", "geometry": {"type": "LineString", "coordinates": [[5.6545515, 4.90511], [5.654695, 4.9051585], [5.6547666, 4.905183], [5.654966, 4.905252], [5.6550407, 4.9052773], [5.655141, 4.905311], [5.6551905, 4.9053283], [5.6553364, 4.9053802], [5.6553855, 4.9053965], [5.65541, 4.9054046], [5.6554346, 4.905412], [5.6554847, 4.9054265], [5.655635, 4.905468], [5.655697, 4.905486], [5.6557274, 4.905495], [5.6557736, 4.90551], [5.655819, 4.905526], [5.6558414, 4.9055343], [5.6558647, 4.9055433], [5.6559105, 4.9055624], [5.656002, 4.9056], [5.6560483, 4.905618], [5.6560717, 4.9056263], [5.656119, 4.9056425], [5.6562138, 4.905672], [5.656261, 4.905687], [5.6563306, 4.9057107], [5.6563764, 4.9057274], [5.656468, 4.9057617], [5.656605, 4.9058127], [5.656673, 4.9058375], [5.6568995, 4.9059153], [5.6569695, 4.90594], [5.657063, 4.9059734], [5.65711, 4.905989], [5.657183, 4.906012], [5.65728, 4.906042], [5.657328, 4.9060583], [5.6573534, 4.9060674], [5.657404, 4.906086], [5.6575046, 4.9061246], [5.657555, 4.9061437], [5.6576085, 4.9061623], [5.6577163, 4.9061975], [5.6578403, 4.9062376], [5.6579022, 4.9062586], [5.6580873, 4.9063215], [5.6582375, 4.906372], [5.6583815, 4.9064217], [5.658453, 4.9064474], [5.658593, 4.9064984], [5.658663, 4.906524], [5.658801, 4.906577], [5.6588707, 4.906603], [5.658945, 4.906629], [5.658995, 4.9066463], [5.659095, 4.906679], [5.6592355, 4.906726], [5.6593056, 4.9067497], [5.6593766, 4.9067755], [5.659471, 4.9068093], [5.6595187, 4.9068255], [5.659588, 4.9068484], [5.6596804, 4.906877], [5.6597266, 4.906892], [5.659794, 4.9069138], [5.659827, 4.9069257], [5.659877, 4.9069443], [5.659926, 4.906965], [5.6599503, 4.9069757], [5.6599627, 4.9069805], [5.6600223, 4.907003], [5.6601405, 4.9070506], [5.660206, 4.907076], [5.660249, 4.907092], [5.660337, 4.907124], [5.6604095, 4.9071503], [5.660555, 4.9072013], [5.660695, 4.90725], [5.660765, 4.9072733], [5.660973, 4.9073415], [5.6610436, 4.907366], [5.6611376, 4.907398], [5.661185, 4.9074144], [5.6612372, 4.9074316], [5.661308, 4.9074545], [5.6613426, 4.9074664], [5.661395, 4.907485], [5.661421, 4.907495], [5.661444, 4.907504], [5.6614914, 4.9075236], [5.6615844, 4.907564], [5.661631, 4.907584], [5.6616554, 4.907594], [5.6617045, 4.9076133], [5.661754, 4.9076314], [5.6618533, 4.9076676], [5.661925, 4.9076934], [5.66202, 4.907728], [5.6620684, 4.9077454], [5.662137, 4.907769], [5.6622744, 4.907816], [5.6624227, 4.9078665], [5.6624966, 4.9078918], [5.662633, 4.90794], [5.6627007, 4.907964], [5.6629186, 4.9080443], [5.663121, 4.908118], [5.6632156, 4.908151], [5.663263, 4.908167], [5.6633344, 4.90819], [5.663385, 4.9082046], [5.663453, 4.908224], [5.6634865, 4.908234], [5.663537, 4.908251], [5.663562, 4.9082594], [5.6635838, 4.908268], [5.6636276, 4.908286], [5.6636705, 4.9083056], [5.6637564, 4.908346], [5.663854, 4.908392], [5.6639028, 4.9084144], [5.6639767, 4.908447], [5.6640496, 4.9084783], [5.6641474, 4.9085193], [5.664196, 4.9085407], [5.6642556, 4.9085674], [5.6642947, 4.908586], [5.6643734, 4.908624], [5.664452, 4.9086637], [5.664504, 4.9086905], [5.6646075, 4.908746], [5.6646585, 4.908774], [5.6647606, 4.908831], [5.6648617, 4.9088902], [5.664929, 4.908931], [5.6649733, 4.908958], [5.6650615, 4.909013], [5.665111, 4.9090443], [5.6652093, 4.909108], [5.665307, 4.9091735], [5.665372, 4.909218], [5.665415, 4.9092474], [5.6655, 4.9093075], [5.665596, 4.9093757], [5.6656594, 4.909422], [5.665786, 4.9095154], [5.6658483, 4.9095626], [5.6659737, 4.909658], [5.6660976, 4.9097548], [5.66618, 4.9098196], [5.666344, 4.9099503], [5.6663933, 4.90999], [5.6664186, 4.910009], [5.666456, 4.910037], [5.6664824, 4.910054], [5.6664953, 4.910063], [5.666516, 4.9100747], [5.6665363, 4.910086], [5.66655, 4.910094], [5.666579, 4.9101076], [5.6666074, 4.910121], [5.6666656, 4.910147], [5.6667085, 4.9101677], [5.6667295, 4.910178], [5.6667705, 4.9102], [5.6668115, 4.910223], [5.6668653, 4.910254], [5.6668925, 4.9102693], [5.6669607, 4.910307], [5.6670218, 4.9103403], [5.667052, 4.9103575], [5.6670966, 4.9103837], [5.667117, 4.910397], [5.6671586, 4.9104238], [5.6671996, 4.9104514], [5.6672544, 4.910489], [5.667282, 4.910508], [5.667349, 4.910553], [5.6674376, 4.9106116], [5.6674814, 4.910641], [5.6675396, 4.910681], [5.667616, 4.9107327], [5.667654, 4.9107585], [5.6677184, 4.9108005], [5.66785, 4.910884], [5.6679697, 4.91096], [5.6680293, 4.910999], [5.668099, 4.911045], [5.668192, 4.911106], [5.668239, 4.911136], [5.668296, 4.9111724], [5.6683717, 4.91122], [5.6684093, 4.9112444], [5.6684713, 4.9112854], [5.668512, 4.9113135], [5.6685934, 4.91137], [5.6687183, 4.9114566], [5.6687813, 4.9114995], [5.6688437, 4.9115415], [5.668969, 4.9116244], [5.6691637, 4.9117503], [5.669278, 4.9118257], [5.6693354, 4.9118624], [5.6693616, 4.9118786], [5.669382, 4.911888], [5.6694226, 4.9119086], [5.6694627, 4.9119306], [5.6694884, 4.9119453], [5.66954, 4.9119773], [5.6696057, 4.9120207], [5.669736, 4.912109], [5.6697974, 4.9121504], [5.669922, 4.912232], [5.670114, 4.9123564], [5.670305, 4.9124804], [5.67044, 4.9125686], [5.6705074, 4.912613], [5.6706305, 4.9126945], [5.6706924, 4.912734], [5.670752, 4.91277], [5.6708317, 4.9128175], [5.6708713, 4.912842], [5.6708927, 4.9128556], [5.6709356, 4.9128838], [5.6709785, 4.912913], [5.6710067, 4.912933], [5.671062, 4.912973], [5.6711745, 4.913056], [5.6712313, 4.913096], [5.6712537, 4.913111], [5.6712995, 4.913141], [5.6713457, 4.9131694], [5.6714387, 4.913226], [5.671523, 4.913277], [5.671565, 4.9133034], [5.6716275, 4.9133434], [5.671689, 4.9133844], [5.6717706, 4.9134398], [5.671811, 4.9134674], [5.6718783, 4.913512], [5.6719685, 4.9135714], [5.6720133, 4.9136014], [5.6720967, 4.9136586], [5.6721387, 4.9136868], [5.6721816, 4.9137135], [5.6722035, 4.913726], [5.672226, 4.9137387], [5.6722727, 4.9137626], [5.672366, 4.91381], [5.6723967, 4.9138265], [5.672412, 4.9138346], [5.672434, 4.913848], [5.6724763, 4.913875], [5.6725183, 4.9139037], [5.672601, 4.9139633], [5.672661, 4.9140067], [5.6727805, 4.914092], [5.672901, 4.9141765], [5.6729617, 4.914218], [5.673021, 4.914258], [5.6731396, 4.914337], [5.673268, 4.914421], [5.6733317, 4.914464], [5.673451, 4.9145446], [5.673511, 4.914584], [5.673556, 4.9146123], [5.6736155, 4.9146495], [5.673645, 4.9146686], [5.673674, 4.914688], [5.6736884, 4.914698], [5.6737094, 4.9147134], [5.6737294, 4.914729], [5.6737685, 4.914761], [5.673846, 4.9148264], [5.6738853, 4.914858], [5.673908, 4.914875], [5.6739235, 4.914886], [5.673955, 4.9149075], [5.6740026, 4.914939], [5.6740994, 4.9149995], [5.6741586, 4.915038], [5.674198, 4.915064], [5.674276, 4.915117], [5.674405, 4.915207], [5.67447, 4.9152513], [5.674531, 4.9152913], [5.6746116, 4.915345], [5.6746516, 4.915373], [5.6746917, 4.9154015], [5.6747446, 4.9154396], [5.6747713, 4.915458], [5.6748123, 4.9154854], [5.674833, 4.9154983], [5.674857, 4.915512], [5.674906, 4.915539], [5.6749716, 4.915574], [5.675004, 4.915593], [5.675036, 4.9156137], [5.675051, 4.915624], [5.675068, 4.9156365], [5.6751003, 4.915663], [5.675143, 4.915698], [5.675164, 4.915715], [5.6751857, 4.9157314], [5.6751966, 4.9157395], [5.675219, 4.9157534], [5.6752305, 4.91576], [5.6752477, 4.9157686], [5.675266, 4.915776], [5.675275, 4.9157786], [5.675282, 4.915781], [5.675297, 4.9157844], [5.675312, 4.915787], [5.675322, 4.9157887], [5.6753426, 4.91579], [5.6753583, 4.9157906], [5.6753902, 4.91579], [5.675422, 4.915788], [5.675487, 4.915782], [5.6755743, 4.9157743], [5.6756315, 4.91577], [5.6756697, 4.9157677], [5.6757455, 4.915764], [5.6758995, 4.915758], [5.6759768, 4.9157543], [5.676048, 4.915749], [5.676142, 4.9157414], [5.6761894, 4.9157376], [5.6762705, 4.9157324], [5.676433, 4.9157243], [5.676633, 4.9157143], [5.676893, 4.9157047], [5.676962, 4.9157014], [5.6770988, 4.9156947], [5.6773014, 4.9156837], [5.677539, 4.915669], [5.6776276, 4.915664], [5.677672, 4.9156623], [5.677738, 4.9156613], [5.6777644, 4.9156613], [5.677816, 4.9156623], [5.67792, 4.9156656], [5.677972, 4.9156666], [5.678047, 4.9156666], [5.6780977, 4.9156656], [5.6781983, 4.9156623], [5.678432, 4.915653], [5.6785355, 4.915649], [5.678587, 4.9156466], [5.6786647, 4.9156423], [5.6787324, 4.9156365], [5.6787663, 4.9156337], [5.6788173, 4.915628], [5.678868, 4.9156213], [5.678893, 4.9156175], [5.6789618, 4.9156065], [5.679008, 4.9155974], [5.679038, 4.9155917], [5.679099, 4.9155784], [5.6791663, 4.915562], [5.6792, 4.9155536], [5.6792502, 4.91554], [5.6793003, 4.915526], [5.679325, 4.9155183], [5.679397, 4.915496], [5.679492, 4.915465], [5.67954, 4.91545], [5.679614, 4.9154286], [5.679763, 4.9153886], [5.6799707, 4.9153295], [5.6800427, 4.9153094], [5.680091, 4.915297], [5.6801877, 4.9152718], [5.680263, 4.9152527], [5.680414, 4.9152155], [5.6805105, 4.915192], [5.6805587, 4.9151807], [5.6806316, 4.9151645], [5.6806355, 4.9151635], [5.680667, 4.9151545], [5.680709, 4.915142], [5.6807303, 4.9151363], [5.68075, 4.9151316], [5.68079, 4.9151225], [5.6808305, 4.915114], [5.6809115, 4.915099], [5.681005, 4.9150662], [5.681052, 4.9150505], [5.6811, 4.915036], [5.6811237, 4.9150295], [5.681149, 4.915023], [5.6811996, 4.9150105], [5.681301, 4.9149876], [5.6813517, 4.914975], [5.681376, 4.914969], [5.681424, 4.914955], [5.6814723, 4.9149413], [5.6815367, 4.9149218], [5.6815686, 4.9149117], [5.6816416, 4.9148903], [5.68169, 4.9148765], [5.6817875, 4.9148493], [5.682005, 4.9147906], [5.6820774, 4.9147706], [5.682222, 4.9147296], [5.682431, 4.9146686], [5.682583, 4.914624], [5.682659, 4.9146013], [5.6828003, 4.914559], [5.6828713, 4.914539], [5.6829643, 4.914514], [5.683011, 4.9145007], [5.683058, 4.9144855], [5.6830816, 4.914477], [5.6831117, 4.9144654], [5.6831517, 4.91445], [5.6831717, 4.9144425], [5.6831923, 4.9144363], [5.6832023, 4.9144335], [5.683217, 4.9144297], [5.6832376, 4.9144263], [5.6832476, 4.914425], [5.6832623, 4.914424], [5.6832776, 4.914424], [5.6832848, 4.9144244], [5.683298, 4.9144263], [5.683307, 4.914428], [5.6833243, 4.9144325], [5.6833334, 4.9144354], [5.6833506, 4.9144416], [5.683368, 4.9144487], [5.6834025, 4.914464], [5.683497, 4.914507], [5.6835437, 4.9145274], [5.683614, 4.9145575], [5.683686, 4.9145856], [5.683831, 4.91464], [5.684038, 4.9147177], [5.68428, 4.9148073], [5.684378, 4.914845], [5.684427, 4.914864], [5.6845, 4.9148936], [5.684632, 4.9149485], [5.684703, 4.914977], [5.6847386, 4.914992], [5.6847744, 4.9150076], [5.684792, 4.915016], [5.684805, 4.915022], [5.6848207, 4.9150286], [5.684866, 4.915046], [5.6850066, 4.9151], [5.68514, 4.9151497], [5.685207, 4.9151745], [5.6854258, 4.9152594], [5.6854954, 4.9152856], [5.68553, 4.915298], [5.6855826, 4.9153166], [5.6856623, 4.9153433], [5.685727, 4.915364], [5.6858144, 4.9153914], [5.685858, 4.9154058], [5.685893, 4.9154177], [5.68599, 4.9154515], [5.686038, 4.915469], [5.68611, 4.915496], [5.686173, 4.91552], [5.686298, 4.91557], [5.686446, 4.915628], [5.68652, 4.9156566], [5.686582, 4.9156804], [5.6867065, 4.915726], [5.687186, 4.9159], [5.68744, 4.91567]]}, "properties": {"admin_area_name": "Nigeria", "fluid": "GAS", "mps_created_time": "Sep 8, 2021 12:13:25 PM", "mps_datasource_tags": "Data derived from Shell World Map, 2019, (https://reports.shell.com/investors-handbook/2019/servicepages/worldmap.php). Last Accessed Jan 2021", "mps_est_elevation_end_m": "5.0", "mps_est_elevation_start_m": "6.0", "mps_est_length_km": "4.01186624127076", "mps_est_shore_status": "ONSHORE", "mps_uuid": "79c3b14d-c6ce-429f-a756-a7a32d8b5c8c", "name": "NIGERIA PIPELINE", "status": "OPERATIONAL", "updt": "May 28, 2025 9:01:27 PM"}}, {"type": "Feature", "id": "mps_mapping_pipeline.96aacafc-c7a2-4319-adab-b8646efc625f", "geometry": {"type": "LineString", "coordinates": [[5.3117533, 4.802159], [5.311875, 4.8022404], [5.3118796, 4.802263], [5.311875, 4.8023396], [5.3118706, 4.8023443], [5.3118706, 4.8023486], [5.3118753, 4.8023534], [5.3118796, 4.8023577], [5.3120375, 4.80238], [5.3145666, 4.8026757], [5.314896, 4.8027115], [5.3164153, 4.8028636], [5.316722, 4.802922], [5.3170557, 4.8029485], [5.317281, 4.803007], [5.3178897, 4.8030744], [5.3185163, 4.803128], [5.318895, 4.803132], [5.3195353, 4.803244], [5.3201303, 4.8033247], [5.3204775, 4.803356], [5.321298, 4.803441], [5.32206, 4.803544], [5.3224115, 4.8035755], [5.322903, 4.80362], [5.323282, 4.8036737], [5.323476, 4.8037095], [5.3238, 4.803741], [5.3241653, 4.8037586], [5.3247066, 4.803844], [5.3253064, 4.8038883], [5.3255363, 4.803933], [5.325924, 4.804001], [5.326199, 4.8040457], [5.326672, 4.8040586], [5.327033, 4.8041396], [5.3275065, 4.804216], [5.328038, 4.804251], [5.328345, 4.8042874], [5.328647, 4.8043413], [5.3291025, 4.804345], [5.3293777, 4.8043766], [5.3301215, 4.8044705], [5.3307347, 4.804556], [5.3314695, 4.80465], [5.3319116, 4.8047166], [5.332344, 4.8047385], [5.3328853, 4.8047876], [5.3334846, 4.80485], [5.3340936, 4.8049445], [5.3344226, 4.8049574], [5.334783, 4.804984], [5.3350897, 4.805047], [5.335676, 4.805119], [5.3362484, 4.805204], [5.3367176, 4.805235], [5.3369746, 4.805253], [5.3376284, 4.805338], [5.338169, 4.8053827], [5.339044, 4.805508], [5.33954, 4.805571], [5.339946, 4.805593], [5.3404684, 4.805651], [5.34087, 4.805723], [5.3411674, 4.805759], [5.3417177, 4.8058395], [5.342227, 4.8059473], [5.3427362, 4.805965], [5.3430386, 4.8059783], [5.343661, 4.806027], [5.3449097, 4.8061295], [5.3453918, 4.8060884], [5.3459597, 4.8060513], [5.346582, 4.805969], [5.347141, 4.8058734], [5.347641, 4.805787], [5.348132, 4.8056912], [5.348393, 4.8056674], [5.3489976, 4.805611], [5.349611, 4.805554], [5.350025, 4.805522], [5.350607, 4.8054805], [5.3514724, 4.805425], [5.352216, 4.8053246], [5.3531895, 4.805197], [5.353708, 4.8050966], [5.3541718, 4.8049784], [5.354379, 4.804901], [5.3549604, 4.804729], [5.3555417, 4.8045335], [5.3560963, 4.804361], [5.3562765, 4.804303], [5.356692, 4.804143], [5.3573194, 4.8039575], [5.357798, 4.8037906], [5.3582134, 4.8036675], [5.358538, 4.8035398], [5.3585925, 4.803517], [5.3599353, 4.80309], [5.3609085, 4.8027725], [5.36295, 4.8020735], [5.362963, 4.8020735], [5.3629723, 4.8020554], [5.3627295, 4.7988405], [5.3626385, 4.7983837], [5.362593, 4.798049], [5.3625026, 4.7976017], [5.3624434, 4.797403], [5.362407, 4.797163], [5.3623753, 4.796937], [5.3623343, 4.7966704], [5.3622847, 4.79648], [5.362262, 4.7963448], [5.3622527, 4.7962136], [5.36223, 4.796024], [5.3621984, 4.7958336], [5.362171, 4.7957115], [5.3621345, 4.7955265], [5.362098, 4.7953362], [5.362076, 4.795192], [5.362044, 4.79502], [5.3620076, 4.7947984], [5.3619714, 4.794631], [5.361935, 4.7944503], [5.361899, 4.794274], [5.361862, 4.7940254], [5.3618307, 4.793822], [5.361812, 4.7936544], [5.3617806, 4.7934556], [5.361753, 4.7932568], [5.3617077, 4.7930803], [5.3616714, 4.7928677], [5.361631, 4.7926555], [5.3616037, 4.7925153], [5.3615627, 4.7923074], [5.3615127, 4.7921085], [5.361481, 4.7919183], [5.3614583, 4.7917695], [5.36144, 4.791561], [5.3614264, 4.7913895], [5.361367, 4.791064], [5.3613267, 4.790847], [5.36129, 4.7906528], [5.3612356, 4.7903767], [5.3612084, 4.790187], [5.3611994, 4.790074], [5.361127, 4.7897167], [5.3610725, 4.7894726], [5.3610454, 4.789355], [5.3610225, 4.789147], [5.361004, 4.7888985], [5.3609223, 4.788609], [5.3609, 4.7884235], [5.360886, 4.788306], [5.3608317, 4.788044], [5.3607726, 4.7876596], [5.3607183, 4.787352], [5.3606954, 4.787203], [5.3606544, 4.7870173], [5.360618, 4.786805], [5.360577, 4.786534], [5.360532, 4.786344], [5.360473, 4.7860727], [5.360432, 4.78586], [5.360405, 4.785643], [5.3603597, 4.7853627], [5.360337, 4.7851863], [5.360264, 4.784567], [5.3602185, 4.784395], [5.3601823, 4.784264], [5.360164, 4.7841735], [5.3601413, 4.7840157], [5.360123, 4.7838526], [5.360096, 4.7837353], [5.3600597, 4.783586], [5.360028, 4.7834277], [5.3599963, 4.7832108], [5.3599596, 4.782971], [5.3599277, 4.782782], [5.359912, 4.782684], [5.3598895, 4.782573], [5.3598666, 4.78243], [5.3598337, 4.7822523], [5.3598037, 4.782065], [5.3597717, 4.781864], [5.3597493, 4.781698], [5.359726, 4.781578], [5.35971, 4.78148], [5.3596697, 4.7813125], [5.359656, 4.7812276], [5.359634, 4.781149], [5.3596177, 4.7810187], [5.3595986, 4.780898], [5.3595843, 4.7807813], [5.359563, 4.780675], [5.359531, 4.7805057], [5.3594913, 4.7801733], [5.3594685, 4.780058], [5.359433, 4.7799215], [5.359408, 4.779793], [5.359367, 4.779538], [5.35933, 4.779338], [5.3593054, 4.779209], [5.359276, 4.7790537], [5.359232, 4.7788363], [5.359217, 4.7787747], [5.3591976, 4.778622], [5.3591566, 4.7783675], [5.359124, 4.778135], [5.3590918, 4.7779613], [5.3590565, 4.7777977], [5.3590207, 4.7776337], [5.359003, 4.777522], [5.3589816, 4.777361], [5.3589587, 4.777218], [5.3589506, 4.777109], [5.3589163, 4.776982], [5.358889, 4.7768674], [5.3588457, 4.776682], [5.3588214, 4.7765026], [5.3587937, 4.7763286], [5.3587694, 4.7761493], [5.3587365, 4.7759714], [5.3587246, 4.775868], [5.358684, 4.7756453], [5.3586264, 4.7753983], [5.3586125, 4.775341], [5.358569, 4.7751555], [5.3585367, 4.774982], [5.358507, 4.7748265], [5.358495, 4.774723], [5.358492, 4.774646], [5.3584876, 4.774532], [5.3584747, 4.7744517], [5.3584437, 4.7742596], [5.358418, 4.7741265], [5.3583937, 4.774002], [5.3583717, 4.7738085], [5.3583393, 4.7736354], [5.358292, 4.773368], [5.3582706, 4.7732067], [5.3582344, 4.7730384], [5.3582134, 4.7728496], [5.3581614, 4.772638], [5.3581147, 4.772403], [5.3580775, 4.7721705], [5.3580623, 4.7720766], [5.358038, 4.771925], [5.3580055, 4.7717514], [5.3579645, 4.7714653], [5.3579307, 4.7712827], [5.3579063, 4.7711587], [5.357875, 4.770962], [5.357852, 4.770819], [5.357816, 4.770596], [5.357784, 4.7704225], [5.3577504, 4.7702723], [5.3577228, 4.7701573], [5.357697, 4.7699966], [5.3576794, 4.769885], [5.357639, 4.76969], [5.3576207, 4.769519], [5.357599, 4.769353], [5.357574, 4.769229], [5.3575244, 4.7690034], [5.3574853, 4.768817], [5.357473, 4.768709], [5.35746, 4.7685738], [5.3574233, 4.768401], [5.3574004, 4.7682586], [5.3573723, 4.768052], [5.357326, 4.7678213], [5.3572736, 4.7676377], [5.3572326, 4.7674656], [5.3572125, 4.767313], [5.3571863, 4.7671204], [5.357148, 4.766911], [5.3571124, 4.7667155], [5.3570766, 4.7664924], [5.3570547, 4.7663264], [5.357032, 4.7661834], [5.357006, 4.7660227], [5.3569784, 4.7658806], [5.356965, 4.7657957], [5.3569493, 4.7656975], [5.35693, 4.765577], [5.35689, 4.7653866], [5.356858, 4.7652407], [5.356814, 4.7650504], [5.3567696, 4.7648335], [5.3567348, 4.7646422], [5.3567076, 4.7644725], [5.3566647, 4.764177], [5.356652, 4.764069], [5.3566256, 4.7638764], [5.356619, 4.7638044], [5.3565803, 4.76365], [5.3565464, 4.763468], [5.356519, 4.7631836], [5.356504, 4.7630305], [5.356494, 4.762968], [5.356485, 4.762942], [5.356171, 4.7611237], [5.3561554, 4.7610254], [5.3561544, 4.761021], [5.356154, 4.7610164], [5.356158, 4.761011], [5.356248, 4.760919]]}, "properties": {"admin_area_name": "Nigeria", "fluid": "GAS", "mps_created_time": "Sep 8, 2021 12:13:46 PM", "mps_datasource_tags": "Data derived from Shell World Map, 2019, (https://reports.shell.com/investors-handbook/2019/servicepages/worldmap.php). Last Accessed Jan 2021", "mps_est_elevation_end_m": "-21.0", "mps_est_elevation_start_m": "-27.0", "mps_est_length_km": "10.4086499844906", "mps_est_shore_status": "OFFSHORE", "mps_uuid": "96aacafc-c7a2-4319-adab-b8646efc625f", "name": "NIGERIA PIPELINE", "status": "OPERATIONAL", "updt": "May 28, 2025 9:01:36 PM"}}, {"type": "Feature", "id": "mps_mapping_pipeline.a4f202de-f300-4dea-bb6e-88a7e264b226", "geometry": {"type": "LineString", "coordinates": [[5.6841556973783085, 4.999939956636869], [5.703080247139465, 5.018398131512232], [5.743083, 5.023694], [5.7803972, 5.0220775], [5.798556, 5.021583], [5.820204240536111, 5.024064097072668], [5.868050171935351, 5.024857879687416]]}, "properties": {"admin_area_name": "Nigeria", "fluid": "OIL", "mps_created_time": "Jan 1, 1900 12:00:00 AM", "mps_datasource_tags": "Inferred from satellite imagery and NG oil spill data.", "mps_est_elevation_end_m": "18.0", "mps_est_elevation_start_m": "7.0", "mps_est_length_km": "21.2813495651793", "mps_est_shore_status": "ONSHORE", "mps_uuid": "a4f202de-f300-4dea-bb6e-88a7e264b226", "name": "BENISIDE TRUNK LINE", "status": "OPERATIONAL", "updt": "Aug 17, 2022 11:19:39 AM"}}, {"type": "Feature", "id": "mps_mapping_pipeline.dbb09b03-1c9b-454a-87c5-423cfda908d4", "geometry": {"type": "LineString", "coordinates": [[5.626647, 4.895211], [5.6266584, 4.8952246], [5.626673, 4.89524], [5.626683, 4.89525], [5.6266904, 4.895256], [5.626705, 4.895268], [5.6267166, 4.895276], [5.626741, 4.895292], [5.6267657, 4.8953066], [5.626783, 4.895315], [5.6268177, 4.895332], [5.6268463, 4.8953447], [5.626866, 4.8953524], [5.6269045, 4.895367], [5.626963, 4.895388], [5.627042, 4.8954144], [5.627081, 4.8954277], [5.6271524, 4.8954544], [5.6272, 4.8954725], [5.6272945, 4.8955107], [5.6274757, 4.895582], [5.6277184, 4.895679], [5.627912, 4.895757], [5.6280546, 4.8958154], [5.6281257, 4.895845], [5.628263, 4.8959026], [5.628332, 4.895931], [5.628401, 4.895957], [5.6284466, 4.895974], [5.628539, 4.896007], [5.628596, 4.896027], [5.62865, 4.8960423], [5.628686, 4.896054], [5.6287575, 4.8960776], [5.628969, 4.896148], [5.6290674, 4.8961816], [5.629117, 4.8961987], [5.6291904, 4.8962255], [5.629256, 4.8962502], [5.6293435, 4.8962836], [5.6293874, 4.8963], [5.6294613, 4.896325], [5.629511, 4.896341], [5.6296105, 4.896372], [5.6297216, 4.8964033], [5.629777, 4.8964195], [5.6298323, 4.8964376], [5.6298594, 4.8964467], [5.629923, 4.8964705], [5.630049, 4.89652], [5.6301365, 4.8965535], [5.630313, 4.896617], [5.6304507, 4.896667], [5.63052, 4.8966913], [5.6305943, 4.896716], [5.6307425, 4.8967643], [5.6308103, 4.8967867], [5.630945, 4.8968334], [5.631019, 4.8968596], [5.631166, 4.8969126], [5.6313753, 4.896989], [5.631469, 4.897022], [5.6315155, 4.897038], [5.631586, 4.897062], [5.6316814, 4.897093], [5.631729, 4.8971076], [5.631801, 4.8971295], [5.631893, 4.897157], [5.631939, 4.897171], [5.6319847, 4.897186], [5.6320076, 4.8971934], [5.632032, 4.897202], [5.63208, 4.89722], [5.6321282, 4.897239], [5.6322236, 4.8972793], [5.632315, 4.8973093], [5.632361, 4.897324], [5.632407, 4.8973374], [5.6324306, 4.897344], [5.6325045, 4.897363], [5.6325703, 4.89738], [5.632603, 4.897389], [5.6326356, 4.8973985], [5.6326513, 4.8974037], [5.632675, 4.897412], [5.6327214, 4.89743], [5.6328135, 4.8974676], [5.6328597, 4.8974867], [5.6328826, 4.8974957], [5.632929, 4.8975124], [5.632975, 4.8975286], [5.6330676, 4.8975606], [5.633138, 4.8975854], [5.633279, 4.8976364], [5.6333766, 4.897671], [5.633425, 4.8976884], [5.633499, 4.8977127], [5.6336346, 4.8977566], [5.633702, 4.8977795], [5.633759, 4.8978], [5.6338344, 4.897829], [5.6338725, 4.897843], [5.6339192, 4.897859], [5.63395, 4.8978696], [5.634013, 4.89789], [5.634202, 4.8979487], [5.6342645, 4.8979697], [5.634296, 4.89798], [5.634353, 4.8980007], [5.6344676, 4.898044], [5.6346016, 4.898095], [5.6346693, 4.8981194], [5.6347446, 4.898145], [5.6348968, 4.898195], [5.6350303, 4.898238], [5.635097, 4.8982606], [5.6351643, 4.8982835], [5.635298, 4.8983297], [5.635441, 4.89838], [5.6355124, 4.8984046], [5.635724, 4.8984756], [5.635924, 4.8985453], [5.6361437, 4.8986216], [5.636351, 4.898693], [5.636557, 4.8987637], [5.6367903, 4.8988447], [5.636929, 4.898894], [5.6369977, 4.8989186], [5.6371365, 4.8989697], [5.637206, 4.8989944], [5.6372714, 4.899016], [5.637315, 4.8990297], [5.6373444, 4.899039], [5.637403, 4.899056], [5.637414, 4.89906], [5.6374903, 4.8990846], [5.637541, 4.8991013], [5.6376414, 4.8991356], [5.6377306, 4.899167], [5.637775, 4.899183], [5.637841, 4.8992076], [5.6379876, 4.899263], [5.638061, 4.899289], [5.63813, 4.899312], [5.638222, 4.899341], [5.638268, 4.8993564], [5.638335, 4.8993793], [5.6383796, 4.8993955], [5.6384683, 4.899428], [5.6386185, 4.899481], [5.638693, 4.899508], [5.638788, 4.8995433], [5.638836, 4.899561], [5.6388836, 4.899577], [5.638908, 4.899585], [5.638933, 4.899593], [5.6389837, 4.899607], [5.639085, 4.899635], [5.639136, 4.899649], [5.6391983, 4.8996673], [5.63923, 4.8996773], [5.639276, 4.8996925], [5.6393456, 4.8997164], [5.639412, 4.8997416], [5.639456, 4.899759], [5.6394854, 4.8997707], [5.6395435, 4.899795], [5.6396446, 4.899839], [5.639695, 4.89986], [5.6397295, 4.8998733], [5.6397467, 4.8998795], [5.639773, 4.899888], [5.639793, 4.8998947], [5.6398335, 4.8999066], [5.6399145, 4.8999295], [5.639955, 4.899942], [5.6399813, 4.8999505], [5.640033, 4.89997], [5.6401353, 4.900011], [5.640187, 4.9000316], [5.640252, 4.900055], [5.640383, 4.9000993], [5.640456, 4.900125], [5.640553, 4.9001594], [5.640602, 4.9001765], [5.640735, 4.9002223], [5.6408534, 4.9002624], [5.6409125, 4.900283], [5.641, 4.9003143], [5.641073, 4.900342], [5.6411724, 4.9003797], [5.641224, 4.9003983], [5.6412706, 4.900415], [5.641366, 4.900447], [5.6414905, 4.9004893], [5.641548, 4.9005103], [5.6416016, 4.900531], [5.6416264, 4.9005413], [5.6416574, 4.9005556], [5.641701, 4.9005756], [5.641727, 4.9005866], [5.641774, 4.9006047], [5.641803, 4.900615], [5.64201, 4.9006867], [5.642138, 4.900731], [5.642202, 4.900754], [5.6422973, 4.900789], [5.642392, 4.900825], [5.6424394, 4.9008436], [5.6425724, 4.9008985], [5.642639, 4.9009247], [5.6427026, 4.900947], [5.64283, 4.9009895], [5.6428995, 4.901013], [5.643038, 4.9010596], [5.6431766, 4.901107], [5.6432457, 4.9011307], [5.6433163, 4.901156], [5.6434565, 4.901208], [5.6435485, 4.9012423], [5.6435947, 4.901259], [5.6436644, 4.9012833], [5.6437283, 4.9013042], [5.643813, 4.901332], [5.643855, 4.9013467], [5.643918, 4.901371], [5.644001, 4.9014034], [5.6440434, 4.9014187], [5.6440873, 4.901433], [5.6441765, 4.901459], [5.6442046, 4.901468], [5.6442604, 4.901486], [5.644316, 4.9015045], [5.644427, 4.9015436], [5.644529, 4.90158], [5.644732, 4.901654], [5.6449885, 4.9017477], [5.6450887, 4.901784], [5.6451387, 4.9018016], [5.6452146, 4.9018273], [5.645284, 4.9018497], [5.645377, 4.9018793], [5.6454234, 4.901895], [5.645489, 4.901919], [5.645577, 4.901952], [5.645621, 4.9019685], [5.645699, 4.9019966], [5.6458044, 4.902034], [5.6458564, 4.9020524], [5.6459327, 4.9020805], [5.6460342, 4.9021187], [5.646085, 4.902137], [5.6461535, 4.9021606], [5.646199, 4.9021754], [5.646291, 4.902205], [5.646386, 4.9022346], [5.646434, 4.9022493], [5.6464815, 4.902265], [5.646505, 4.9022737], [5.646555, 4.902292], [5.6466217, 4.9023166], [5.6466556, 4.902328], [5.6466894, 4.902339], [5.646706, 4.9023438], [5.646732, 4.9023504], [5.6467566, 4.9023557], [5.6468062, 4.902365], [5.646839, 4.9023705], [5.6468835, 4.9023776], [5.646906, 4.9023814], [5.646939, 4.902388], [5.646955, 4.902392], [5.646979, 4.902398], [5.646995, 4.902403], [5.6470265, 4.902413], [5.647042, 4.902418], [5.6470733, 4.90243], [5.647104, 4.902442], [5.6471653, 4.902468], [5.6472316, 4.902497], [5.6473637, 4.9025555]]}, "properties": {"admin_area_name": "Nigeria", "fluid": "GAS", "mps_created_time": "Sep 8, 2021 12:13:29 PM", "mps_datasource_tags": "Data derived from Shell World Map, 2019, (https://reports.shell.com/investors-handbook/2019/servicepages/worldmap.php). Last Accessed Jan 2021", "mps_est_elevation_end_m": "7.0", "mps_est_elevation_start_m": "4.0", "mps_est_length_km": "2.4395756909509", "mps_est_shore_status": "ONSHORE", "mps_uuid": "dbb09b03-1c9b-454a-87c5-423cfda908d4", "name": "NIGERIA PIPELINE", "status": "OPERATIONAL", "updt": "May 28, 2025 9:01:28 PM"}}, {"type": "Feature", "id": "mps_mapping_pipeline.e1a19428-8d9e-4558-bfc1-557cf0565c02", "geometry": {"type": "LineString", "coordinates": [[5.7776546, 4.3592877], [5.6044693, 4.295638]]}, "properties": {"admin_area_name": "Nigeria", "fluid": "OIL", "mps_created_time": "Jan 1, 1900 12:00:00 AM", "mps_est_elevation_end_m": "-11.0", "mps_est_elevation_start_m": "-11.0", "mps_est_length_km": "20.4722538130368", "mps_est_shore_status": "OFFSHORE", "mps_uuid": "e1a19428-8d9e-4558-bfc1-557cf0565c02", "name": "APOI TO PENNINGTON OIL TERMINAL", "status": "OPERATIONAL", "updt": "Aug 17, 2022 11:39:59 AM"}}, {"type": "Feature", "id": "mps_mapping_pipeline.f137ddf2-73ef-4587-b5fd-c0c2249c31c7", "geometry": {"type": "LineString", "coordinates": [[5.926787, 4.335604], [5.8172507, 4.3311634], [5.6059494, 4.294528]]}, "properties": {"admin_area_name": "Nigeria", "fluid": "OIL", "mps_created_time": "Jan 1, 1900 12:00:00 AM", "mps_est_elevation_end_m": "-11.0", "mps_est_elevation_start_m": "-6.0", "mps_est_length_km": "35.9718777417059", "mps_est_shore_status": "OFFSHORE", "mps_uuid": "f137ddf2-73ef-4587-b5fd-c0c2249c31c7", "name": "FUNIWA TO PENNINGTON OIL TERMINAL", "status": "OPERATIONAL", "updt": "Aug 17, 2022 11:39:59 AM"}}, {"type": "Feature", "id": "mps_mapping_pipeline.f2ec0059-5602-4b08-b0e4-cdefcd653745", "geometry": {"type": "LineString", "coordinates": [[5.4801307, 4.6411767], [5.574125, 4.4850135], [5.603729, 4.2933254], [5.603729, 4.2933254]]}, "properties": {"admin_area_name": "Nigeria", "fluid": "OIL", "mps_created_time": "Jan 1, 1900 12:00:00 AM", "mps_est_elevation_end_m": "-10.0", "mps_est_elevation_start_m": "-14.0", "mps_est_length_km": "41.6245166470163", "mps_est_shore_status": "OFFSHORE", "mps_uuid": "f2ec0059-5602-4b08-b0e4-cdefcd653745", "name": "PENNINGTON TO PENNINGTON TERMINAL", "status": "OPERATIONAL", "updt": "Aug 17, 2022 11:39:59 AM"}}, {"type": "Feature", "id": "mps_mapping_pipeline.ee63762e-fd5f-457d-bfe5-d8c2034d68df", "geometry": {"type": "LineString", "coordinates": [[5.362904, 4.802089], [5.36295, 4.802241], [5.362977, 4.80225], [5.3630133, 4.802236], [5.3630853, 4.8022995]]}, "properties": {"admin_area_name": "Nigeria", "fluid": "GAS", "mps_created_time": "Sep 8, 2021 12:13:33 PM", "mps_datasource_tags": "Data derived from Shell World Map, 2019, (https://reports.shell.com/investors-handbook/2019/servicepages/worldmap.php). Last Accessed Jan 2021", "mps_est_elevation_end_m": "-19.0", "mps_est_elevation_start_m": "-19.0", "mps_est_length_km": "0.0356712000242098", "mps_est_shore_status": "OFFSHORE", "mps_uuid": "ee63762e-fd5f-457d-bfe5-d8c2034d68df", "name": "NIGERIA PIPELINE", "status": "OPERATIONAL", "updt": "May 28, 2025 9:01:30 PM"}}, {"type": "Feature", "id": "mps_mapping_pipeline.86fea894-cc3d-4a3d-96b3-8ad7b24af126", "geometry": {"type": "LineString", "coordinates": [[5.6873871298173855, 5.146913033403055], [5.63275, 5.1584444], [5.6291389, 5.1614167], [5.4244997, 5.2833614], [5.35225, 5.349111]]}, "properties": {"admin_area_name": "Nigeria", "fluid": "OIL", "mps_created_time": "Jan 1, 1900 12:00:00 AM", "mps_datasource_tags": "Inferred from satellite imagery and NG oil spill data.", "mps_est_elevation_end_m": "7.0", "mps_est_elevation_start_m": "18.0", "mps_est_length_km": "43.9168426194116", "mps_est_shore_status": "ONSHORE", "mps_uuid": "86fea894-cc3d-4a3d-96b3-8ad7b24af126", "name": "TRANS FORCADOS PIPELINE", "status": "OPERATIONAL", "updt": "Aug 17, 2022 11:19:41 AM"}}, {"type": "Feature", "id": "mps_mapping_pipeline.82854f8f-5878-4c71-9c49-c82c4ead0f77", "geometry": {"type": "LineString", "coordinates": [[5.5543947, 4.994904], [5.5548644, 4.994794], [5.554845, 4.994714], [5.5554447, 4.994564], [5.555535, 4.995424]]}, "properties": {"admin_area_name": "Nigeria", "fluid": "OIL", "mps_created_time": "Sep 8, 2021 12:13:15 PM", "mps_datasource_tags": "Data derived from Shell World Map, 2019, (https://reports.shell.com/investors-handbook/2019/servicepages/worldmap.php). Last Accessed Jan 2021", "mps_est_elevation_end_m": "17.0", "mps_est_elevation_start_m": "17.0", "mps_est_length_km": "0.226766183020939", "mps_est_shore_status": "ONSHORE", "mps_uuid": "82854f8f-5878-4c71-9c49-c82c4ead0f77", "name": "NIGERIA PIPELINE", "status": "OPERATIONAL", "updt": "May 28, 2025 9:01:20 PM"}}, {"type": "Feature", "id": "mps_mapping_pipeline.64b5ee5e-d7fc-4cd5-a63a-55f0be55723d", "geometry": {"type": "LineString", "coordinates": [[5.607283644539332, 4.955864079162274], [5.623592485497242, 4.95463818842035], [5.625570409442612, 4.9742016502216035], [5.6622168552433925, 4.999817393272986], [5.6841556973783085, 4.999939956636869]]}, "properties": {"admin_area_name": "Nigeria", "category": "Hydrocarbon", "fluid": "OIL", "mps_created_time": "Jan 1, 1900 12:00:00 AM", "mps_datasource_tags": "Sourced from Shell Handbook 2018", "mps_est_elevation_end_m": "7.0", "mps_est_elevation_start_m": "10.0", "mps_est_length_km": "11.3752150524034", "mps_est_shore_status": "ONSHORE", "mps_uuid": "64b5ee5e-d7fc-4cd5-a63a-55f0be55723d", "name": "12\" BENISEDE MF - BRASS CREEK DELIVERY LINE", "operator_group_name": "SHELL PLC (GROUP)", "optr_name": "ROYAL DUTCH SHELL NIGERIA", "status": "OPERATIONAL", "updt": "May 29, 2025 12:47:18 PM"}}, {"type": "Feature", "id": "mps_mapping_pipeline.d34627c9-5ea8-427e-b9d8-631c1a90ede9", "geometry": {"type": "LineString", "coordinates": [[5.27687763919772, 4.839810921724762], [5.301451593656103, 4.803287039287862]]}, "properties": {"admin_area_name": "Nigeria", "category": "Hydrocarbon", "fluid": "OIL", "mps_created_time": "Jan 1, 1900 12:00:00 AM", "mps_datasource_tags": "Sourced from Shell Handbook 2018", "mps_est_elevation_end_m": "-30.0", "mps_est_elevation_start_m": "-32.0", "mps_est_length_km": "4.8727190846101", "mps_est_shore_status": "OFFSHORE", "mps_uuid": "d34627c9-5ea8-427e-b9d8-631c1a90ede9", "name": "EJA TO SEA EAGLE FPSO", "operator_group_name": "SHELL PLC (GROUP)", "optr_name": "ROYAL DUTCH SHELL NIGERIA", "status": "OPERATIONAL", "updt": "Aug 17, 2022 11:18:09 AM"}}, {"type": "Feature", "id": "mps_mapping_pipeline.18431dd1-9f78-4e71-9af0-ff9466687b34", "geometry": {"type": "LineString", "coordinates": [[5.560086951000073, 4.991711325000036], [5.605120384395244, 4.9571034605586055], [5.616255593787561, 4.880992211989184]]}, "properties": {"admin_area_name": "Nigeria", "category": "Hydrocarbon", "fluid": "GAS", "mps_created_time": "Jan 1, 1900 12:00:00 AM", "mps_datasource_tags": "Sourced from Shell Handbook 2018", "mps_est_elevation_end_m": "4.0", "mps_est_elevation_start_m": "19.0", "mps_est_length_km": "14.7987252738771", "mps_est_shore_status": "ONSHORE", "mps_uuid": "18431dd1-9f78-4e71-9af0-ff9466687b34", "name": "OGBOTOBO-TUNU CPF", "operator_group_name": "SHELL PLC (GROUP)", "optr_name": "ROYAL DUTCH SHELL NIGERIA", "status": "OPERATIONAL", "updt": "Aug 17, 2022 11:18:08 AM"}}, {"type": "Feature", "id": "mps_mapping_pipeline.ff0bb631-5108-4e09-a91f-dd21b71f7f1a", "geometry": {"type": "LineString", "coordinates": [[5.6157653403320325, 4.8829532258113], [5.659852761639726, 4.948249980916519], [5.6841556973783085, 4.999939956636869]]}, "properties": {"admin_area_name": "Nigeria", "category": "Hydrocarbon", "fluid": "GAS", "mps_created_time": "Jan 1, 1900 12:00:00 AM", "mps_datasource_tags": "Sourced from Shell Handbook 2018", "mps_est_elevation_end_m": "7.0", "mps_est_elevation_start_m": "4.0", "mps_est_length_km": "15.0401941710371", "mps_est_shore_status": "ONSHORE", "mps_uuid": "ff0bb631-5108-4e09-a91f-dd21b71f7f1a", "name": "12\" BENISEDE AG PIPELINE", "operator_group_name": "SHELL PLC (GROUP)", "optr_name": "ROYAL DUTCH SHELL NIGERIA", "status": "OPERATIONAL", "updt": "May 29, 2025 12:40:23 PM"}}, {"type": "Feature", "id": "mps_mapping_pipeline.4fa2f0ee-d97f-4884-ba9f-332192883495", "geometry": {"type": "LineString", "coordinates": [[5.6157653403320325, 4.8829532258113], [5.659852761639726, 4.948249980916519], [5.7646315694028605, 4.9125738355525]]}, "properties": {"admin_area_name": "Nigeria", "category": "Hydrocarbon", "fluid": "GAS", "mps_created_time": "Jan 1, 1900 12:00:00 AM", "mps_datasource_tags": "Sourced from Shell Handbook 2018", "mps_est_elevation_end_m": "13.0", "mps_est_elevation_start_m": "4.0", "mps_est_length_km": "20.9930521745526", "mps_est_shore_status": "ONSHORE", "mps_uuid": "4fa2f0ee-d97f-4884-ba9f-332192883495", "name": "12\" OPUKUSHI AG PIPELINE", "operator_group_name": "SHELL PLC (GROUP)", "optr_name": "ROYAL DUTCH SHELL NIGERIA", "status": "OPERATIONAL", "updt": "May 29, 2025 12:40:29 PM"}}, {"type": "Feature", "id": "mps_mapping_pipeline.63469a9a-85cb-4c20-bf6f-e88988b6ba99", "geometry": {"type": "LineString", "coordinates": [[5.6078395510000405, 4.955543518000053], [5.60632793000002, 4.95641518800005], [5.601817284000049, 4.958986150000043], [5.594858921000025, 4.962999015000054], [5.58096693400006, 4.974514140000036], [5.572269960000028, 4.981675873000026], [5.560086951000073, 4.991711325000036], [5.551305830000047, 4.998944113000049], [5.539184243000022, 5.008911771000042], [5.514744556000038, 5.028957438000015], [5.511254283000028, 5.031829246000026], [5.480548021000061, 5.056991534000069], [5.479146156000069, 5.058153471000012], [5.475649959000067, 5.061953770000053], [5.449807775000068, 5.0903258520000305], [5.44374235400005, 5.097016406000002], [5.442219969000064, 5.0986790230000345], [5.4146776940000345, 5.129240613000017], [5.413799895000069, 5.130231861000028], [5.413650133000034, 5.130549085000038], [5.406029956000054, 5.148572276000037], [5.40356334300003, 5.158173172000033], [5.395203949000063, 5.19104075100005], [5.384078597000041, 5.2347987090000725], [5.377457107000055, 5.260836097000023], [5.371209190000058, 5.2855770650000355], [5.365803829000072, 5.313068081000033], [5.36133968300004, 5.33569725400002], [5.3596573630000535, 5.344124148000047], [5.35928289900005, 5.346004965000021], [5.359247506000031, 5.346182644000076], [5.359242896000069, 5.346198057000021], [5.359236656000064, 5.346209976000067], [5.359226690000071, 5.346218171000022], [5.359211043000072, 5.346225714000069], [5.359188318000065, 5.346231021000051], [5.356923575000053, 5.346566150000055], [5.35250794500007, 5.34721950800002], [5.352133176000052, 5.347084382000044], [5.3472481960000655, 5.347820009000032], [5.34711819000006, 5.346936495000024], [5.34711842300004, 5.346929418000053], [5.347119168000063, 5.346922434000022], [5.347120472000029, 5.346917731000058], [5.3471227070000396, 5.3469143320000345], [5.347125734000031, 5.346912424000038], [5.347135514000059, 5.346909350000033], [5.3474867690000565, 5.346857437000033]]}, "properties": {"admin_area_name": "Nigeria", "category": "Hydrocarbon", "fluid": "OIL", "mps_created_time": "Jan 1, 1900 12:00:00 AM", "mps_datasource_tags": "Sourced from Shell Handbook 2018", "mps_est_elevation_end_m": "7.0", "mps_est_elevation_start_m": "10.0", "mps_est_length_km": "55.1872060605305", "mps_est_shore_status": "BOTH", "mps_uuid": "63469a9a-85cb-4c20-bf6f-e88988b6ba99", "name": "24\" BRASS CREEK MF TO FORC. TERMINAL T/L", "operator_group_name": "SHELL PLC (GROUP)", "optr_name": "ROYAL DUTCH SHELL NIGERIA", "status": "OPERATIONAL", "updt": "May 29, 2025 12:43:48 PM"}}, {"type": "Feature", "id": "mps_mapping_pipeline.a88d7649-a13c-4ddc-a4b5-9932ee5feb03", "geometry": {"type": "LineString", "coordinates": [[5.77119108100004, 4.913680093000026], [5.770809461000056, 4.914058172000061], [5.770664732000056, 4.913908521000054], [5.7691355740000745, 4.913019731000015], [5.76658310800002, 4.911867857000055], [5.753044492000073, 4.916765517000048], [5.74286853800004, 4.920455117000067], [5.737857351000059, 4.922273493000026], [5.736706536000042, 4.922687091000046], [5.728558537000025, 4.925621105000058], [5.722197041000072, 4.927911932000033], [5.721017867000057, 4.928355188000063], [5.717960220000067, 4.929463517000041], [5.71479591700006, 4.932206306000053], [5.713114134000023, 4.933660369000046], [5.712990684000033, 4.933744598000035], [5.7096660970000235, 4.936619947000043], [5.704024071000049, 4.937956914000039], [5.702918055000054, 4.9382264500000606], [5.694136474000061, 4.940288260000044], [5.692383781000046, 4.940705948000072], [5.685586100000023, 4.942237160000044], [5.68422969300002, 4.942529043000029], [5.675216580000041, 4.9446946830000185], [5.673878334000051, 4.944986194000013], [5.656073349000053, 4.94912946000005], [5.640718308000032, 4.952740969000033], [5.631938590000061, 4.954795236000046], [5.62998193200002, 4.9552577160000535], [5.629931919000057, 4.95526581700005], [5.629871196000067, 4.95526856400004], [5.629749889000038, 4.955255199000004], [5.624933329000044, 4.95477216300003], [5.611462671000027, 4.953426200000028], [5.607895711000025, 4.955511111000018], [5.6078395510000405, 4.955543518000053]]}, "properties": {"admin_area_name": "Nigeria", "category": "Hydrocarbon", "fluid": "OIL", "mps_created_time": "Jan 1, 1900 12:00:00 AM", "mps_datasource_tags": "Sourced from Shell Handbook 2018", "mps_est_elevation_end_m": "10.0", "mps_est_elevation_start_m": "13.0", "mps_est_length_km": "19.1397622379945", "mps_est_shore_status": "ONSHORE", "mps_uuid": "a88d7649-a13c-4ddc-a4b5-9932ee5feb03", "name": "20\" OPUKUSHI MF TO BRASS CREEK MF T/L", "operator_group_name": "SHELL PLC (GROUP)", "optr_name": "ROYAL DUTCH SHELL NIGERIA", "status": "OPERATIONAL", "updt": "May 29, 2025 12:41:02 PM"}}, {"type": "Feature", "id": "mps_mapping_pipeline.ad6fd1ca-f3d3-4d37-8f51-1f9ece6b833a", "geometry": {"type": "LineString", "coordinates": [[7.1212454, 4.8930693], [7.1216555, 4.892859], [7.1218953, 4.8930893], [7.1228456, 4.8921194], [7.1245356, 4.8904295], [7.1263657, 4.88854], [7.128196, 4.8866596], [7.1320558, 4.8827], [7.1326456, 4.8810606], [7.132806, 4.8805504], [7.133966, 4.876971], [7.134396, 4.875631], [7.135066, 4.873451], [7.135106, 4.873331], [7.135166, 4.873031], [7.135366, 4.8724313], [7.135396, 4.8710012], [7.135436, 4.8692217], [7.135496, 4.8674617], [7.135546, 4.8656917], [7.135596, 4.863922], [7.135636, 4.862152], [7.135706, 4.860742], [7.135706, 4.860732], [7.135706, 4.860382], [7.135746, 4.8586025], [7.135796, 4.8568125], [7.135826, 4.8558025], [7.135846, 4.855043], [7.135876, 4.853893], [7.110416, 4.849353], [7.1092257, 4.849123], [7.1088357, 4.849073], [7.0903454, 4.845773], [7.0885453, 4.845413], [7.0864253, 4.8423233], [7.0861454, 4.842273], [7.083065, 4.8444333], [7.0808153, 4.8440533]]}, "properties": {"admin_area_name": "Nigeria", "fluid": "OIL", "mps_created_time": "Sep 8, 2021 12:13:47 PM", "mps_datasource_tags": "Data derived from Shell World Map, 2019, (https://reports.shell.com/investors-handbook/2019/servicepages/worldmap.php). Last Accessed Jan 2021", "mps_est_elevation_end_m": "19.0", "mps_est_elevation_start_m": "26.0", "mps_est_length_km": "11.3914973839971", "mps_est_shore_status": "ONSHORE", "mps_uuid": "ad6fd1ca-f3d3-4d37-8f51-1f9ece6b833a", "name": "NIGERIA PIPELINE", "status": "OPERATIONAL", "updt": "May 28, 2025 9:01:37 PM"}}, {"type": "Feature", "id": "mps_mapping_pipeline.f6f321c4-a292-4018-b984-c907b5c1c556", "geometry": {"type": "LineString", "coordinates": [[6.906755, 4.738971], [6.904523, 4.7359424], [6.903108, 4.735763], [6.9015536, 4.737676]]}, "properties": {"admin_area_name": "Nigeria", "fluid": "OIL", "mps_created_time": "Jun 30, 2021 2:18:48 PM", "mps_datasource_tags": "Data derived from San Leon Annual Report, 2021, (https://www.sanleonenergy.com/wp-content/uploads/2021/06/2994-San-Leon_AR20_web.pdf)", "mps_est_elevation_end_m": "4.0", "mps_est_elevation_start_m": "4.0", "mps_est_length_km": "0.847667188649474", "mps_est_shore_status": "ONSHORE", "mps_uuid": "f6f321c4-a292-4018-b984-c907b5c1c556", "name": "BUGUMA CREEK SPUR 2", "status": "OPERATIONAL", "updt": "Aug 17, 2022 12:29:32 PM"}}, {"type": "Feature", "id": "mps_mapping_pipeline.209ff9c6-8096-4972-bc31-96ccd6ca06c9", "geometry": {"type": "LineString", "coordinates": [[7.651833156975898, 4.316080116774239], [7.976520159891606, 4.15445389146421]]}, "properties": {"admin_area_name": "Nigeria", "fluid": "OIL", "mps_created_time": "Jan 1, 1900 12:00:00 AM", "mps_datasource_tags": "Inferred from satellite imagery and NG oil spill data.", "mps_est_elevation_end_m": "-29.0", "mps_est_elevation_start_m": "-13.0", "mps_est_length_km": "40.2335959746668", "mps_est_shore_status": "OFFSHORE", "mps_uuid": "209ff9c6-8096-4972-bc31-96ccd6ca06c9", "name": "OSO - EDOP", "status": "OPERATIONAL", "updt": "Aug 17, 2022 11:19:37 AM"}}, {"type": "Feature", "id": "mps_mapping_pipeline.90924cec-c116-456b-b9bc-35ab20f6b6c8", "geometry": {"type": "LineString", "coordinates": [[7.0472145, 4.552129], [7.049306, 4.5437684]]}, "properties": {"admin_area_name": "Nigeria", "fluid": "OIL", "mps_created_time": "Jun 30, 2021 2:18:41 PM", "mps_datasource_tags": "Data derived from San Leon Annual Report, 2021, (https://www.sanleonenergy.com/wp-content/uploads/2021/06/2994-San-Leon_AR20_web.pdf)", "mps_est_elevation_end_m": "4.0", "mps_est_elevation_start_m": "4.0", "mps_est_length_km": "0.953213767616291", "mps_est_shore_status": "ONSHORE", "mps_uuid": "90924cec-c116-456b-b9bc-35ab20f6b6c8", "name": "CAWTHORNE CHANNEL COMPLEX 8", "status": "OPERATIONAL", "updt": "Aug 17, 2022 12:29:31 PM"}}, {"type": "Feature", "id": "mps_mapping_pipeline.080fdc90-8df8-4e85-b86d-e9b54876c181", "geometry": {"type": "LineString", "coordinates": [[7.500416, 4.866711], [7.528609, 4.873864], [7.5335846, 4.8748593], [7.5519505, 4.8588457], [7.5567455, 4.8568554], [7.566788, 4.8551364], [7.579092, 4.8545938], [7.5828013, 4.8554077], [7.5854254, 4.8585744], [7.5883203, 4.86536], [7.590582, 4.8686166], [7.5930247, 4.8699737], [7.610305, 4.876397], [7.621614, 4.8811016], [7.6338277, 4.8938584], [7.692001, 4.906841], [7.697384, 4.906841], [7.7093716, 4.902272], [7.7126737, 4.9017296], [7.716157, 4.9021363], [7.722309, 4.9078813], [7.726335, 4.9105506], [7.7644687, 4.9195976], [7.7874484, 4.9233975], [7.7994814, 4.9297304], [7.8052716, 4.930183], [7.8143187, 4.9282827], [7.8244514, 4.9278307], [7.8306036, 4.92964], [7.848155, 4.9452915], [7.85295, 4.947101], [7.8573833, 4.946106], [7.8629923, 4.940949], [7.868873, 4.93733], [7.872175, 4.937737], [7.881675, 4.942487], [7.9042025, 4.9439797], [7.932294, 4.9463773], [7.9352794, 4.9442058], [7.9454575, 4.941582], [7.948217, 4.941763], [7.949981, 4.9429846], [7.9546404, 4.949001], [7.9584403, 4.9564195], [8.043258, 4.972433], [8.0515585, 4.981322], [8.053368, 4.9830637], [8.054748, 4.982837], [8.056354, 4.979874], [8.058118, 4.979015], [8.063433, 4.979716], [8.079333, 4.9822946], [8.203324, 5.00498], [8.231914, 5.0161986], [8.254712, 5.0227127], [8.267379, 5.022984], [8.274616, 5.018913], [8.27923, 5.0176463], [8.283301, 5.018008], [8.287011, 5.0196366], [8.2899065, 5.0236173], [8.292801, 5.038183], [8.294226, 5.0450816], [8.298388, 5.0523195], [8.305716, 5.056391], [8.315668, 5.0617285], [8.319649, 5.062905], [8.322272, 5.064624], [8.330234, 5.07539], [8.335119, 5.0792804], [8.3467, 5.085342], [8.362261, 5.0831704], [8.386779, 5.080818], [8.414372, 5.0751185], [8.422424, 5.068333], [8.433937, 5.053609], [8.441197, 5.0507817], [8.447576, 5.050917], [8.452257, 5.051641], [8.486365, 5.0584264], [8.500751, 5.060485], [8.511313, 5.0623393]]}, "properties": {"admin_area_name": "Nigeria", "fluid": "GAS", "mps_created_time": "Oct 6, 2021 10:27:09 AM", "mps_datasource_tags": "Data derived from Savannah Energy, 2021, (https://wp-savannah-2020.s3.eu-west-2.amazonaws.com/media/2021/10/05092546/30.09.21-H1-2021-Results-V5-Final.pdf)", "mps_est_elevation_end_m": "41.0", "mps_est_elevation_start_m": "24.0", "mps_est_length_km": "124.682533217192", "mps_est_shore_status": "ONSHORE", "mps_uuid": "080fdc90-8df8-4e85-b86d-e9b54876c181", "name": "IBOM - LAFARGE CEMENT FACTORY SPUR", "operator_group_name": "SAVANNAH ENERGY PLC (GROUP)", "optr_name": "ACCUGAS LTD", "status": "OPERATIONAL", "updt": "Aug 17, 2022 1:23:05 PM"}}, {"type": "Feature", "id": "mps_mapping_pipeline.a7e7bcd3-ba3d-4fc6-83e3-6d639a6a6e2d", "geometry": {"type": "LineString", "coordinates": [[6.7439165, 4.5364146], [6.763606, 4.5480533], [6.7793097, 4.555387], [6.7921443, 4.557938], [6.8083262, 4.5582566], [6.8158994, 4.558496], [6.8324003, 4.5585756], [6.8557568, 4.5683804], [6.8897157, 4.568779], [6.894977, 4.568779], [6.917961, 4.564362], [6.921562, 4.5639963], [6.931566, 4.5752363], [6.9549227, 4.5755153], [6.9642496, 4.5771093], [6.9762864, 4.579262], [6.999404, 4.578704], [7.01184, 4.5791025], [7.028181, 4.5801387], [7.044122, 4.5579977], [7.0628853, 4.5570583]]}, "properties": {"admin_area_name": "Nigeria", "fluid": "OIL", "mps_created_time": "Jun 30, 2021 2:18:42 PM", "mps_datasource_tags": "Data derived from San Leon Annual Report, 2021, (https://www.sanleonenergy.com/wp-content/uploads/2021/06/2994-San-Leon_AR20_web.pdf)", "mps_est_elevation_end_m": "4.0", "mps_est_elevation_start_m": "7.0", "mps_est_length_km": "38.0723572584511", "mps_est_shore_status": "BOTH", "mps_uuid": "a7e7bcd3-ba3d-4fc6-83e3-6d639a6a6e2d", "name": "NEMBE CREEK TRUNK LINE - EAST/WEST", "status": "OPERATIONAL", "updt": "Aug 17, 2022 12:29:31 PM"}}, {"type": "Feature", "id": "mps_mapping_pipeline.c9f1fe58-2823-4bc5-bc6f-e49d15ff147b", "geometry": {"type": "LineString", "coordinates": [[7.043566, 4.553733], [7.0407763, 4.5535736], [7.0398197, 4.554291], [7.038624, 4.5560446], [7.010963, 4.5543704], [7.0034695, 4.554211], [6.9995537, 4.562581]]}, "properties": {"admin_area_name": "Nigeria", "fluid": "OIL", "mps_created_time": "Jun 30, 2021 2:18:47 PM", "mps_datasource_tags": "Data derived from San Leon Annual Report, 2021, (https://www.sanleonenergy.com/wp-content/uploads/2021/06/2994-San-Leon_AR20_web.pdf)", "mps_est_elevation_end_m": "4.0", "mps_est_elevation_start_m": "4.0", "mps_est_length_km": "5.60692493525226", "mps_est_shore_status": "BOTH", "mps_uuid": "c9f1fe58-2823-4bc5-bc6f-e49d15ff147b", "name": "CAWTHORNE CHANNEL COMPLEX 1", "status": "OPERATIONAL", "updt": "Aug 17, 2022 12:29:32 PM"}}, {"type": "Feature", "id": "mps_mapping_pipeline.a91240bb-3666-4d79-8b48-2645266c378f", "geometry": {"type": "LineString", "coordinates": [[7.0049243, 4.6918397], [7.0093484, 4.6994925]]}, "properties": {"admin_area_name": "Nigeria", "fluid": "OIL", "mps_created_time": "Jun 30, 2021 2:18:44 PM", "mps_datasource_tags": "Data derived from San Leon Annual Report, 2021, (https://www.sanleonenergy.com/wp-content/uploads/2021/06/2994-San-Leon_AR20_web.pdf)", "mps_est_elevation_end_m": "6.0", "mps_est_elevation_start_m": "5.0", "mps_est_length_km": "0.978307696148837", "mps_est_shore_status": "OFFSHORE", "mps_uuid": "a91240bb-3666-4d79-8b48-2645266c378f", "name": "ORUBIRI SPUR 2", "status": "OPERATIONAL", "updt": "Aug 17, 2022 12:29:32 PM"}}, {"type": "Feature", "id": "mps_mapping_pipeline.b23cfc32-25ba-44fc-a133-20be1aeadfb3", "geometry": {"type": "LineString", "coordinates": [[7.1688952, 4.9869514], [7.1693654, 4.986701], [7.1674457, 4.9835615], [7.1675053, 4.9835014]]}, "properties": {"admin_area_name": "Nigeria", "fluid": "OIL", "mps_created_time": "Sep 8, 2021 12:13:20 PM", "mps_datasource_tags": "Data derived from Shell World Map, 2019, (https://reports.shell.com/investors-handbook/2019/servicepages/worldmap.php). Last Accessed Jan 2021", "mps_est_elevation_end_m": "22.0", "mps_est_elevation_start_m": "22.0", "mps_est_length_km": "0.475667873172338", "mps_est_shore_status": "ONSHORE", "mps_uuid": "b23cfc32-25ba-44fc-a133-20be1aeadfb3", "name": "NIGERIA PIPELINE", "status": "OPERATIONAL", "updt": "May 28, 2025 9:01:23 PM"}}, {"type": "Feature", "id": "mps_mapping_pipeline.bb317833-9a18-4964-892d-09997e36c77f", "geometry": {"type": "LineString", "coordinates": [[6.9015536, 4.737676], [6.901673, 4.73379], [6.8998394, 4.7309203], [6.8987236, 4.705172], [6.910282, 4.6869173]]}, "properties": {"admin_area_name": "Nigeria", "fluid": "OIL", "mps_created_time": "Jun 30, 2021 2:18:45 PM", "mps_datasource_tags": "Data derived from San Leon Annual Report, 2021, (https://www.sanleonenergy.com/wp-content/uploads/2021/06/2994-San-Leon_AR20_web.pdf)", "mps_est_elevation_end_m": "5.0", "mps_est_elevation_start_m": "4.0", "mps_est_length_km": "6.04837545719185", "mps_est_shore_status": "ONSHORE", "mps_uuid": "bb317833-9a18-4964-892d-09997e36c77f", "name": "ASARITORU TO BUGUMA CREEK", "status": "OPERATIONAL", "updt": "Aug 17, 2022 12:29:32 PM"}}, {"type": "Feature", "id": "mps_mapping_pipeline.184aae10-4f7c-47ec-9b66-4f1daa3adc1f", "geometry": {"type": "LineString", "coordinates": [[6.83814, 4.531911], [6.838897, 4.5339437], [6.839854, 4.536893]]}, "properties": {"admin_area_name": "Nigeria", "fluid": "OIL", "mps_created_time": "Jun 30, 2021 2:18:49 PM", "mps_datasource_tags": "Data derived from San Leon Annual Report, 2021, (https://www.sanleonenergy.com/wp-content/uploads/2021/06/2994-San-Leon_AR20_web.pdf)", "mps_est_elevation_end_m": "5.0", "mps_est_elevation_start_m": "5.0", "mps_est_length_km": "0.582956587850109", "mps_est_shore_status": "ONSHORE", "mps_uuid": "184aae10-4f7c-47ec-9b66-4f1daa3adc1f", "name": "AWOBA FIELD SPUR 2", "status": "OPERATIONAL", "updt": "Aug 17, 2022 12:29:32 PM"}}, {"type": "Feature", "id": "mps_mapping_pipeline.bfba2bd9-8308-4167-b408-0d155cd24589", "geometry": {"type": "LineString", "coordinates": [[7.1674953, 4.9835014], [7.1674457, 4.9835615], [7.1666555, 4.984001], [7.1661053, 4.984321], [7.1645255, 4.9852715], [7.162455, 4.9865413], [7.1613255, 4.9872313], [7.1577754, 4.987161], [7.1566253, 4.987301], [7.156475, 4.986501], [7.155445, 4.986371], [7.153945, 4.986261], [7.1524053, 4.9861813], [7.150145, 4.986021], [7.148045, 4.985811], [7.145685, 4.985661], [7.144735, 4.985621], [7.143805, 4.985551], [7.143215, 4.985481], [7.1292048, 4.9844007], [7.127515, 4.984261], [7.124675, 4.984091], [7.1244345, 4.984071], [7.1199245, 4.983801], [7.1190147, 4.9836907], [7.1187644, 4.9836707], [7.1182046, 4.983621], [7.1177845, 4.983391]]}, "properties": {"admin_area_name": "Nigeria", "fluid": "OIL", "mps_created_time": "Sep 8, 2021 12:13:17 PM", "mps_datasource_tags": "Data derived from Shell World Map, 2019, (https://reports.shell.com/investors-handbook/2019/servicepages/worldmap.php). Last Accessed Jan 2021", "mps_est_elevation_end_m": "35.0", "mps_est_elevation_start_m": "22.0", "mps_est_length_km": "5.72166184958936", "mps_est_shore_status": "ONSHORE", "mps_uuid": "bfba2bd9-8308-4167-b408-0d155cd24589", "name": "NIGERIA PIPELINE", "status": "OPERATIONAL", "updt": "May 28, 2025 9:01:21 PM"}}, {"type": "Feature", "id": "mps_mapping_pipeline.c03977b8-5185-4b21-bb61-40dcfc381c2e", "geometry": {"type": "LineString", "coordinates": [[7.013195, 4.54887], [7.0095277, 4.5460005], [7.005901, 4.5440474]]}, "properties": {"admin_area_name": "Nigeria", "fluid": "OIL", "mps_created_time": "Jun 30, 2021 2:18:44 PM", "mps_datasource_tags": "Data derived from San Leon Annual Report, 2021, (https://www.sanleonenergy.com/wp-content/uploads/2021/06/2994-San-Leon_AR20_web.pdf)", "mps_est_elevation_end_m": "7.0", "mps_est_elevation_start_m": "3.0", "mps_est_length_km": "0.972800992399118", "mps_est_shore_status": "OFFSHORE", "mps_uuid": "c03977b8-5185-4b21-bb61-40dcfc381c2e", "name": "CAWTHORNE CHANNEL COMPLEX 3", "status": "OPERATIONAL", "updt": "Aug 17, 2022 12:29:32 PM"}}, {"type": "Feature", "id": "mps_mapping_pipeline.8a6addfa-9b0f-4c46-98cf-564b64347243", "geometry": {"type": "LineString", "coordinates": [[7.0385046, 4.558516], [7.0472145, 4.552129]]}, "properties": {"admin_area_name": "Nigeria", "fluid": "OIL", "mps_created_time": "Jun 30, 2021 2:18:35 PM", "mps_datasource_tags": "Data derived from San Leon Annual Report, 2021, (https://www.sanleonenergy.com/wp-content/uploads/2021/06/2994-San-Leon_AR20_web.pdf)", "mps_est_elevation_end_m": "4.0", "mps_est_elevation_start_m": "7.0", "mps_est_length_km": "1.19709367341998", "mps_est_shore_status": "ONSHORE", "mps_uuid": "8a6addfa-9b0f-4c46-98cf-564b64347243", "name": "CAWTHORNE CHANNEL COMPLEX 6", "status": "OPERATIONAL", "updt": "Aug 17, 2022 12:29:30 PM"}}, {"type": "Feature", "id": "mps_mapping_pipeline.39f0f254-999b-405c-ade3-38a1cecf6056", "geometry": {"type": "LineString", "coordinates": [[6.904487, 4.5401278], [6.9082894, 4.541915]]}, "properties": {"admin_area_name": "Nigeria", "fluid": "OIL", "mps_created_time": "Jun 30, 2021 2:18:36 PM", "mps_datasource_tags": "Data derived from San Leon Annual Report, 2021, (https://www.sanleonenergy.com/wp-content/uploads/2021/06/2994-San-Leon_AR20_web.pdf)", "mps_est_elevation_end_m": "7.0", "mps_est_elevation_start_m": "7.0", "mps_est_length_km": "0.465949912445016", "mps_est_shore_status": "ONSHORE", "mps_uuid": "39f0f254-999b-405c-ade3-38a1cecf6056", "name": "KRAKAM FIELD SPUR 2", "status": "OPERATIONAL", "updt": "Aug 17, 2022 12:29:30 PM"}}, {"type": "Feature", "id": "mps_mapping_pipeline.553a6eeb-e353-4986-8e5d-1d881a94342f", "geometry": {"type": "LineString", "coordinates": [[6.999404, 4.578704], [6.9995537, 4.562581]]}, "properties": {"admin_area_name": "Nigeria", "fluid": "OIL", "mps_created_time": "Jun 30, 2021 2:18:38 PM", "mps_datasource_tags": "Data derived from San Leon Annual Report, 2021, (https://www.sanleonenergy.com/wp-content/uploads/2021/06/2994-San-Leon_AR20_web.pdf)", "mps_est_elevation_end_m": "4.0", "mps_est_elevation_start_m": "1.0", "mps_est_length_km": "1.78298012411134", "mps_est_shore_status": "OFFSHORE", "mps_uuid": "553a6eeb-e353-4986-8e5d-1d881a94342f", "name": "NCTL - CAWTHORNE CHANNEL SPUR 2", "status": "OPERATIONAL", "updt": "Aug 17, 2022 12:29:30 PM"}}, {"type": "Feature", "id": "mps_mapping_pipeline.22f95f89-88e8-4a54-afbc-2f3eebd20745", "geometry": {"type": "LineString", "coordinates": [[7.0141516, 4.698715], [7.016543, 4.698735], [7.019492, 4.697619]]}, "properties": {"admin_area_name": "Nigeria", "fluid": "OIL", "mps_created_time": "Jun 30, 2021 2:18:38 PM", "mps_datasource_tags": "Data derived from San Leon Annual Report, 2021, (https://www.sanleonenergy.com/wp-content/uploads/2021/06/2994-San-Leon_AR20_web.pdf)", "mps_est_elevation_end_m": "6.0", "mps_est_elevation_start_m": "6.0", "mps_est_length_km": "0.615015767110346", "mps_est_shore_status": "ONSHORE", "mps_uuid": "22f95f89-88e8-4a54-afbc-2f3eebd20745", "name": "ORUBIRI SPUR 3", "status": "OPERATIONAL", "updt": "Aug 17, 2022 12:29:30 PM"}}, {"type": "Feature", "id": "mps_mapping_pipeline.5a01cf94-8c14-4882-acd4-817982201b4a", "geometry": {"type": "LineString", "coordinates": [[6.977177, 4.5591717], [6.9738255, 4.5572405], [6.9738255, 4.552577], [6.9738255, 4.5499864], [6.9771733, 4.5487704], [6.977911, 4.5476146]]}, "properties": {"admin_area_name": "Nigeria", "fluid": "OIL", "mps_created_time": "Jun 30, 2021 2:18:41 PM", "mps_datasource_tags": "Data derived from San Leon Annual Report, 2021, (https://www.sanleonenergy.com/wp-content/uploads/2021/06/2994-San-Leon_AR20_web.pdf)", "mps_est_elevation_end_m": "8.0", "mps_est_elevation_start_m": "5.0", "mps_est_length_km": "1.7779087342351", "mps_est_shore_status": "ONSHORE", "mps_uuid": "5a01cf94-8c14-4882-acd4-817982201b4a", "name": "CAWTHORNE CHANNEL COMPLEX 9", "status": "OPERATIONAL", "updt": "Aug 17, 2022 12:29:31 PM"}}, {"type": "Feature", "id": "mps_mapping_pipeline.bd4cfc2c-5d77-4366-9316-0ea0ad5f90d7", "geometry": {"type": "LineString", "coordinates": [[7.2355447, 4.1870146], [7.235635, 4.1869545], [7.2358346, 4.1867943], [7.2362847, 4.1864047], [7.236765, 4.1860046], [7.2372146, 4.1856146], [7.2375946, 4.185155], [7.2379746, 4.1846447], [7.2383246, 4.1841745], [7.2387347, 4.183645], [7.239195, 4.183065], [7.239595, 4.1825647], [7.240035, 4.182025], [7.2404747, 4.181475], [7.240905, 4.180955], [7.241325, 4.180435], [7.241765, 4.179965], [7.242225, 4.1794753], [7.242775, 4.1788955], [7.243165, 4.1785054], [7.243655, 4.1780453], [7.244135, 4.1776056], [7.244665, 4.1770754], [7.2450852, 4.1764655], [7.245305, 4.1761155], [7.245415, 4.1759458], [7.245425, 4.1758857]]}, "properties": {"admin_area_name": "Nigeria", "fluid": "OIL", "mps_created_time": "Sep 8, 2021 12:13:14 PM", "mps_datasource_tags": "Data derived from Shell World Map, 2019, (https://reports.shell.com/investors-handbook/2019/servicepages/worldmap.php). Last Accessed Jan 2021", "mps_est_elevation_end_m": "-18.0", "mps_est_elevation_start_m": "-19.0", "mps_est_length_km": "1.6560847447061", "mps_est_shore_status": "OFFSHORE", "mps_uuid": "bd4cfc2c-5d77-4366-9316-0ea0ad5f90d7", "name": "NIGERIA PIPELINE", "status": "OPERATIONAL", "updt": "May 28, 2025 9:01:20 PM"}}, {"type": "Feature", "id": "mps_mapping_pipeline.75e4946f-ef3f-4eff-bbc3-281c91683dcd", "geometry": {"type": "LineString", "coordinates": [[6.906775, 4.549488], [6.9099636, 4.551561], [6.9174967, 4.551999]]}, "properties": {"admin_area_name": "Nigeria", "fluid": "OIL", "mps_created_time": "Jun 30, 2021 2:18:49 PM", "mps_datasource_tags": "Data derived from San Leon Annual Report, 2021, (https://www.sanleonenergy.com/wp-content/uploads/2021/06/2994-San-Leon_AR20_web.pdf)", "mps_est_elevation_end_m": "6.0", "mps_est_elevation_start_m": "9.0", "mps_est_length_km": "1.25896290915843", "mps_est_shore_status": "ONSHORE", "mps_uuid": "75e4946f-ef3f-4eff-bbc3-281c91683dcd", "name": "KRAKAM FIELD SPUR 4", "status": "OPERATIONAL", "updt": "Aug 17, 2022 12:29:33 PM"}}, {"type": "Feature", "id": "mps_mapping_pipeline.21f15b95-e4ee-44fb-b930-a46ad19b8581", "geometry": {"type": "LineString", "coordinates": [[7.0728817, 4.6577616], [7.077226, 4.660591]]}, "properties": {"admin_area_name": "Nigeria", "fluid": "OIL", "mps_created_time": "Jun 30, 2021 2:18:39 PM", "mps_datasource_tags": "Data derived from San Leon Annual Report, 2021, (https://www.sanleonenergy.com/wp-content/uploads/2021/06/2994-San-Leon_AR20_web.pdf)", "mps_est_elevation_end_m": "4.0", "mps_est_elevation_start_m": "2.0", "mps_est_length_km": "0.574660627020436", "mps_est_shore_status": "ONSHORE", "mps_uuid": "21f15b95-e4ee-44fb-b930-a46ad19b8581", "name": "ALAKIRI SPUR 7", "status": "OPERATIONAL", "updt": "Aug 17, 2022 12:29:31 PM"}}, {"type": "Feature", "id": "mps_mapping_pipeline.34888808-b5af-45fa-8c4b-cd520cfd1ec5", "geometry": {"type": "LineString", "coordinates": [[6.613339, 4.6559067], [6.613314, 4.655817], [6.6131444, 4.6551976], [6.613098, 4.655015], [6.6130624, 4.6548476], [6.6130114, 4.6545825], [6.6129317, 4.654192], [6.6128573, 4.6538258], [6.612786, 4.6534824], [6.612742, 4.653261], [6.612671, 4.652948], [6.6125855, 4.652603], [6.612514, 4.6523285], [6.6124306, 4.6520057], [6.612256, 4.651343], [6.612184, 4.6510715], [6.612112, 4.6508036], [6.6120305, 4.6504855], [6.611938, 4.650126], [6.6118426, 4.6497297], [6.611741, 4.6492953], [6.6116323, 4.6488175], [6.6115375, 4.6483855], [6.6114345, 4.647929], [6.6113405, 4.6475325], [6.6112466, 4.647146], [6.6111846, 4.646891], [6.611099, 4.6465397], [6.611043, 4.6463103], [6.6110425, 4.646298], [6.611045, 4.646285], [6.6110497, 4.6462736], [6.6110578, 4.646264], [6.611075, 4.646255], [6.6115303, 4.6461067], [6.6122785, 4.645874], [6.61334, 4.6455307], [6.614156, 4.6452703], [6.614653, 4.6450996], [6.615369, 4.644868], [6.615527, 4.6448174], [6.6157484, 4.644745], [6.6161118, 4.644627], [6.616332, 4.644555], [6.616668, 4.6444435], [6.617134, 4.644295], [6.6175637, 4.6441565], [6.61779, 4.6440816], [6.618003, 4.6440096], [6.6181746, 4.643952], [6.618425, 4.643875], [6.61889, 4.64373], [6.6191072, 4.643663], [6.619568, 4.6435213], [6.61995, 4.6434035], [6.6202106, 4.6433153], [6.6205683, 4.643193], [6.621235, 4.642966], [6.621627, 4.6428347], [6.621924, 4.6427417], [6.6222105, 4.6426473], [6.6225677, 4.6425333], [6.6227684, 4.6424704], [6.6230683, 4.642375], [6.623601, 4.642204], [6.624004, 4.6420784], [6.624449, 4.641938], [6.6247125, 4.641854], [6.6249785, 4.641775], [6.6254745, 4.6416197], [6.625987, 4.6414647], [6.6262445, 4.6413894], [6.6266136, 4.641297], [6.627273, 4.6411414], [6.6276565, 4.6410475], [6.6280904, 4.6409388], [6.628463, 4.6408486], [6.6293387, 4.6406217], [6.6306486, 4.6402917], [6.631547, 4.6400676], [6.632434, 4.6398463], [6.6333966, 4.639602], [6.6339817, 4.639452], [6.633997, 4.639446], [6.634008, 4.6394334], [6.63451, 4.6386614], [6.6351523, 4.63762], [6.6356316, 4.6368475], [6.6359844, 4.6362896], [6.636467, 4.6355047], [6.6368246, 4.634929], [6.637189, 4.6343594], [6.637319, 4.634173], [6.637446, 4.633999], [6.637865, 4.633481], [6.638318, 4.6329756], [6.638783, 4.6324625], [6.639086, 4.632125], [6.6395445, 4.6316166], [6.6403017, 4.630776], [6.6409016, 4.6301117], [6.641654, 4.62929], [6.6421075, 4.6287856], [6.6426153, 4.6281977], [6.643155, 4.6274853], [6.6433873, 4.6271544], [6.643512, 4.626962], [6.6436667, 4.6267123], [6.6438837, 4.6263165], [6.64413, 4.6258097], [6.644416, 4.6251793], [6.6449156, 4.624055], [6.6453023, 4.623193], [6.645824, 4.6220407], [6.646284, 4.6209917], [6.6466055, 4.6202803], [6.6474133, 4.61847], [6.648235, 4.616622], [6.648886, 4.6151686], [6.6494403, 4.6139235], [6.6497145, 4.6133323], [6.6498833, 4.6129994], [6.649997, 4.612789], [6.65015, 4.612531], [6.6503797, 4.6121564], [6.650546, 4.6119027], [6.65072, 4.6116805], [6.6509337, 4.6114345], [6.6513176, 4.6109767], [6.6518674, 4.610325], [6.652303, 4.609807], [6.652677, 4.6093683], [6.653545, 4.608403], [6.6539106, 4.607997], [6.6541796, 4.607703], [6.6545157, 4.6073756], [6.654812, 4.6070976], [6.6553645, 4.6065702], [6.6557326, 4.6062145], [6.6559863, 4.6059756], [6.656294, 4.605702], [6.656572, 4.6054463], [6.656785, 4.605246], [6.656969, 4.6050725], [6.657369, 4.6046743], [6.6580157, 4.6040416], [6.6582947, 4.603771], [6.6585183, 4.6035523], [6.6588182, 4.6032615], [6.659099, 4.602992], [6.659401, 4.6027045], [6.6598606, 4.602263], [6.6601477, 4.6019917], [6.6606836, 4.6015058], [6.6610193, 4.601179], [6.6612635, 4.6009445], [6.661491, 4.6007214], [6.6618514, 4.6003485], [6.6620545, 4.6001163], [6.6621957, 4.5999546], [6.662556, 4.599504], [6.6628237, 4.599125], [6.6630116, 4.5988374], [6.663164, 4.5985923], [6.6634693, 4.59807], [6.663724, 4.5976105], [6.6639185, 4.5972652], [6.6642685, 4.596611], [6.6645694, 4.5960464], [6.6647415, 4.595719], [6.6649384, 4.5953474], [6.66518, 4.5949116], [6.6653805, 4.594553], [6.665644, 4.594113], [6.6657963, 4.5938716], [6.666104, 4.59339], [6.666546, 4.592687], [6.666849, 4.5922203], [6.6670566, 4.5919085], [6.6673574, 4.5914507], [6.667837, 4.590712], [6.6681113, 4.590291], [6.668381, 4.5898733], [6.668563, 4.589597], [6.668903, 4.589082], [6.66948, 4.58822], [6.669721, 4.587842], [6.6701164, 4.5872364], [6.6705213, 4.58662], [6.671171, 4.5856276], [6.671722, 4.584798], [6.672332, 4.5838614], [6.6726346, 4.583386], [6.6731277, 4.5826406], [6.6737247, 4.5817313], [6.6739655, 4.581368], [6.6742687, 4.5808992], [6.674883, 4.5799513], [6.675173, 4.5794983], [6.6755505, 4.5789065], [6.675827, 4.578471], [6.6761103, 4.577996], [6.676609, 4.5776305], [6.6773634, 4.5770454], [6.677741, 4.57675], [6.6789403, 4.575828], [6.6796584, 4.575283], [6.6802044, 4.5748587], [6.680635, 4.5745296], [6.6810527, 4.574208], [6.6816783, 4.573729], [6.682334, 4.573215], [6.683199, 4.572557], [6.6843133, 4.5716953], [6.685219, 4.5710206], [6.6861377, 4.570312], [6.687562, 4.5692053], [6.6883883, 4.5685587], [6.6893125, 4.5678477], [6.6896324, 4.5676274], [6.6899366, 4.5674295], [6.6903095, 4.567205], [6.690591, 4.567056], [6.6909304, 4.566891], [6.6912746, 4.566739], [6.6916122, 4.566605], [6.691811, 4.566539], [6.692043, 4.566462], [6.692397, 4.566364], [6.6926885, 4.5662894], [6.6929145, 4.5662374], [6.693199, 4.56618], [6.6935916, 4.566124], [6.6938276, 4.5660963], [6.6941276, 4.56607], [6.694392, 4.5660577], [6.6947803, 4.5660434], [6.6952343, 4.5660353], [6.6954594, 4.5660295], [6.6961384, 4.5660334], [6.697104, 4.5660224], [6.6979246, 4.56602], [6.698782, 4.5660133], [6.699565, 4.5660043], [6.7008204, 4.5659966], [6.7015147, 4.5659895], [6.7028613, 4.5659842], [6.703569, 4.5659857], [6.7040505, 4.565987], [6.7042203, 4.5659904], [6.704738, 4.5659895], [6.705373, 4.5659785], [6.7057524, 4.5659776], [6.705934, 4.56598], [6.7059946, 4.5659823], [6.706235, 4.565972], [6.706557, 4.565978], [6.70707, 4.565977], [6.7078104, 4.565974], [6.708211, 4.5659676], [6.708451, 4.565965], [6.7086444, 4.565961], [6.7091875, 4.565952], [6.709608, 4.565947], [6.7100997, 4.5659394], [6.710306, 4.56594], [6.7110667, 4.565939], [6.711528, 4.565943], [6.712878, 4.565934], [6.713371, 4.5659294], [6.71421, 4.5659256], [6.7147045, 4.565921], [6.71557, 4.565917], [6.7163534, 4.5659146], [6.716857, 4.5659084], [6.7178397, 4.565905], [6.718389, 4.5659003], [6.719261, 4.5658937], [6.7197676, 4.565893], [6.7206707, 4.5658884], [6.7211504, 4.565885], [6.7220163, 4.56588], [6.7226706, 4.565877], [6.723459, 4.56587], [6.7248454, 4.565859], [6.7256923, 4.5658565], [6.726746, 4.5658517], [6.7273307, 4.565847], [6.727949, 4.565841], [6.728805, 4.5658345], [6.729939, 4.565827], [6.730932, 4.5658264], [6.7316747, 4.5658207], [6.732409, 4.5658183], [6.732821, 4.56581], [6.733342, 4.565804], [6.733847, 4.565804], [6.734697, 4.5658045], [6.735289, 4.5658016], [6.735929, 4.565794], [6.736327, 4.565792], [6.7369695, 4.565785], [6.737304, 4.5657797], [6.738012, 4.5657754], [6.7386885, 4.5657773], [6.739118, 4.5657797], [6.7398467, 4.5657787], [6.740508, 4.5657787], [6.7407794, 4.565778], [6.7410665, 4.5657773], [6.7414083, 4.5657544], [6.7415786, 4.5657396], [6.741755, 4.565721], [6.741994, 4.565683], [6.7423882, 4.565611], [6.742711, 4.565551], [6.743187, 4.5654488], [6.7435083, 4.5653663], [6.7438097, 4.5652776], [6.744155, 4.5651703], [6.744647, 4.5649967], [6.7450457, 4.5648465], [6.7453628, 4.564715], [6.74561, 4.5646033], [6.7462344, 4.5643463], [6.746707, 4.56415], [6.747315, 4.5638976], [6.7479534, 4.563633], [6.748401, 4.563448], [6.748825, 4.5632734], [6.749218, 4.5631123], [6.7496114, 4.562949], [6.750044, 4.5627747], [6.750431, 4.5626054], [6.7508316, 4.5624247], [6.7511473, 4.5622926], [6.7516394, 4.5621095], [6.7523055, 4.561856], [6.7526197, 4.561739], [6.7527714, 4.5616865], [6.7529626, 4.5616245], [6.753345, 4.561523], [6.753777, 4.5614243], [6.7542605, 4.561345], [6.755152, 4.56126], [6.756232, 4.5612435], [6.7567325, 4.5612435], [6.7575927, 4.561241], [6.7582927, 4.5612397], [6.759063, 4.56124], [6.7596045, 4.561239], [6.7605567, 4.5612364], [6.761728, 4.561235], [6.7632837, 4.5612297], [6.7638, 4.561231], [6.7646017, 4.561236], [6.7649407, 4.56125], [6.7654796, 4.5612707], [6.765906, 4.5612836], [6.766257, 4.561298], [6.766804, 4.5613127], [6.767525, 4.561304], [6.7684994, 4.561296], [6.7690816, 4.561296], [6.7696013, 4.561294], [6.7700453, 4.561301], [6.770358, 4.5612974], [6.7708173, 4.5612884], [6.771093, 4.5612755], [6.771428, 4.5612407], [6.7718353, 4.5611644], [6.7722306, 4.5610833], [6.7726817, 4.5609837], [6.7729764, 4.5609217], [6.7742944, 4.560646], [6.774998, 4.5604954], [6.775634, 4.5603557], [6.776001, 4.560273], [6.776647, 4.560129], [6.7770576, 4.560041], [6.7773457, 4.5599766], [6.777741, 4.55989], [6.777954, 4.5598445], [6.778139, 4.5598006], [6.7783585, 4.5597577], [6.778719, 4.55968], [6.7792654, 4.55956], [6.7796173, 4.559484], [6.7807546, 4.5592422], [6.7810974, 4.5591626], [6.781989, 4.5589633], [6.7821946, 4.5589175], [6.7825084, 4.558848], [6.7833357, 4.5586677], [6.7838855, 4.5585527], [6.7843075, 4.5584636], [6.7847714, 4.5583615], [6.785424, 4.5582147], [6.7857094, 4.558152], [6.7861614, 4.5580606], [6.786608, 4.5579715], [6.787279, 4.557827], [6.787702, 4.557734], [6.7884336, 4.5575666], [6.78918, 4.5574036], [6.7897143, 4.5572824], [6.7905087, 4.5571084], [6.7908583, 4.557037], [6.7911506, 4.556986], [6.7913194, 4.5569625], [6.79156, 4.5569324], [6.7919183, 4.556902], [6.792177, 4.5568876], [6.7926197, 4.5568705], [6.7929726, 4.556858], [6.7937703, 4.5568495], [6.7942224, 4.5568557], [6.7945437, 4.5568643], [6.795583, 4.55688], [6.796103, 4.5568876], [6.796911, 4.556903], [6.7977653, 4.556918], [6.7982383, 4.556926], [6.7993026, 4.5569444], [6.79969, 4.556949], [6.800761, 4.5569673], [6.80147, 4.5569797], [6.8023095, 4.5570054], [6.802926, 4.5570216], [6.8035216, 4.5570426], [6.804047, 4.5570507], [6.8048487, 4.557059], [6.8057523, 4.557081], [6.8066783, 4.5570817], [6.807122, 4.5570827], [6.808243, 4.5570936], [6.809323, 4.557113], [6.8098497, 4.5571213], [6.810728, 4.5571365], [6.811249, 4.5571456], [6.8118663, 4.557155], [6.81261, 4.55717], [6.8135767, 4.557176], [6.81401, 4.5571494], [6.814959, 4.5570407], [6.8155103, 4.5569944], [6.816463, 4.556908], [6.8166394, 4.5568914], [6.8176517, 4.556858], [6.8182015, 4.5568533], [6.8184996, 4.5568566], [6.8194585, 4.5568786], [6.821317, 4.5569096], [6.823162, 4.55694], [6.823908, 4.556951], [6.8246636, 4.5569634], [6.826293, 4.556991], [6.8270755, 4.556989], [6.827363, 4.5569844], [6.82809, 4.557002], [6.828913, 4.5570235], [6.829269, 4.5570335], [6.830406, 4.557065], [6.831215, 4.5570736], [6.8315215, 4.5570836], [6.8323016, 4.5571036], [6.832606, 4.5571127], [6.832724, 4.5571194], [6.83413, 4.557177], [6.834695, 4.557189], [6.835509, 4.5571947], [6.8356156, 4.5571976], [6.8360043, 4.5572248], [6.8372884, 4.557726], [6.8386855, 4.558285], [6.839058, 4.558435], [6.8405957, 4.559066], [6.8431473, 4.560111], [6.8437343, 4.560357], [6.8445163, 4.5606794], [6.845556, 4.5611196], [6.8467765, 4.561615], [6.8474503, 4.561897], [6.8487806, 4.5624475], [6.849311, 4.562675], [6.850251, 4.5630703], [6.85102, 4.5633855], [6.8523984, 4.563972], [6.852767, 4.564128], [6.8545523, 4.5648746], [6.8549366, 4.565053], [6.855859, 4.5655427], [6.8561525, 4.5656943], [6.856427, 4.5658236], [6.8571043, 4.566129], [6.857545, 4.5663137], [6.8581815, 4.566581], [6.8589506, 4.5669036], [6.860831, 4.5676937], [6.8609548, 4.567742], [6.862334, 4.5677342], [6.8635864, 4.567737], [6.863966, 4.567731], [6.864312, 4.56773], [6.8651996, 4.5677285], [6.8660192, 4.5677214], [6.866569, 4.567721], [6.867027, 4.567708], [6.8675923, 4.5677094], [6.8680677, 4.5677085], [6.868647, 4.5677013], [6.86903, 4.5676985], [6.8696566, 4.5676913], [6.8702116, 4.5676894], [6.870542, 4.56769], [6.8711915, 4.56769], [6.8718333, 4.567686], [6.8727846, 4.567685], [6.8736286, 4.5676727], [6.8739157, 4.56767], [6.8746777, 4.56766], [6.8752117, 4.567654], [6.8757668, 4.5676517], [6.876536, 4.5676484], [6.8769917, 4.567646], [6.8781114, 4.5676417], [6.8791556, 4.5676355], [6.8807654, 4.5676317], [6.88144, 4.5676284], [6.8820386, 4.567626], [6.8823805, 4.5676184], [6.8839364, 4.5676045], [6.884601, 4.567606], [6.885619, 4.5676084], [6.8867593, 4.5676055], [6.887566, 4.5676107], [6.88813, 4.5676174], [6.8891416, 4.567656], [6.8899317, 4.5677013], [6.890235, 4.5677195], [6.8907375, 4.567736], [6.891437, 4.567731], [6.892618, 4.567732], [6.893116, 4.567731], [6.893496, 4.5677285], [6.8936887, 4.56772], [6.893899, 4.5677066], [6.8942595, 4.567664], [6.8945217, 4.5676246], [6.894691, 4.56759], [6.895156, 4.5674763], [6.895934, 4.567275], [6.896403, 4.567163], [6.8968716, 4.5670686], [6.897526, 4.5669374], [6.897967, 4.5668616], [6.8984737, 4.566771], [6.899114, 4.5666676], [6.9001904, 4.5664916], [6.9009156, 4.56638], [6.901567, 4.566279], [6.9022107, 4.5661864], [6.9029555, 4.5660625], [6.9037156, 4.5659494], [6.9047537, 4.5657816], [6.905127, 4.565725], [6.906364, 4.5655365], [6.907065, 4.565427], [6.907754, 4.5653205], [6.9092402, 4.565092], [6.9106116, 4.5648813], [6.911195, 4.564787], [6.9118133, 4.564691], [6.9122176, 4.5646276], [6.913597, 4.564417], [6.9159217, 4.5640554], [6.916522, 4.563957], [6.918033, 4.5637193], [6.9187756, 4.563611], [6.9196973, 4.563465], [6.9204264, 4.563352], [6.9215627, 4.56317], [6.9222655, 4.5630584], [6.9234347, 4.562874], [6.923834, 4.5628257], [6.923929, 4.5628157], [6.9239535, 4.5628176], [6.9239864, 4.5628295], [6.9240694, 4.5629416], [6.9249763, 4.5641747], [6.9252477, 4.5645328], [6.9261518, 4.5656767], [6.926881, 4.566635], [6.927857, 4.5679307], [6.9288974, 4.569277], [6.929136, 4.5695615], [6.9293556, 4.5698495], [6.9303045, 4.571073], [6.930716, 4.5716], [6.931459, 4.572526], [6.931788, 4.572938], [6.9319777, 4.573178], [6.932007, 4.5732107], [6.9320416, 4.573223], [6.9326105, 4.5732594], [6.9341493, 4.573374], [6.935346, 4.573455], [6.9374924, 4.573602], [6.9386086, 4.573677], [6.9397607, 4.57375], [6.940675, 4.5738087], [6.9419675, 4.573894], [6.9436975, 4.574008], [6.945114, 4.5741034], [6.9462485, 4.5741816], [6.947055, 4.574234], [6.957405, 4.5749035], [6.958815, 4.574992], [6.9598494, 4.575058], [6.961168, 4.5751405], [6.9613385, 4.575154], [6.961526, 4.575172], [6.961802, 4.5752077], [6.9620914, 4.5752525], [6.9623547, 4.575305], [6.9627056, 4.575385], [6.963072, 4.5754848], [6.96333, 4.5755553], [6.963581, 4.575619], [6.9637885, 4.5756645], [6.9640026, 4.575707], [6.9643207, 4.5757594], [6.9646206, 4.575799], [6.9648957, 4.5758266], [6.9652715, 4.575852], [6.9659677, 4.5759006], [6.966308, 4.5759225], [6.9668975, 4.57596], [6.967333, 4.57599], [6.9676065, 4.576009], [6.9691105, 4.576109], [6.9694853, 4.5761333], [6.9696736, 4.5761456], [6.9731426, 4.5763984], [6.975232, 4.5765276], [6.9760046, 4.5765715], [6.976906, 4.576625], [6.977716, 4.5766764], [6.978287, 4.5767145], [6.979057, 4.5767584], [6.9796352, 4.5767927], [6.9812126, 4.57689], [6.9817977, 4.576924], [6.9821415, 4.576946], [6.985088, 4.5771704], [6.988508, 4.5773983], [6.991711, 4.5776095], [6.99748, 4.5778685], [6.9985127, 4.577937], [7.000387, 4.577687], [7.0039434, 4.577921], [7.005728, 4.578034], [7.0093007, 4.5782714], [7.0108013, 4.5783777], [7.013363, 4.578546], [7.0161, 4.5787244], [7.0188394, 4.5789056], [7.020174, 4.5789948], [7.0227304, 4.5792017], [7.025413, 4.5794125], [7.026501, 4.57772], [7.0275073, 4.576177], [7.0284314, 4.5748553], [7.029177, 4.573792], [7.031515, 4.5706034], [7.0372615, 4.562498], [7.04156, 4.556477], [7.0445457, 4.5566506], [7.056206, 4.5565925], [7.057008, 4.5547333], [7.0575457, 4.55349], [7.060529, 4.547391], [7.0632925, 4.5457096], [7.07387, 4.539272], [7.0795484, 4.5358257], [7.079755, 4.5332036], [7.0798798, 4.531101], [7.080035, 4.529027], [7.080237, 4.526242], [7.080412, 4.5239744], [7.0806427, 4.520398], [7.0809574, 4.515984], [7.0809636, 4.5158896], [7.081043, 4.514842], [7.0811653, 4.5131135], [7.08129, 4.511361], [7.0813823, 4.5099783], [7.081489, 4.5085506], [7.081587, 4.507091], [7.0816884, 4.505617], [7.0817437, 4.505017], [7.0817685, 4.5046206], [7.0818954, 4.5034842], [7.081921, 4.5032654], [7.081984, 4.5026803], [7.0820303, 4.5022535], [7.0831385, 4.4924846], [7.083301, 4.4909635], [7.0836287, 4.488014], [7.083803, 4.4866357], [7.0838914, 4.4857116], [7.0839376, 4.485398], [7.0843277, 4.4820433], [7.0845094, 4.480511], [7.084638, 4.4792304], [7.0847654, 4.4781075], [7.0848265, 4.4775863], [7.0851045, 4.4750853], [7.0852346, 4.4739003], [7.0854664, 4.471943], [7.085655, 4.4699683], [7.085656, 4.469961], [7.0856614, 4.469949], [7.085668, 4.4699397], [7.0990667, 4.4570827], [7.103792, 4.452615], [7.107094, 4.449322], [7.107596, 4.448879], [7.1082516, 4.4483], [7.108824, 4.447775], [7.1090355, 4.4475684], [7.1099486, 4.446709], [7.110863, 4.445852], [7.111098, 4.4456644], [7.1113305, 4.4454727], [7.1116295, 4.4452043], [7.1119204, 4.444922], [7.1123357, 4.444559], [7.1126413, 4.4442916], [7.113408, 4.4435954], [7.113698, 4.443338], [7.113983, 4.4430976], [7.1141896, 4.4428964], [7.1143937, 4.4426937], [7.1145797, 4.4425], [7.1148324, 4.4422803], [7.1150837, 4.442053], [7.1153283, 4.441826], [7.1157002, 4.441453], [7.1163683, 4.440762], [7.1165667, 4.440556], [7.117035, 4.440125], [7.117738, 4.439459], [7.117863, 4.4393477], [7.1180825, 4.439141], [7.1182976, 4.43893], [7.1187057, 4.438522], [7.118909, 4.4383354], [7.1195784, 4.437753], [7.1197124, 4.4376173], [7.1198444, 4.4374747], [7.1204934, 4.43688], [7.1206756, 4.436729], [7.121128, 4.436287], [7.121284, 4.4361415], [7.121424, 4.4359803], [7.121884, 4.4355216], [7.122167, 4.4352756], [7.1224356, 4.4350166], [7.122562, 4.434884], [7.122681, 4.4347467], [7.1232786, 4.4341927], [7.1235104, 4.4339566], [7.124234, 4.4332395], [7.124392, 4.4330635], [7.124791, 4.432697], [7.1251345, 4.4323816], [7.1255107, 4.4320383], [7.1257453, 4.431825], [7.126297, 4.43132], [7.1266747, 4.4309926], [7.1272964, 4.4303827], [7.1277103, 4.430012], [7.1281967, 4.4296045], [7.1288567, 4.429028], [7.129316, 4.428585], [7.1298122, 4.428089], [7.131403, 4.426534], [7.132398, 4.425615], [7.1329174, 4.425193], [7.1331997, 4.424949], [7.13423, 4.42399], [7.13469, 4.4235435], [7.1356955, 4.42263], [7.1364574, 4.421901], [7.1379304, 4.420748], [7.1382174, 4.4204726], [7.1385117, 4.4202075], [7.138833, 4.419942], [7.1391397, 4.4196343], [7.139363, 4.4194264], [7.1395717, 4.41918], [7.1397395, 4.418981], [7.139916, 4.4188], [7.1402707, 4.4184794], [7.140562, 4.418236], [7.141286, 4.41757], [7.1417575, 4.417103], [7.1425915, 4.41628], [7.1428847, 4.4159994], [7.1441894, 4.414718], [7.1447506, 4.414206], [7.1457877, 4.4133487], [7.148176, 4.4113927], [7.150075, 4.409829], [7.1511364, 4.408957], [7.1511536, 4.4089503], [7.1511717, 4.408947], [7.1529994, 4.4091935], [7.1563244, 4.40965], [7.1573563, 4.4097905], [7.163847, 4.4109616], [7.1638675, 4.41097], [7.164593, 4.4115047], [7.165533, 4.4122124], [7.16753, 4.4144473], [7.1675487, 4.414451], [7.168392, 4.414462], [7.1689506, 4.4144635], [7.1694474, 4.414461], [7.170456, 4.414449], [7.1711617, 4.4144354], [7.171191, 4.414436], [7.1712155, 4.414444], [7.1712337, 4.4144626], [7.1715274, 4.4152007], [7.1722717, 4.416952], [7.172649, 4.417827], [7.172649, 4.4178553], [7.1726317, 4.417881], [7.1719213, 4.4181876], [7.170076, 4.4189725], [7.1681604, 4.419759], [7.166084, 4.4206185], [7.1624866, 4.4220676], [7.161162, 4.4226046]]}, "properties": {"admin_area_name": "Nigeria", "fluid": "GAS", "mps_created_time": "Sep 8, 2021 12:13:30 PM", "mps_datasource_tags": "Data derived from Shell World Map, 2019, (https://reports.shell.com/investors-handbook/2019/servicepages/worldmap.php). Last Accessed Jan 2021", "mps_est_elevation_end_m": "9.0", "mps_est_elevation_start_m": "5.0", "mps_est_length_km": "82.0222841196049", "mps_est_shore_status": "BOTH", "mps_uuid": "34888808-b5af-45fa-8c4b-cd520cfd1ec5", "name": "EASTERN GAS GATHERING SYSTEM - EGGS 1", "status": "OPERATIONAL", "updt": "Aug 17, 2022 12:32:05 PM"}}, {"type": "Feature", "id": "mps_mapping_pipeline.ccac61ce-a8bd-416c-b914-ac87856af71d", "geometry": {"type": "LineString", "coordinates": [[6.889955, 4.7337103], [6.8929043, 4.7368193], [6.892984, 4.7446313]]}, "properties": {"admin_area_name": "Nigeria", "fluid": "OIL", "mps_created_time": "Jun 30, 2021 2:18:40 PM", "mps_datasource_tags": "Data derived from San Leon Annual Report, 2021, (https://www.sanleonenergy.com/wp-content/uploads/2021/06/2994-San-Leon_AR20_web.pdf)", "mps_est_elevation_end_m": "3.0", "mps_est_elevation_start_m": "6.0", "mps_est_length_km": "1.3385247859598", "mps_est_shore_status": "ONSHORE", "mps_uuid": "ccac61ce-a8bd-416c-b914-ac87856af71d", "name": "BUGUMA CREEK SPUR 1", "status": "OPERATIONAL", "updt": "Aug 17, 2022 12:29:31 PM"}}, {"type": "Feature", "id": "mps_mapping_pipeline.ce658212-a1d3-4255-bb37-1f0dc00999d3", "geometry": {"type": "LineString", "coordinates": [[7.1809816, 4.9796624], [7.1818566, 4.979658], [7.181852, 4.9790606], [7.186503, 4.9791064], [7.186504, 4.981095], [7.1890473, 4.9809017], [7.192865, 4.9802527], [7.1941457, 4.980883], [7.1944733, 4.9810233], [7.1945014, 4.981313], [7.1945786, 4.981492], [7.1951528, 4.9824376], [7.196556, 4.9847307], [7.1980114, 4.9871087], [7.19951, 4.9895573], [7.199721, 4.9899173], [7.200503, 4.991134], [7.2007294, 4.991487], [7.2006264, 4.9923973], [7.2018127, 4.9933023], [7.2029443, 4.9941654], [7.204926, 4.995615], [7.2083097, 4.9981365], [7.2122726, 5.0010886], [7.2142396, 5.0025697], [7.215891, 5.0037904], [7.216578, 5.0042977], [7.2194433, 5.0064254], [7.2208924, 5.0075016], [7.2255034, 5.010926], [7.2261376, 5.011396], [7.227733, 5.0125785], [7.230121, 5.0143595], [7.231513, 5.0153995], [7.237823, 5.020114], [7.239649, 5.021478], [7.241674, 5.0229907], [7.242619, 5.023693], [7.245036, 5.0255027], [7.2467356, 5.0267725], [7.248327, 5.0279613], [7.249604, 5.028913], [7.251652, 5.0304337], [7.2536626, 5.0319266], [7.2544236, 5.0324917], [7.2558913, 5.0335817], [7.257033, 5.034429], [7.2591343, 5.0359898], [7.261284, 5.0375857], [7.263367, 5.039133], [7.266991, 5.0418234], [7.2733774, 5.0465655], [7.2745795, 5.047432], [7.2758455, 5.048752], [7.276877, 5.0498276], [7.2786274, 5.0516524], [7.281143, 5.0542765], [7.283784, 5.0570297], [7.2851434, 5.058448], [7.2874446, 5.060847], [7.2886, 5.062046], [7.293682, 5.0673203], [7.2933035, 5.0698776], [7.2932773, 5.0707107], [7.2932973, 5.0718164], [7.3073206, 5.094807], [7.3079314, 5.094796], [7.3094807, 5.093552], [7.322147, 5.0733767], [7.3216, 5.067]]}, "properties": {"admin_area_name": "Nigeria", "fluid": "GAS", "mps_created_time": "Sep 8, 2021 12:13:36 PM", "mps_datasource_tags": "Data derived from Shell World Map, 2019, (https://reports.shell.com/investors-handbook/2019/servicepages/worldmap.php) and Savannah Energy (https://wp-savannah-2020.s3.eu-west-2.amazonaws.com/media/2021/10/05092546/30.09.21-H1-2021-Results-V5-Final.pdf)", "mps_est_elevation_end_m": "59.0", "mps_est_elevation_start_m": "22.0", "mps_est_length_km": "23.6413310992606", "mps_est_shore_status": "ONSHORE", "mps_uuid": "ce658212-a1d3-4255-bb37-1f0dc00999d3", "name": "IMO RIVE TO ALAOJI POWER PLANT", "status": "OPERATIONAL", "updt": "Aug 17, 2022 12:32:06 PM"}}, {"type": "Feature", "id": "mps_mapping_pipeline.1d1e8568-ca19-4b55-9ca9-9de563b63f66", "geometry": {"type": "LineString", "coordinates": [[6.8771205, 4.7524433], [6.882701, 4.744472], [6.892984, 4.7446313], [6.8953757, 4.74487], [6.9015536, 4.737676]]}, "properties": {"admin_area_name": "Nigeria", "fluid": "OIL", "mps_created_time": "Jun 30, 2021 2:18:35 PM", "mps_datasource_tags": "Data derived from San Leon Annual Report, 2021, (https://www.sanleonenergy.com/wp-content/uploads/2021/06/2994-San-Leon_AR20_web.pdf)", "mps_est_elevation_end_m": "4.0", "mps_est_elevation_start_m": "6.0", "mps_est_length_km": "3.53480705678239", "mps_est_shore_status": "ONSHORE", "mps_uuid": "1d1e8568-ca19-4b55-9ca9-9de563b63f66", "name": "BUGUMA CREEK TO GPHSL", "status": "OPERATIONAL", "updt": "Aug 17, 2022 12:29:30 PM"}}, {"type": "Feature", "id": "mps_mapping_pipeline.22b88476-e1d4-4531-8fd9-eb8a1f2b5305", "geometry": {"type": "LineString", "coordinates": [[7.0093484, 4.6994925], [7.012856, 4.7014256]]}, "properties": {"admin_area_name": "Nigeria", "fluid": "OIL", "mps_created_time": "Jun 30, 2021 2:18:36 PM", "mps_datasource_tags": "Data derived from San Leon Annual Report, 2021, (https://www.sanleonenergy.com/wp-content/uploads/2021/06/2994-San-Leon_AR20_web.pdf)", "mps_est_elevation_end_m": "5.0", "mps_est_elevation_start_m": "6.0", "mps_est_length_km": "0.44400565900911", "mps_est_shore_status": "BOTH", "mps_uuid": "22b88476-e1d4-4531-8fd9-eb8a1f2b5305", "name": "ORUBIRI SPUR 1", "status": "OPERATIONAL", "updt": "Aug 17, 2022 12:29:30 PM"}}, {"type": "Feature", "id": "mps_mapping_pipeline.a2fb333a-e861-4ba8-a6ab-b531e4fc5218", "geometry": {"type": "LineString", "coordinates": [[7.061383, 4.6600933], [7.058782, 4.6568847], [7.0466256, 4.6487136], [7.0516872, 4.631057], [7.0570283, 4.6174254], [7.05089, 4.6020403], [7.0421214, 4.5793214], [7.0309615, 4.558755], [7.0304832, 4.5577188]]}, "properties": {"admin_area_name": "Nigeria", "fluid": "GAS", "mps_created_time": "Jun 30, 2021 2:18:44 PM", "mps_datasource_tags": "Data derived from San Leon Annual Report, 2021, (https://www.sanleonenergy.com/wp-content/uploads/2021/06/2994-San-Leon_AR20_web.pdf)", "mps_est_elevation_end_m": "4.0", "mps_est_elevation_start_m": "3.0", "mps_est_length_km": "12.9748011521139", "mps_est_shore_status": "ONSHORE", "mps_uuid": "a2fb333a-e861-4ba8-a6ab-b531e4fc5218", "name": "ALAKIRI TO CAWTHORNE CHANNEL", "status": "OPERATIONAL", "updt": "Aug 17, 2022 12:29:31 PM"}}, {"type": "Feature", "id": "mps_mapping_pipeline.8bc9e2f8-8188-4629-b320-5a1d0ba618e9", "geometry": {"type": "LineString", "coordinates": [[7.141037, 4.78039], [7.141197, 4.7801595], [7.142497, 4.7811995], [7.143017, 4.7829094], [7.144187, 4.7827296], [7.144317, 4.7832594], [7.147367, 4.784099], [7.149807, 4.784839], [7.150277, 4.788519], [7.150547, 4.790619], [7.150297, 4.7926188], [7.150947, 4.7942686], [7.151267, 4.7968383], [7.151777, 4.800918], [7.152227, 4.8046374], [7.153057, 4.811527], [7.153057, 4.811557], [7.153347, 4.8138566], [7.153687, 4.8167067], [7.1541266, 4.8203063], [7.155697, 4.833235], [7.1572165, 4.8457637], [7.1574564, 4.8478036], [7.1579666, 4.852073], [7.1580267, 4.852313], [7.161647, 4.854673], [7.1633067, 4.855743], [7.1642065, 4.856333], [7.164097, 4.856873], [7.1635666, 4.8580027], [7.1633067, 4.858473], [7.1625566, 4.8597927], [7.1614165, 4.8618226], [7.1619964, 4.8624325], [7.1622767, 4.8627925], [7.1632466, 4.8637424], [7.1641464, 4.864662], [7.1655765, 4.866062], [7.1668067, 4.867332], [7.1677766, 4.868332], [7.169407, 4.869992], [7.1713967, 4.8719716], [7.1726565, 4.8733215], [7.1725664, 4.877081], [7.1724467, 4.879891], [7.1723666, 4.880961], [7.1722965, 4.881001], [7.1720967, 4.8810706], [7.1720567, 4.8811007], [7.1720366, 4.8811407], [7.1719866, 4.8821306], [7.1718564, 4.8822308], [7.1717668, 4.8823404], [7.1716766, 4.88528], [7.1718764, 4.8871903], [7.1722765, 4.88796], [7.1737366, 4.88997], [7.1759667, 4.89322], [7.1781764, 4.8963294], [7.1806364, 4.8998094], [7.1822867, 4.902139], [7.183377, 4.903759], [7.1841063, 4.9048185], [7.1843567, 4.910848], [7.1844363, 4.9165177], [7.1844664, 4.9190073], [7.1841865, 4.9228573], [7.1845365, 4.927167], [7.184616, 4.931916], [7.184676, 4.935536], [7.184716, 4.938256], [7.1847563, 4.9418755], [7.184846, 4.946395], [7.184876, 4.9500146], [7.184956, 4.954534], [7.185016, 4.959064], [7.1850758, 4.9626837], [7.185116, 4.965393], [7.185166, 4.9690127], [7.185216, 4.9726324], [7.186376, 4.9749227], [7.186496, 4.976272], [7.1864157, 4.978942], [7.182036, 4.978932]]}, "properties": {"admin_area_name": "Nigeria", "fluid": "OIL", "mps_created_time": "Sep 8, 2021 12:13:37 PM", "mps_datasource_tags": "Data derived from Shell World Map, 2019, (https://reports.shell.com/investors-handbook/2019/servicepages/worldmap.php). Last Accessed Jan 2021", "mps_est_elevation_end_m": "22.0", "mps_est_elevation_start_m": "21.0", "mps_est_length_km": "24.7145016421382", "mps_est_shore_status": "ONSHORE", "mps_uuid": "8bc9e2f8-8188-4629-b320-5a1d0ba618e9", "name": "NIGERIA PIPELINE", "status": "OPERATIONAL", "updt": "May 28, 2025 9:01:32 PM"}}, {"type": "Feature", "id": "mps_mapping_pipeline.433ada44-3204-460f-af2b-00af23f9cb44", "geometry": {"type": "LineString", "coordinates": [[6.8897157, 4.568779], [6.892187, 4.561605], [6.894897, 4.556822], [6.8980856, 4.5547495], [6.900876, 4.5533943], [6.905101, 4.5504446], [6.906775, 4.549488], [6.9082894, 4.541915], [6.9133115, 4.5372915], [6.915304, 4.540002]]}, "properties": {"admin_area_name": "Nigeria", "fluid": "OIL", "mps_created_time": "Jun 30, 2021 2:18:35 PM", "mps_datasource_tags": "Data derived from San Leon Annual Report, 2021, (https://www.sanleonenergy.com/wp-content/uploads/2021/06/2994-San-Leon_AR20_web.pdf)", "mps_est_elevation_end_m": "6.0", "mps_est_elevation_start_m": "9.0", "mps_est_length_km": "4.98120822333737", "mps_est_shore_status": "ONSHORE", "mps_uuid": "433ada44-3204-460f-af2b-00af23f9cb44", "name": "KRAKAM FIELD SPUR 1", "status": "OPERATIONAL", "updt": "Aug 17, 2022 12:29:30 PM"}}, {"type": "Feature", "id": "mps_mapping_pipeline.01192135-ea00-4bc4-8a27-80c4654f23fb", "geometry": {"type": "LineString", "coordinates": [[7.0795484, 4.5358257], [7.102020391717645, 4.523005217438835], [7.107441337958904, 4.516422639860164], [7.114023915537575, 4.502870274257017], [7.132610016936177, 4.50041794143359], [7.145387961647715, 4.494738854895129], [7.160360098885477, 4.490995820585688], [7.166297325721142, 4.485316734047227]]}, "properties": {"admin_area_name": "Nigeria", "fluid": "GAS", "mps_created_time": "Jul 12, 2022 9:17:57 AM", "mps_datasource_tags": "Data derived from San Leon Report, 2022, (https://docs.publicnow.com/viewDoc?hash_primary=C7A14BA183BF6C1B52E0CB18C6BBD6F6518CF4F2)", "mps_est_elevation_end_m": "9.0", "mps_est_elevation_start_m": "4.0", "mps_est_length_km": "11.7341062585623", "mps_est_shore_status": "BOTH", "mps_uuid": "01192135-ea00-4bc4-8a27-80c4654f23fb", "name": "NIGERIA PIPELINE", "status": "OPERATIONAL", "updt": "May 28, 2025 9:01:37 PM"}}, {"type": "Feature", "id": "mps_mapping_pipeline.db4b2a2a-b309-4a53-a577-790c447b0b41", "geometry": {"type": "LineString", "coordinates": [[7.0437655, 4.514194], [7.0616217, 4.514194]]}, "properties": {"admin_area_name": "Nigeria", "fluid": "OIL", "mps_created_time": "Jun 30, 2021 2:18:38 PM", "mps_datasource_tags": "Data derived from San Leon Annual Report, 2021, (https://www.sanleonenergy.com/wp-content/uploads/2021/06/2994-San-Leon_AR20_web.pdf)", "mps_est_elevation_end_m": "5.0", "mps_est_elevation_start_m": "9.0", "mps_est_length_km": "1.98161793522662", "mps_est_shore_status": "ONSHORE", "mps_uuid": "db4b2a2a-b309-4a53-a577-790c447b0b41", "name": "AKASO 4", "status": "OPERATIONAL", "updt": "Aug 17, 2022 12:29:30 PM"}}, {"type": "Feature", "id": "mps_mapping_pipeline.f8fb0946-07ad-4c9b-8b2c-8fcd0ba3db49", "geometry": {"type": "LineString", "coordinates": [[7.051558, 4.6739435], [7.0600476, 4.6788063], [7.0665245, 4.676395]]}, "properties": {"admin_area_name": "Nigeria", "fluid": "GAS", "mps_created_time": "Jun 30, 2021 2:18:51 PM", "mps_datasource_tags": "Data derived from San Leon Annual Report, 2021, (https://www.sanleonenergy.com/wp-content/uploads/2021/06/2994-San-Leon_AR20_web.pdf)", "mps_est_elevation_end_m": "5.0", "mps_est_elevation_start_m": "3.0", "mps_est_length_km": "1.85111365015476", "mps_est_shore_status": "ONSHORE", "mps_uuid": "f8fb0946-07ad-4c9b-8b2c-8fcd0ba3db49", "name": "ALAKIRI SPUR 9", "status": "OPERATIONAL", "updt": "Aug 17, 2022 12:29:33 PM"}}, {"type": "Feature", "id": "mps_mapping_pipeline.85cb3151-52a1-4b94-8813-1e553c84f7d2", "geometry": {"type": "LineString", "coordinates": [[7.0321074, 4.655011], [7.0608845, 4.654533]]}, "properties": {"admin_area_name": "Nigeria", "fluid": "OIL", "mps_created_time": "Jun 30, 2021 2:18:45 PM", "mps_datasource_tags": "Data derived from San Leon Annual Report, 2021, (https://www.sanleonenergy.com/wp-content/uploads/2021/06/2994-San-Leon_AR20_web.pdf)", "mps_est_elevation_end_m": "3.0", "mps_est_elevation_start_m": "6.0", "mps_est_length_km": "3.19339422839777", "mps_est_shore_status": "BOTH", "mps_uuid": "85cb3151-52a1-4b94-8813-1e553c84f7d2", "name": "ALAKIRI SPUR 1", "status": "OPERATIONAL", "updt": "Aug 17, 2022 12:29:32 PM"}}, {"type": "Feature", "id": "mps_mapping_pipeline.45e06da3-1868-47f5-a2c4-d2f910cba7b7", "geometry": {"type": "LineString", "coordinates": [[7.010963, 4.5543704], [7.0126367, 4.5499067], [7.013195, 4.54887], [7.0166225, 4.5471168], [7.0182967, 4.5471168], [7.0195723, 4.5471964], [7.0194125, 4.5495877]]}, "properties": {"admin_area_name": "Nigeria", "fluid": "OIL", "mps_created_time": "Jun 30, 2021 2:18:43 PM", "mps_datasource_tags": "Data derived from San Leon Annual Report, 2021, (https://www.sanleonenergy.com/wp-content/uploads/2021/06/2994-San-Leon_AR20_web.pdf)", "mps_est_elevation_end_m": "4.0", "mps_est_elevation_start_m": "3.0", "mps_est_length_km": "1.67725612590271", "mps_est_shore_status": "BOTH", "mps_uuid": "45e06da3-1868-47f5-a2c4-d2f910cba7b7", "name": "CAWTHORNE CHANNEL COMPLEX 2", "status": "OPERATIONAL", "updt": "Aug 17, 2022 12:29:31 PM"}}, {"type": "Feature", "id": "mps_mapping_pipeline.33ad6d6d-a162-462d-b10f-63502846831f", "geometry": {"type": "LineString", "coordinates": [[7.1195154, 4.893819], [7.1190553, 4.8934293], [7.1188455, 4.893649], [7.1196957, 4.894499], [7.1207256, 4.8941193], [7.1210155, 4.895109], [7.1264753, 4.897439], [7.1276054, 4.916087], [7.1339855, 4.918217], [7.1373353, 4.922497], [7.1389956, 4.9232364], [7.1396456, 4.9241266], [7.1395655, 4.9253364], [7.1662455, 4.9594235], [7.1670156, 4.9604034], [7.171046, 4.9655533], [7.179156, 4.9760723], [7.1789255, 4.978842], [7.1789756, 4.978852], [7.1789656, 4.980282], [7.1808257, 4.980282]]}, "properties": {"admin_area_name": "Nigeria", "fluid": "GAS", "mps_created_time": "Sep 8, 2021 12:13:36 PM", "mps_datasource_tags": "Data derived from Shell World Map, 2019, (https://reports.shell.com/investors-handbook/2019/servicepages/worldmap.php). Last Accessed Jan 2021", "mps_est_elevation_end_m": "22.0", "mps_est_elevation_start_m": "26.0", "mps_est_length_km": "12.800389189458", "mps_est_shore_status": "ONSHORE", "mps_uuid": "33ad6d6d-a162-462d-b10f-63502846831f", "name": "OBIGBO - IMO RIVER", "status": "OPERATIONAL", "updt": "Aug 17, 2022 12:32:06 PM"}}, {"type": "Feature", "id": "mps_mapping_pipeline.c055482b-374c-4e2a-8602-85b40392f387", "geometry": {"type": "LineString", "coordinates": [[7.193732790564635, 4.449971664368345], [7.47681777690646, 4.353856660559718], [7.645138579596193, 4.318949221365541]]}, "properties": {"admin_area_name": "Nigeria", "fluid": "OIL", "mps_created_time": "Jan 1, 1900 12:00:00 AM", "mps_datasource_tags": "Inferred from satellite imagery and NG oil spill data.", "mps_est_elevation_end_m": "-8.0", "mps_est_elevation_start_m": "12.0", "mps_est_length_km": "52.2481609083315", "mps_est_shore_status": "BOTH", "mps_uuid": "c055482b-374c-4e2a-8602-85b40392f387", "name": "OSO- BONNY", "status": "OPERATIONAL", "updt": "Aug 17, 2022 11:19:37 AM"}}, {"type": "Feature", "id": "mps_mapping_pipeline.e4d81a16-44dd-426c-8422-55aeac7035ed", "geometry": {"type": "LineString", "coordinates": [[7.1595907, 4.4268217], [7.159741, 4.427022], [7.160571, 4.426372], [7.160201, 4.425892], [7.161561, 4.4248323], [7.162891, 4.4237924], [7.1638412, 4.4230423], [7.164491, 4.423932], [7.165561, 4.425382], [7.166721, 4.426942], [7.1680713, 4.428772], [7.168741, 4.429672]]}, "properties": {"admin_area_name": "Nigeria", "fluid": "GAS", "mps_created_time": "Sep 8, 2021 12:13:42 PM", "mps_datasource_tags": "Data derived from Shell World Map, 2019, (https://reports.shell.com/investors-handbook/2019/servicepages/worldmap.php). Last Accessed Jan 2021", "mps_est_elevation_end_m": "9.0", "mps_est_elevation_start_m": "8.0", "mps_est_length_km": "1.63687802025835", "mps_est_shore_status": "ONSHORE", "mps_uuid": "e4d81a16-44dd-426c-8422-55aeac7035ed", "name": "NIGERIA PIPELINE", "status": "OPERATIONAL", "updt": "May 28, 2025 9:01:34 PM"}}, {"type": "Feature", "id": "mps_mapping_pipeline.ddb4df9c-25c2-423b-a4f2-1aad2a857a20", "geometry": {"type": "LineString", "coordinates": [[7.754547808739795, 4.515084664393866], [7.35105535898771, 4.462882635029206], [7.191341870071882, 4.45475350535385]]}, "properties": {"admin_area_name": "Nigeria", "fluid": "GAS", "mps_created_time": "Jan 1, 1900 12:00:00 AM", "mps_datasource_tags": "Inferred from satellite imagery and NG oil spill data.", "mps_est_elevation_end_m": "7.0", "mps_est_elevation_start_m": "9.0", "mps_est_length_km": "62.8987939237936", "mps_est_shore_status": "BOTH", "mps_uuid": "ddb4df9c-25c2-423b-a4f2-1aad2a857a20", "name": "UTAPA - BONNY", "status": "OPERATIONAL", "updt": "Feb 13, 2023 10:40:43 AM"}}, {"type": "Feature", "id": "mps_mapping_pipeline.3cd86e3a-a952-45ac-b2e3-d43e7d6b0033", "geometry": {"type": "LineString", "coordinates": [[7.1188154, 4.8934393], [7.1187053, 4.893359], [7.1185756, 4.893189], [7.1178155, 4.8924394], [7.1178255, 4.891569], [7.1163855, 4.8914294]]}, "properties": {"admin_area_name": "Nigeria", "fluid": "GAS", "mps_created_time": "Sep 8, 2021 12:13:39 PM", "mps_datasource_tags": "Data derived from Shell World Map, 2019, (https://reports.shell.com/investors-handbook/2019/servicepages/worldmap.php). Last Accessed Jan 2021", "mps_est_elevation_end_m": "23.0", "mps_est_elevation_start_m": "26.0", "mps_est_length_km": "0.413725181502008", "mps_est_shore_status": "ONSHORE", "mps_uuid": "3cd86e3a-a952-45ac-b2e3-d43e7d6b0033", "name": "NIGERIA PIPELINE", "status": "OPERATIONAL", "updt": "May 28, 2025 9:01:33 PM"}}, {"type": "Feature", "id": "mps_mapping_pipeline.0f1e2ab0-5675-40a9-a52b-0d6154bf43c0", "geometry": {"type": "LineString", "coordinates": [[7.800698685989384, 4.264877027758894], [8.005710739663275, 4.369225859572683]]}, "properties": {"admin_area_name": "Nigeria", "fluid": "OIL", "mps_created_time": "Jan 1, 1900 12:00:00 AM", "mps_datasource_tags": "https://www.google.com/url?sa=i&url=http%3A%2F%2Fwww.oriental-er.com%2Febok%2F&psig=AOvVaw2xUTgXHx99iWSKAYQ47S4-&ust=1581611279836000&source=images&cd=vfe&ved=0CAIQjRxqFwoTCJjNxKW3zOcCFQAAAAAdAAAAABAJ", "mps_est_elevation_end_m": "-17.0", "mps_est_elevation_start_m": "-24.0", "mps_est_length_km": "25.5157193414929", "mps_est_shore_status": "OFFSHORE", "mps_uuid": "0f1e2ab0-5675-40a9-a52b-0d6154bf43c0", "name": "USARI - IDOHO", "status": "OPERATIONAL", "updt": "Aug 17, 2022 11:19:35 AM"}}, {"type": "Feature", "id": "mps_mapping_pipeline.a2e486bb-0a03-411a-ac19-d86108b9afdb", "geometry": {"type": "LineString", "coordinates": [[7.0428886, 4.52655], [7.0437655, 4.514194], [7.043686, 4.5087733]]}, "properties": {"admin_area_name": "Nigeria", "fluid": "OIL", "mps_created_time": "Jun 30, 2021 2:18:46 PM", "mps_datasource_tags": "Data derived from San Leon Annual Report, 2021, (https://www.sanleonenergy.com/wp-content/uploads/2021/06/2994-San-Leon_AR20_web.pdf)", "mps_est_elevation_end_m": "4.0", "mps_est_elevation_start_m": "5.0", "mps_est_length_km": "1.96929423136578", "mps_est_shore_status": "ONSHORE", "mps_uuid": "a2e486bb-0a03-411a-ac19-d86108b9afdb", "name": "AKASO 3", "status": "OPERATIONAL", "updt": "Aug 17, 2022 12:29:32 PM"}}, {"type": "Feature", "id": "mps_mapping_pipeline.480efa6e-71b3-4c0f-9adc-2c295ee71065", "geometry": {"type": "LineString", "coordinates": [[7.1214156, 4.8926992], [7.1215954, 4.8925095], [7.1219554, 4.892859], [7.1244555, 4.8903494], [7.1262856, 4.8884597], [7.1281157, 4.88658], [7.1320157, 4.8825803], [7.132886, 4.8801003], [7.133846, 4.877031], [7.1348357, 4.873881], [7.134996, 4.873381], [7.135136, 4.873021], [7.135346, 4.8724313], [7.135366, 4.8710012], [7.135406, 4.8692217], [7.135466, 4.8674617], [7.135516, 4.8656917], [7.135566, 4.863922], [7.1356163, 4.862152], [7.135676, 4.860742], [7.135676, 4.860732], [7.135676, 4.860382], [7.135726, 4.8586025], [7.135766, 4.8568125], [7.135796, 4.8558025], [7.135826, 4.855043], [7.135846, 4.853913], [7.137546, 4.8542128], [7.139316, 4.8545227], [7.142846, 4.855143], [7.144616, 4.855443], [7.148146, 4.856073], [7.149916, 4.856383], [7.151706, 4.856693], [7.1529465, 4.8569226], [7.1556067, 4.854453], [7.1569467, 4.8532033], [7.1580667, 4.852093], [7.1575465, 4.8477936], [7.1572766, 4.845684], [7.155757, 4.833235], [7.154217, 4.8202963], [7.153767, 4.8166966], [7.153427, 4.8138466], [7.1531467, 4.811547], [7.1531467, 4.8115067], [7.152317, 4.8046274], [7.151867, 4.800908], [7.151347, 4.7968283], [7.151027, 4.7942586], [7.150377, 4.7926087], [7.150617, 4.790629], [7.150347, 4.788509], [7.149887, 4.784779], [7.147377, 4.7840495], [7.144347, 4.7832093], [7.144227, 4.7826796], [7.143047, 4.7828593], [7.142537, 4.7811794], [7.141277, 4.7801695], [7.141097, 4.7804193]]}, "properties": {"admin_area_name": "Nigeria", "fluid": "OIL", "mps_created_time": "Sep 8, 2021 12:13:41 PM", "mps_datasource_tags": "Data derived from Shell World Map, 2019, (https://reports.shell.com/investors-handbook/2019/servicepages/worldmap.php). Last Accessed Jan 2021", "mps_est_elevation_end_m": "21.0", "mps_est_elevation_start_m": "26.0", "mps_est_length_km": "16.3631813433654", "mps_est_shore_status": "ONSHORE", "mps_uuid": "480efa6e-71b3-4c0f-9adc-2c295ee71065", "name": "NIGERIA PIPELINE", "status": "OPERATIONAL", "updt": "May 28, 2025 9:01:34 PM"}}, {"type": "Feature", "id": "mps_mapping_pipeline.e5b8673e-50c7-4c3e-8cac-b9a094546464", "geometry": {"type": "LineString", "coordinates": [[7.165011, 4.4323316], [7.165761, 4.4333715], [7.166691, 4.434511], [7.167261, 4.435141], [7.168291, 4.4356112], [7.169691, 4.436261], [7.169711, 4.436281], [7.170641, 4.4367013], [7.171351, 4.4370313], [7.172961, 4.438451], [7.174411, 4.440591], [7.175371, 4.441991], [7.178201, 4.4466505], [7.182691, 4.45387], [7.183331, 4.4548097], [7.183681, 4.4554195], [7.184861, 4.457249], [7.189201, 4.464359], [7.1902514, 4.4649687], [7.1916413, 4.465819], [7.1930013, 4.4665785], [7.1947412, 4.4688783], [7.195081, 4.4693384]]}, "properties": {"admin_area_name": "Nigeria", "fluid": "GAS", "mps_created_time": "Sep 8, 2021 12:13:43 PM", "mps_datasource_tags": "Data derived from Shell World Map, 2019, (https://reports.shell.com/investors-handbook/2019/servicepages/worldmap.php). Last Accessed Jan 2021", "mps_est_elevation_end_m": "6.0", "mps_est_elevation_start_m": "8.0", "mps_est_length_km": "5.39285911824481", "mps_est_shore_status": "ONSHORE", "mps_uuid": "e5b8673e-50c7-4c3e-8cac-b9a094546464", "name": "NIGERIA PIPELINE", "status": "OPERATIONAL", "updt": "May 28, 2025 9:01:35 PM"}}, {"type": "Feature", "id": "mps_mapping_pipeline.351231c6-fa09-40fc-869a-dc5d43a9cd09", "geometry": {"type": "LineString", "coordinates": [[7.1814456, 4.979022], [7.177426, 4.9791517], [7.1726656, 4.9815917], [7.1708455, 4.980612], [7.1703954, 4.9807415], [7.1683455, 4.9826517], [7.1674457, 4.9834113], [7.1613755, 4.9872313], [7.159995, 4.987421], [7.159605, 4.987481], [7.157845, 4.987441], [7.156465, 4.987251], [7.156445, 4.987011], [7.1563354, 4.986331], [7.1545153, 4.986281], [7.1520553, 4.986131], [7.150235, 4.985991], [7.148055, 4.985811], [7.1315246, 4.984531], [7.1288147, 4.984341], [7.127485, 4.984241], [7.1198044, 4.983761], [7.1182146, 4.983611], [7.1178346, 4.983411]]}, "properties": {"admin_area_name": "Nigeria", "fluid": "GAS", "mps_created_time": "Sep 8, 2021 12:13:27 PM", "mps_datasource_tags": "Data derived from Shell World Map, 2019, (https://reports.shell.com/investors-handbook/2019/servicepages/worldmap.php). Last Accessed Jan 2021", "mps_est_elevation_end_m": "35.0", "mps_est_elevation_start_m": "22.0", "mps_est_length_km": "7.49250764425778", "mps_est_shore_status": "ONSHORE", "mps_uuid": "351231c6-fa09-40fc-869a-dc5d43a9cd09", "name": "NIGERIA PIPELINE", "status": "OPERATIONAL", "updt": "May 28, 2025 9:01:27 PM"}}, {"type": "Feature", "id": "mps_mapping_pipeline.2b91a9a6-9a37-40da-be6b-6bb7a201b17e", "geometry": {"type": "LineString", "coordinates": [[7.053152, 4.637872], [7.0548263, 4.642018], [7.0619206, 4.64704], [7.063914, 4.6468005]]}, "properties": {"admin_area_name": "Nigeria", "fluid": "OIL", "mps_created_time": "Jun 30, 2021 2:18:45 PM", "mps_datasource_tags": "Data derived from San Leon Annual Report, 2021, (https://www.sanleonenergy.com/wp-content/uploads/2021/06/2994-San-Leon_AR20_web.pdf)", "mps_est_elevation_end_m": "3.0", "mps_est_elevation_start_m": "7.0", "mps_est_length_km": "1.68077791080072", "mps_est_shore_status": "ONSHORE", "mps_uuid": "2b91a9a6-9a37-40da-be6b-6bb7a201b17e", "name": "ALAKIRI SPUR 3", "status": "OPERATIONAL", "updt": "Aug 17, 2022 12:29:32 PM"}}, {"type": "Feature", "id": "mps_mapping_pipeline.ec8707e0-aaae-449e-904b-262b2363ae71", "geometry": {"type": "LineString", "coordinates": [[7.0608845, 4.654533], [7.061841, 4.6512647], [7.063914, 4.6468005], [7.067182, 4.6436915], [7.065986, 4.6401844]]}, "properties": {"admin_area_name": "Nigeria", "fluid": "OIL", "mps_created_time": "Jun 30, 2021 2:18:48 PM", "mps_datasource_tags": "Data derived from San Leon Annual Report, 2021, (https://www.sanleonenergy.com/wp-content/uploads/2021/06/2994-San-Leon_AR20_web.pdf)", "mps_est_elevation_end_m": "6.0", "mps_est_elevation_start_m": "3.0", "mps_est_length_km": "1.83086313010615", "mps_est_shore_status": "ONSHORE", "mps_uuid": "ec8707e0-aaae-449e-904b-262b2363ae71", "name": "ALAKIRI SPUR 2", "status": "OPERATIONAL", "updt": "Aug 17, 2022 12:29:32 PM"}}, {"type": "Feature", "id": "mps_mapping_pipeline.adaf4553-1ba8-450c-9155-ef697b51a975", "geometry": {"type": "LineString", "coordinates": [[7.6456165, 4.3179927], [8.009398, 4.548505]]}, "properties": {"admin_area_name": "Nigeria", "fluid": "OIL", "mps_created_time": "Jan 1, 1900 12:00:00 AM", "mps_datasource_tags": "Inferred from satellite imagery and NG oil spill data.", "mps_est_elevation_end_m": "6.0", "mps_est_elevation_start_m": "-8.0", "mps_est_length_km": "47.748734026876", "mps_est_shore_status": "BOTH", "mps_uuid": "adaf4553-1ba8-450c-9155-ef697b51a975", "name": "OSO - QIT POWER PLANT", "status": "OPERATIONAL", "updt": "Aug 17, 2022 11:19:37 AM"}}, {"type": "Feature", "id": "mps_mapping_pipeline.44468e68-f8de-4491-b627-cec10228b659", "geometry": {"type": "LineString", "coordinates": [[7.029804, 4.841293], [7.031134, 4.843423], [7.030814, 4.8453226], [7.030134, 4.849082], [7.029994, 4.8497324], [7.029614, 4.851922], [7.029284, 4.8537917], [7.029024, 4.8551917], [7.026804, 4.8567014], [7.026044, 4.8564014], [7.023654, 4.8554616], [7.021604, 4.8546414], [7.021254, 4.8566313], [7.020784, 4.859271], [7.0202937, 4.861951], [7.019724, 4.8653107], [7.0195336, 4.8663807], [7.0191736, 4.8680706], [7.0164437, 4.87048], [7.0146136, 4.87208], [7.013724, 4.87285], [7.0121236, 4.87424], [7.0109234, 4.8753095], [7.0092835, 4.8767796], [7.0081234, 4.8777795], [7.0078135, 4.879259], [7.007643, 4.880039], [7.0073733, 4.881349], [7.0071034, 4.882739], [7.006873, 4.883949], [7.0067134, 4.884759], [7.005403, 4.891428], [7.0052934, 4.892138], [7.005063, 4.893448], [7.0050035, 4.893818], [7.0066633, 4.8967376], [7.0084834, 4.899987], [7.009313, 4.9014773], [7.0101933, 4.903017], [7.010383, 4.903347], [7.008203, 4.904927], [7.006813, 4.9059267], [7.004683, 4.907457], [7.003943, 4.9079967], [7.0034833, 4.9083266], [7.002853, 4.908787], [7.002203, 4.9092464], [7.001953, 4.9094367], [7.000043, 4.910796], [6.999433, 4.9112363], [6.999323, 4.9112864], [6.999153, 4.9113665], [6.998923, 4.9115663], [6.998923, 4.9115963]]}, "properties": {"admin_area_name": "Nigeria", "fluid": "OIL", "mps_created_time": "Sep 8, 2021 12:13:36 PM", "mps_datasource_tags": "Data derived from Shell World Map, 2019, (https://reports.shell.com/investors-handbook/2019/servicepages/worldmap.php). Last Accessed Jan 2021", "mps_est_elevation_end_m": "23.0", "mps_est_elevation_start_m": "15.0", "mps_est_length_km": "10.2416402148203", "mps_est_shore_status": "ONSHORE", "mps_uuid": "44468e68-f8de-4491-b627-cec10228b659", "name": "NIGERIA PIPELINE", "status": "OPERATIONAL", "updt": "May 28, 2025 9:01:32 PM"}}, {"type": "Feature", "id": "mps_mapping_pipeline.1188082d-9e62-4fa0-a4ad-e3003e69210d", "geometry": {"type": "LineString", "coordinates": [[7.2772408, 4.6626215], [7.2772408, 4.6626115], [7.2772307, 4.662582], [7.2772307, 4.662562], [7.2772207, 4.662552], [7.2772207, 4.662512], [7.2772107, 4.662482], [7.2771907, 4.6623917], [7.2771707, 4.6623416], [7.2771606, 4.6622915], [7.2771406, 4.662202], [7.2771106, 4.6621118], [7.277091, 4.6620216], [7.276921, 4.660712], [7.2768607, 4.660462], [7.276691, 4.6599517], [7.276561, 4.659402], [7.276571, 4.659012], [7.276761, 4.6568823], [7.277021, 4.6532025], [7.2772007, 4.650253], [7.2783213, 4.6323147], [7.277811, 4.6312647], [7.276531, 4.6288147], [7.274781, 4.626315], [7.274651, 4.626135], [7.273531, 4.624635], [7.272441, 4.623165], [7.271361, 4.6215954], [7.269831, 4.6193457], [7.268001, 4.6166058], [7.265711, 4.613226], [7.263381, 4.6097665], [7.2632213, 4.609516], [7.263201, 4.6095066], [7.263001, 4.609226], [7.262691, 4.6087966], [7.262101, 4.6079564], [7.2614613, 4.6070466], [7.260461, 4.605517], [7.260191, 4.605087], [7.259811, 4.604507], [7.2593513, 4.603807], [7.259171, 4.603527], [7.258901, 4.602807], [7.2586412, 4.6022468], [7.258261, 4.6001573], [7.258131, 4.599337], [7.257911, 4.5976872], [7.257671, 4.5957975], [7.257571, 4.594958], [7.2569914, 4.590738], [7.256761, 4.5890384], [7.2561812, 4.5845985], [7.2559013, 4.5826387], [7.254731, 4.577259], [7.254381, 4.5755095], [7.2535415, 4.5717297], [7.252881, 4.56861], [7.2521615, 4.5659103], [7.2520213, 4.5651703], [7.2513814, 4.5617805], [7.2510514, 4.5600705], [7.2505713, 4.558291], [7.2496314, 4.554881], [7.2488613, 4.5520816], [7.2481713, 4.5495615], [7.2472014, 4.546092], [7.2467413, 4.544342], [7.2462516, 4.542602], [7.2457113, 4.5408525], [7.2455416, 4.5403624], [7.2448716, 4.5380626], [7.2447615, 4.5376925], [7.2426815, 4.5301733], [7.2425413, 4.5293636], [7.2419114, 4.5276637], [7.2350817, 4.518564], [7.2339616, 4.5171447], [7.2296014, 4.511395], [7.2246914, 4.5060954], [7.222401, 4.5040755], [7.2201114, 4.502176], [7.2186613, 4.500886], [7.2169313, 4.499336], [7.2163014, 4.498776], [7.214021, 4.496726], [7.2066913, 4.4900064], [7.2056313, 4.488977], [7.201571, 4.484717], [7.2000413, 4.483167], [7.198871, 4.4819074], [7.197681, 4.4802876], [7.197001, 4.4794073], [7.196941, 4.4792175], [7.196441, 4.477058], [7.1954412, 4.473328], [7.194731, 4.4706283], [7.194221, 4.4699183], [7.1937313, 4.4691286], [7.192511, 4.4680686], [7.190721, 4.4673085], [7.188741, 4.4653587], [7.188321, 4.4649487], [7.186811, 4.462799], [7.183301, 4.4580193], [7.182591, 4.4570394], [7.181321, 4.4551296], [7.178131, 4.45073], [7.1771812, 4.44923], [7.175671, 4.44732], [7.174511, 4.4456706], [7.173491, 4.4439507], [7.172661, 4.4411206], [7.1719112, 4.438651], [7.171271, 4.437111], [7.170891, 4.436931], [7.168991, 4.4360514], [7.167161, 4.435171], [7.166491, 4.434771], [7.166261, 4.4346313], [7.165151, 4.433141], [7.165121, 4.4328814], [7.164921, 4.4325914]]}, "properties": {"admin_area_name": "Nigeria", "fluid": "OIL", "mps_created_time": "Sep 8, 2021 12:13:34 PM", "mps_datasource_tags": "Data derived from Shell World Map, 2019, (https://reports.shell.com/investors-handbook/2019/servicepages/worldmap.php). Last Accessed Jan 2021", "mps_est_elevation_end_m": "8.0", "mps_est_elevation_start_m": "19.0", "mps_est_length_km": "29.657504449706", "mps_est_shore_status": "BOTH", "mps_uuid": "1188082d-9e62-4fa0-a4ad-e3003e69210d", "name": "NIGERIA PIPELINE", "status": "OPERATIONAL", "updt": "May 28, 2025 9:01:31 PM"}}, {"type": "Feature", "id": "mps_mapping_pipeline.5025e514-037a-49f4-8e87-b9e76efca00d", "geometry": {"type": "LineString", "coordinates": [[6.975282, 4.926645], [6.974852, 4.9269447], [6.975212, 4.9276247], [6.9758024, 4.9286046], [6.9779224, 4.932784], [6.9775624, 4.933674]]}, "properties": {"admin_area_name": "Nigeria", "fluid": "OIL", "mps_created_time": "Sep 8, 2021 12:13:23 PM", "mps_datasource_tags": "Data derived from Shell World Map, 2019, (https://reports.shell.com/investors-handbook/2019/servicepages/worldmap.php). Last Accessed Jan 2021", "mps_est_elevation_end_m": "26.0", "mps_est_elevation_start_m": "22.0", "mps_est_length_km": "0.894575038692709", "mps_est_shore_status": "ONSHORE", "mps_uuid": "5025e514-037a-49f4-8e87-b9e76efca00d", "name": "NIGERIA PIPELINE", "status": "OPERATIONAL", "updt": "May 28, 2025 9:01:25 PM"}}, {"type": "Feature", "id": "mps_mapping_pipeline.8e096368-e531-4e63-b04f-49015e71819e", "geometry": {"type": "LineString", "coordinates": [[7.2559643, 4.8430834], [7.2588763, 4.844524], [7.2532277, 4.8497796]]}, "properties": {"admin_area_name": "Nigeria", "fluid": "GAS", "mps_created_time": "Sep 8, 2021 12:13:44 PM", "mps_datasource_tags": "Data derived from Shell World Map, 2019, (https://reports.shell.com/investors-handbook/2019/servicepages/worldmap.php). Last Accessed Jan 2021", "mps_est_elevation_end_m": "28.0", "mps_est_elevation_start_m": "25.0", "mps_est_length_km": "1.21476458640875", "mps_est_shore_status": "ONSHORE", "mps_uuid": "8e096368-e531-4e63-b04f-49015e71819e", "name": "NIGERIA PIPELINE", "status": "OPERATIONAL", "updt": "May 28, 2025 9:01:35 PM"}}, {"type": "Feature", "id": "mps_mapping_pipeline.90eabc7c-d821-499a-9f30-9b87df41caed", "geometry": {"type": "LineString", "coordinates": [[7.03455884063251, 4.822958459190958], [7.020831743877702, 4.830067134296126], [6.982346847618688, 4.832028148118241], [6.977199186335635, 4.836685555945765]]}, "properties": {"admin_area_name": "Nigeria", "category": "Hydrocarbon", "fluid": "GAS", "mps_created_time": "Jan 1, 1900 12:00:00 AM", "mps_datasource_tags": "Sourced from Shell Handbook 2018", "mps_est_elevation_end_m": "17.0", "mps_est_elevation_start_m": "17.0", "mps_est_length_km": "6.75711612041267", "mps_est_shore_status": "ONSHORE", "mps_uuid": "90eabc7c-d821-499a-9f30-9b87df41caed", "name": "6\" APARA F/S TO TRANS-AMADI (RSEB)", "operator_group_name": "SHELL PLC (GROUP)", "optr_name": "ROYAL DUTCH SHELL NIGERIA", "status": "OPERATIONAL", "updt": "May 29, 2025 12:47:35 PM"}}, {"type": "Feature", "id": "mps_mapping_pipeline.441da638-12ef-47b1-a9c5-e4c8c51561e4", "geometry": {"type": "LineString", "coordinates": [[7.787568700529371, 4.109851059081895], [7.800468335367278, 4.264185975892577]]}, "properties": {"admin_area_name": "Nigeria", "fluid": "OIL", "mps_created_time": "Jan 1, 1900 12:00:00 AM", "mps_datasource_tags": "https://www.google.com/url?sa=i&url=http%3A%2F%2Fwww.oriental-er.com%2Febok%2F&psig=AOvVaw2xUTgXHx99iWSKAYQ47S4-&ust=1581611279836000&source=images&cd=vfe&ved=0CAIQjRxqFwoTCJjNxKW3zOcCFQAAAAAdAAAAABAJ", "mps_est_elevation_end_m": "-24.0", "mps_est_elevation_start_m": "-42.0", "mps_est_length_km": "17.1263722945626", "mps_est_shore_status": "OFFSHORE", "mps_uuid": "441da638-12ef-47b1-a9c5-e4c8c51561e4", "name": "ASABO - USARI", "status": "OPERATIONAL", "updt": "Aug 17, 2022 11:19:35 AM"}}, {"type": "Feature", "id": "mps_mapping_pipeline.c1c2f706-9a7e-4631-8b32-afae27ab55c9", "geometry": {"type": "LineString", "coordinates": [[7.802461148019268, 4.268739891017751], [7.649920420581696, 4.31751466906989]]}, "properties": {"admin_area_name": "Nigeria", "fluid": "OIL", "mps_created_time": "Jan 1, 1900 12:00:00 AM", "mps_datasource_tags": "Inferred from satellite imagery and NG oil spill data.", "mps_est_elevation_end_m": "-10.0", "mps_est_elevation_start_m": "-25.0", "mps_est_length_km": "17.7716409885802", "mps_est_shore_status": "OFFSHORE", "mps_uuid": "c1c2f706-9a7e-4631-8b32-afae27ab55c9", "name": "OSO - EDOP 2", "status": "OPERATIONAL", "updt": "Aug 17, 2022 11:19:37 AM"}}, {"type": "Feature", "id": "mps_mapping_pipeline.1fa6672e-9f04-4814-a769-1690ea0d6c6c", "geometry": {"type": "LineString", "coordinates": [[7.148986088068182, 4.491101298513986], [7.159109688068182, 4.487752998513986], [7.165487088068182, 4.482492298513986]]}, "properties": {"admin_area_name": "Nigeria", "fluid": "OIL", "mps_created_time": "Jun 30, 2021 2:18:37 PM", "mps_datasource_tags": "Data derived from San Leon Annual Report, 2021, (https://www.sanleonenergy.com/wp-content/uploads/2021/06/2994-San-Leon_AR20_web.pdf)", "mps_est_elevation_end_m": "7.0", "mps_est_elevation_start_m": "3.0", "mps_est_length_km": "2.09911833269743", "mps_est_shore_status": "BOTH", "mps_uuid": "1fa6672e-9f04-4814-a769-1690ea0d6c6c", "name": "NCTL SPUR", "status": "OPERATIONAL", "updt": "Aug 17, 2022 12:29:30 PM"}}, {"type": "Feature", "id": "mps_mapping_pipeline.60605bda-f5ef-4950-9b6a-9200af6b0fc6", "geometry": {"type": "LineString", "coordinates": [[7.0472145, 4.552129], [7.054886, 4.5529356], [7.0585527, 4.551262], [7.0588717, 4.5482326], [7.0599875, 4.546638], [7.058792, 4.545363], [7.0566397, 4.5449643]]}, "properties": {"admin_area_name": "Nigeria", "fluid": "OIL", "mps_created_time": "Jun 30, 2021 2:18:44 PM", "mps_datasource_tags": "Data derived from San Leon Annual Report, 2021, (https://www.sanleonenergy.com/wp-content/uploads/2021/06/2994-San-Leon_AR20_web.pdf)", "mps_est_elevation_end_m": "1.0", "mps_est_elevation_start_m": "4.0", "mps_est_length_km": "2.29177696767109", "mps_est_shore_status": "ONSHORE", "mps_uuid": "60605bda-f5ef-4950-9b6a-9200af6b0fc6", "name": "CAWTHORNE CHANNEL COMPLEX 7", "status": "OPERATIONAL", "updt": "Aug 17, 2022 12:29:31 PM"}}, {"type": "Feature", "id": "mps_mapping_pipeline.cc475546-3964-4bc9-9ad5-78c971583abe", "geometry": {"type": "LineString", "coordinates": [[6.883538, 4.5488105], [6.8945384, 4.5476546], [6.8959336, 4.5530353], [6.8978066, 4.554311], [6.8980856, 4.5547495]]}, "properties": {"admin_area_name": "Nigeria", "fluid": "OIL", "mps_created_time": "Jun 30, 2021 2:18:50 PM", "mps_datasource_tags": "Data derived from San Leon Annual Report, 2021, (https://www.sanleonenergy.com/wp-content/uploads/2021/06/2994-San-Leon_AR20_web.pdf)", "mps_est_elevation_end_m": "8.0", "mps_est_elevation_start_m": "7.0", "mps_est_length_km": "2.15095086932698", "mps_est_shore_status": "ONSHORE", "mps_uuid": "cc475546-3964-4bc9-9ad5-78c971583abe", "name": "KRAKAM FIELD SPUR 6", "status": "OPERATIONAL", "updt": "Aug 17, 2022 12:29:33 PM"}}, {"type": "Feature", "id": "mps_mapping_pipeline.478a636f-3448-44dc-9731-5854657bd7db", "geometry": {"type": "LineString", "coordinates": [[7.33017, 4.8152285], [7.3295903, 4.8148885], [7.3288, 4.8147783], [7.32873, 4.815388], [7.3283, 4.818728], [7.3281302, 4.819908], [7.32809, 4.820218], [7.32776, 4.8227677], [7.32757, 4.8241577], [7.3274703, 4.8249774], [7.32741, 4.8254175], [7.32735, 4.8259172], [7.32527, 4.825897], [7.32383, 4.8259573], [7.32025, 4.8260074], [7.3173, 4.8260174], [7.3114996, 4.826077], [7.3078, 4.826117], [7.3013897, 4.826217], [7.2984195, 4.8262672], [7.2947693, 4.826357], [7.2927194, 4.826387], [7.2857795, 4.826467], [7.2797494, 4.826327], [7.2793193, 4.826287], [7.279159, 4.826337], [7.273169, 4.831436], [7.268119, 4.8359957], [7.2522383, 4.850674], [7.2523484, 4.8508644]]}, "properties": {"admin_area_name": "Nigeria", "fluid": "GAS", "mps_created_time": "Sep 8, 2021 12:13:31 PM", "mps_datasource_tags": "Data derived from Shell World Map, 2019, (https://reports.shell.com/investors-handbook/2019/servicepages/worldmap.php). Last Accessed Jan 2021", "mps_est_elevation_end_m": "29.0", "mps_est_elevation_start_m": "25.0", "mps_est_length_km": "10.7975935848981", "mps_est_shore_status": "ONSHORE", "mps_uuid": "478a636f-3448-44dc-9731-5854657bd7db", "name": "NIGERIA PIPELINE", "status": "OPERATIONAL", "updt": "May 28, 2025 9:01:29 PM"}}, {"type": "Feature", "id": "mps_mapping_pipeline.dbff2d0e-d094-447c-a20b-7adc750523af", "geometry": {"type": "LineString", "coordinates": [[7.084719, 4.660591], [7.081929, 4.657881], [7.0728817, 4.6577616], [7.071287, 4.6570044], [7.065827, 4.6566057], [7.0751534, 4.6661716], [7.061383, 4.6600933]]}, "properties": {"admin_area_name": "Nigeria", "fluid": "OIL", "mps_created_time": "Jun 30, 2021 2:18:40 PM", "mps_datasource_tags": "Data derived from San Leon Annual Report, 2021, (https://www.sanleonenergy.com/wp-content/uploads/2021/06/2994-San-Leon_AR20_web.pdf)", "mps_est_elevation_end_m": "3.0", "mps_est_elevation_start_m": "4.0", "mps_est_length_km": "5.38691644091202", "mps_est_shore_status": "ONSHORE", "mps_uuid": "dbff2d0e-d094-447c-a20b-7adc750523af", "name": "ALAKIRI SPUR 6", "status": "OPERATIONAL", "updt": "Aug 17, 2022 12:29:31 PM"}}, {"type": "Feature", "id": "mps_mapping_pipeline.a14ae8c9-c1b8-4c35-a985-85b31e813d31", "geometry": {"type": "LineString", "coordinates": [[6.9779625, 4.933424], [6.9779425, 4.933304], [6.9779425, 4.933294], [6.9779425, 4.9332843], [6.9779425, 4.9332743], [6.9779325, 4.933244], [6.9779325, 4.933234], [6.9779325, 4.933214], [6.9779224, 4.933184], [6.9779224, 4.933164], [6.9778824, 4.933094], [6.9778423, 4.933004], [6.9777923, 4.9329042], [6.977752, 4.932814], [6.977702, 4.932714], [6.9776525, 4.9326243], [6.9776025, 4.932524], [6.9775624, 4.932434], [6.9775124, 4.932334], [6.9774623, 4.9322443], [6.977412, 4.932144], [6.977362, 4.932044], [6.977312, 4.9319544], [6.9772625, 4.9318542], [6.9772224, 4.931754], [6.9771724, 4.931664], [6.9771223, 4.9315643], [6.9770823, 4.931474], [6.977042, 4.931394], [6.976992, 4.9312944], [6.9769526, 4.9312143], [6.9769025, 4.931124], [6.9768624, 4.931034], [6.9768124, 4.9309444], [6.9767723, 4.9308543], [6.9767222, 4.930754], [6.976672, 4.930664], [6.976622, 4.9305644], [6.9765825, 4.9304743], [6.9765425, 4.930394], [6.9764924, 4.9303045], [6.9764423, 4.9302144], [6.9764023, 4.9301143], [6.976362, 4.930034], [6.976312, 4.9299445], [6.976262, 4.9298444], [6.9762125, 4.9297543], [6.9761724, 4.929664], [6.9761224, 4.9295645], [6.9760723, 4.9294643], [6.9760222, 4.929374], [6.975972, 4.9292746], [6.975922, 4.9291844], [6.9758725, 4.9290843], [6.9758224, 4.9289846], [6.9757824, 4.9288945], [6.9757223, 4.9287944], [6.9756722, 4.9287043], [6.975632, 4.9286046], [6.975582, 4.9285045], [6.9755325, 4.9284143], [6.9754825, 4.9283147], [6.9754324, 4.9282246], [6.9753823, 4.9281244], [6.9753423, 4.9280443], [6.975292, 4.9279547], [6.975242, 4.9278545], [6.975202, 4.9277544], [6.9751525, 4.927675], [6.9751024, 4.9275746], [6.9750724, 4.9275045], [6.9750524, 4.9274845], [6.9750123, 4.9273844], [6.974962, 4.9272847], [6.974912, 4.9271946], [6.974592, 4.926625], [6.9751725, 4.926295], [6.975262, 4.9262347], [6.9753523, 4.9261746], [6.9754424, 4.9261146], [6.9755325, 4.9260645], [6.975622, 4.926005], [6.9757123, 4.925945], [6.9757924, 4.9258847], [6.9758224, 4.9258747], [6.9758725, 4.9258347], [6.975962, 4.9257746], [6.9760523, 4.9257145], [6.9761424, 4.925655], [6.9762325, 4.925595], [6.976322, 4.9255347], [6.9764123, 4.9254746], [6.9765024, 4.9254146], [6.9765925, 4.925365], [6.976682, 4.925305], [6.9767723, 4.925245], [6.9768624, 4.9251847], [6.9769526, 4.9251246], [6.977012, 4.9250746], [6.977042, 4.9250646], [6.9771323, 4.925005], [6.9772124, 4.924945], [6.9773026, 4.924885], [6.977392, 4.9248247], [6.9774823, 4.9247646], [6.9775724, 4.924705], [6.9776626, 4.924645], [6.977742, 4.924585], [6.9778423, 4.924525], [6.9779325, 4.9244647], [6.9780126, 4.9244146], [6.978102, 4.924355], [6.9781923, 4.924295], [6.9782825, 4.924235], [6.9783726, 4.924175], [6.978462, 4.9241247], [6.9785523, 4.924065], [6.9786425, 4.924005], [6.9787226, 4.923955], [6.978812, 4.923895], [6.9789023, 4.923835], [6.9789925, 4.9237747], [6.9790826, 4.923715], [6.979172, 4.923655], [6.9792624, 4.923595], [6.9793525, 4.923535], [6.9794426, 4.923475], [6.9795322, 4.923425], [6.9796224, 4.923365], [6.9797125, 4.923305], [6.9798026, 4.923245], [6.9798923, 4.923185], [6.9799824, 4.923125], [6.9800725, 4.923065], [6.9801626, 4.923005], [6.9802523, 4.922945], [6.9803424, 4.922895], [6.9804325, 4.922835], [6.9805226, 4.9227753], [6.9806123, 4.922715], [6.9807024, 4.922655], [6.9807925, 4.922605], [6.9808826, 4.922545], [6.9809723, 4.922485], [6.9810624, 4.9224253], [6.9811525, 4.922365], [6.9812326, 4.922305], [6.9813223, 4.922245], [6.9813724, 4.922215], [6.9814625, 4.922155], [6.9815526, 4.9221053], [6.9816427, 4.922045], [6.9817324, 4.921985], [6.9818225, 4.921925], [6.9819126, 4.921865], [6.9820027, 4.921805], [6.9820924, 4.9217453], [6.9821825, 4.921695], [6.9822726, 4.921635], [6.9823627, 4.921575], [6.9824524, 4.921515], [6.9825425, 4.9214554], [6.9826326, 4.9213953], [6.9827228, 4.921345], [6.9828124, 4.921285], [6.9829025, 4.921225], [6.9829926, 4.921165], [6.983083, 4.9211054], [6.9831724, 4.9210453], [6.9832625, 4.920995], [6.9833527, 4.920935], [6.983443, 4.920875], [6.9835224, 4.9208155], [6.9836125, 4.9207554], [6.9837027, 4.9206953], [6.983793, 4.920635], [6.9838824, 4.920575], [6.9839725, 4.920525], [6.9840627, 4.9204655], [6.984153, 4.9204054], [6.9842424, 4.9203453], [6.9843326, 4.920285], [6.9844227, 4.920225], [6.984513, 4.9201655], [6.9845924, 4.9201155], [6.9846826, 4.9200554], [6.9847727, 4.9199953], [6.984863, 4.9199452], [6.9849424, 4.919885], [6.9850426, 4.9198256], [6.9851227, 4.9197655], [6.985213, 4.9197054], [6.9853024, 4.9196453], [6.9853926, 4.919585], [6.9854827, 4.919525], [6.985563, 4.9194756], [6.9856524, 4.9194155], [6.9857225, 4.9193654], [6.9858127, 4.9193053], [6.985903, 4.9192452], [6.9859924, 4.9191957], [6.9860826, 4.9191356], [6.9861727, 4.9190755], [6.986263, 4.9190154], [6.9863524, 4.9189553], [6.9864526, 4.9188952], [6.9865427, 4.9188457], [6.986633, 4.9187856], [6.9867225, 4.9187255], [6.9868126, 4.9186654], [6.9869027, 4.9186053], [6.986993, 4.9185452], [6.9870825, 4.9184957], [6.9871726, 4.9184356], [6.9872627, 4.9183755], [6.987353, 4.9183154], [6.9874425, 4.9182553], [6.9875326, 4.9181957], [6.9876227, 4.9181356], [6.987713, 4.9180756], [6.9878025, 4.9180155], [6.9878826, 4.9179654], [6.9879827, 4.9179053], [6.988043, 4.9178557], [6.9881325, 4.9177957], [6.9882226, 4.9177356], [6.9883127, 4.9176855], [6.988403, 4.9176254], [6.9884925, 4.917566], [6.9885826, 4.9175057], [6.9886727, 4.9174457], [6.988763, 4.9173856], [6.9888525, 4.9173255], [6.9889426, 4.9172754], [6.9890227, 4.917216], [6.989113, 4.9171557], [6.9892025, 4.9170856], [6.9892826, 4.9170256], [6.9893727, 4.9169755], [6.989463, 4.916916], [6.9895525, 4.916856], [6.9896426, 4.9167957], [6.9897327, 4.9167356], [6.989823, 4.9166756], [6.9899125, 4.9166155], [6.9900026, 4.916556], [6.9900928, 4.916496], [6.990183, 4.9164357], [6.9902725, 4.9163756], [6.9903626, 4.9163156], [6.9904428, 4.916266], [6.990533, 4.916206], [6.9906125, 4.916146], [6.9907026, 4.9160857], [6.9907928, 4.9160256], [6.990883, 4.9159756], [6.9909725, 4.915906], [6.9910626, 4.915846], [6.991153, 4.915786], [6.991243, 4.9157257], [6.9913325, 4.9156756], [6.9914227, 4.9156156], [6.991513, 4.915556], [6.991603, 4.915496], [6.9916925, 4.915436], [6.9917827, 4.9153757], [6.991863, 4.9153156], [6.991953, 4.915256], [6.9920425, 4.915196], [6.9921327, 4.915146], [6.992223, 4.915086], [6.992313, 4.9150257], [6.9924026, 4.9149656], [6.9924827, 4.914906], [6.992583, 4.914846], [6.992663, 4.914786], [6.9927526, 4.914726], [6.9928427, 4.9146757], [6.992933, 4.914616], [6.993023, 4.914556], [6.9931126, 4.914496], [6.9931927, 4.914436], [6.993283, 4.914376], [6.993373, 4.9143157], [6.993463, 4.914256], [6.9935527, 4.914206], [6.993633, 4.914146], [6.993723, 4.914086], [6.993813, 4.914026], [6.9939027, 4.913966], [6.993983, 4.913916], [6.994073, 4.913856], [6.994163, 4.913796], [6.9942427, 4.913746], [6.994333, 4.913686], [6.994423, 4.913626], [6.994503, 4.913576], [6.994533, 4.913576], [6.996663, 4.915076], [6.9967227, 4.915126], [6.996813, 4.915186], [6.996893, 4.915256], [6.996983, 4.915316], [6.9970727, 4.9153757], [6.997153, 4.915436], [6.997233, 4.915486], [6.997283, 4.915526], [6.997373, 4.915586], [6.9974527, 4.915646], [6.997723, 4.915836], [6.9978127, 4.915896], [6.997893, 4.915956], [6.997983, 4.9160256], [6.998073, 4.9160857], [6.9981627, 4.916146], [6.998243, 4.916206], [6.998333, 4.916276], [6.998423, 4.9163356], [6.9985127, 4.9163957], [6.998593, 4.9164557], [6.998683, 4.916516], [6.998773, 4.916586], [6.9988527, 4.916646], [6.998943, 4.9167056], [6.999033, 4.9167657], [6.999123, 4.916826], [6.9992027, 4.916896], [6.999293, 4.916956], [6.999383, 4.9170156], [6.999463, 4.9170756], [6.9995527, 4.9171357], [6.999643, 4.917196], [6.999733, 4.917256], [6.999813, 4.9173255], [6.9999027, 4.9173856], [6.999983, 4.9174457], [7.000073, 4.9175057], [7.000163, 4.917566], [7.0002427, 4.917626], [7.000333, 4.9176955], [7.000423, 4.9177556], [7.000513, 4.9178157], [7.0006027, 4.917876], [7.000683, 4.917936], [7.000773, 4.9179955], [7.000863, 4.9180655], [7.0009427, 4.9181256], [7.001033, 4.9181857], [7.001123, 4.918246], [7.001163, 4.918276], [7.001253, 4.9183354], [7.0013328, 4.9183955], [7.001423, 4.9184556], [7.001503, 4.9185157], [7.001593, 4.918576], [7.0016727, 4.918636], [7.001763, 4.9186954], [7.001853, 4.9187655], [7.001943, 4.9188256], [7.0020328, 4.9188857], [7.002123, 4.918946], [7.002203, 4.9190054], [7.002303, 4.9190655], [7.002333, 4.9190955], [7.0023627, 4.9191456], [7.002423, 4.9192357], [7.002463, 4.9193254], [7.002513, 4.9194255], [7.002563, 4.9195256], [7.002613, 4.9196258], [7.002663, 4.9197154], [7.0027127, 4.9198055], [7.002753, 4.9198956], [7.002803, 4.9199953], [7.002853, 4.9200854], [7.002923, 4.9201956], [7.002963, 4.9202857], [7.003013, 4.9203753], [7.0030527, 4.9204655], [7.003103, 4.9205656], [7.003153, 4.9206553], [7.003203, 4.9207554], [7.003233, 4.9207954], [7.003273, 4.9208255], [7.003363, 4.9208856], [7.003443, 4.9209456], [7.003523, 4.9210153], [7.003573, 4.9210453], [7.003613, 4.9210753], [7.003703, 4.9211454], [7.0037827, 4.9212055], [7.003803, 4.9212155], [7.003843, 4.9212456], [7.003873, 4.9212956], [7.003913, 4.9213753], [7.003963, 4.9214654], [7.004013, 4.9215655], [7.004063, 4.921655], [7.0041127, 4.9217553], [7.004163, 4.9218454], [7.004213, 4.9219456], [7.004263, 4.922035], [7.004313, 4.9221354], [7.004373, 4.9222355], [7.004423, 4.922325], [7.0044727, 4.9224153], [7.004523, 4.9225154], [7.004573, 4.9226155], [7.004623, 4.922705], [7.004673, 4.9227953], [7.004723, 4.9228954], [7.004773, 4.922985], [7.0048227, 4.923085], [7.004873, 4.9231753], [7.004923, 4.9232655], [7.004973, 4.923365], [7.005033, 4.923455], [7.005083, 4.9235554], [7.005133, 4.923645], [7.0051827, 4.923745], [7.005233, 4.9238353], [7.005283, 4.9239354], [7.005333, 4.924025], [7.005383, 4.924115], [7.005433, 4.9242153], [7.005483, 4.924305], [7.0055327, 4.924405], [7.005583, 4.924495], [7.005633, 4.9245954], [7.005663, 4.924645], [7.005713, 4.924735], [7.005763, 4.924835], [7.005813, 4.924935], [7.0058627, 4.925025], [7.005913, 4.925115], [7.005963, 4.9252152], [7.006023, 4.925305], [7.006063, 4.925405], [7.006123, 4.925495], [7.006173, 4.925595], [7.0062227, 4.925685], [7.006273, 4.925785], [7.006323, 4.925875], [7.006373, 4.925965], [7.006423, 4.926065], [7.006473, 4.926155], [7.006523, 4.926245], [7.0065727, 4.926345], [7.006623, 4.926435], [7.006673, 4.926535], [7.006723, 4.926635], [7.006773, 4.926725], [7.006823, 4.926815], [7.006873, 4.9269147], [7.0069227, 4.927005], [7.006963, 4.927085], [7.007013, 4.927185], [7.007063, 4.9272747], [7.007113, 4.927375], [7.007163, 4.927465], [7.007213, 4.927565], [7.0072627, 4.9276547], [7.0073028, 4.927735], [7.007353, 4.927825], [7.007403, 4.9279246], [7.007453, 4.9280148], [7.007503, 4.928115], [7.007553, 4.928205], [7.007603, 4.9282947], [7.0076528, 4.928395], [7.007703, 4.928485], [7.007753, 4.9285846], [7.007803, 4.9286747], [7.007853, 4.928775], [7.007903, 4.928865], [7.0079627, 4.9289646], [7.008013, 4.9290547], [7.008063, 4.929155], [7.008113, 4.9292445], [7.008193, 4.9294047], [7.008213, 4.929435], [7.008263, 4.929535], [7.0083127, 4.9296246], [7.0083528, 4.9297147], [7.008403, 4.929815], [7.008453, 4.9299045], [7.008513, 4.9299946], [7.008563, 4.9300947], [7.008613, 4.930185], [7.0086627, 4.9302845], [7.008713, 4.9303746], [7.008763, 4.9304748], [7.008813, 4.9305644], [7.008863, 4.9306545], [7.008913, 4.9307547], [7.008963, 4.930845], [7.0090127, 4.9309444], [7.009063, 4.9310346], [7.009113, 4.9311347], [7.009163, 4.9312243], [7.009213, 4.9313245], [7.009263, 4.9314146], [7.009313, 4.9315047], [7.0093627, 4.9316044], [7.009413, 4.9317045], [7.009463, 4.9317946], [7.009513, 4.9318843], [7.009563, 4.9319844], [7.009613, 4.9320745], [7.009663, 4.9321747], [7.0097227, 4.9322643], [7.009763, 4.9323545], [7.009793, 4.9324045], [7.009813, 4.9324446], [7.009853, 4.9325247], [7.009863, 4.932534], [7.009873, 4.932534], [7.009903, 4.932534], [7.009933, 4.932534], [7.010043, 4.9325247], [7.010153, 4.9325147], [7.010253, 4.9325047], [7.010363, 4.9324946], [7.0104628, 4.9324846], [7.010573, 4.9324746], [7.010673, 4.9324646], [7.0107827, 4.9324546], [7.010893, 4.9324446], [7.010993, 4.9324346], [7.011103, 4.9324245], [7.011213, 4.9324145], [7.011313, 4.9324045], [7.011423, 4.9323945], [7.011533, 4.9323845], [7.011633, 4.9323745], [7.011743, 4.9323645], [7.0118527, 4.9323645], [7.011953, 4.9323545], [7.012063, 4.9323444], [7.012173, 4.9323344], [7.012273, 4.9323244], [7.012383, 4.9323144], [7.012493, 4.9323044], [7.012593, 4.9322944], [7.012703, 4.9322844], [7.012813, 4.9322743], [7.012913, 4.9322643], [7.013023, 4.9322443], [7.013123, 4.9322343], [7.013233, 4.9322243], [7.013343, 4.9322147], [7.013443, 4.9322047], [7.013553, 4.9322047], [7.013663, 4.9321947], [7.013763, 4.9321847], [7.013873, 4.9321747], [7.013973, 4.9321647], [7.014083, 4.9321547], [7.014193, 4.9321446], [7.014293, 4.9321446], [7.014373, 4.9321346], [7.014473, 4.9321246], [7.014583, 4.9321146], [7.014603, 4.9321146], [7.014603, 4.9320946], [7.014593, 4.9319944], [7.014583, 4.931885], [7.014573, 4.9318347], [7.014563, 4.9317346], [7.014553, 4.9316244], [7.014533, 4.9315248], [7.014523, 4.9314146], [7.014513, 4.9313145], [7.014513, 4.9313045], [7.014513, 4.9312944], [7.014513, 4.9312644], [7.014513, 4.9312544], [7.014503, 4.931225], [7.014503, 4.931215], [7.014493, 4.9310546]]}, "properties": {"admin_area_name": "Nigeria", "fluid": "GAS", "mps_created_time": "Sep 8, 2021 12:13:16 PM", "mps_datasource_tags": "Data derived from Shell World Map, 2019, (https://reports.shell.com/investors-handbook/2019/servicepages/worldmap.php). Last Accessed Jan 2021", "mps_est_elevation_end_m": "25.0", "mps_est_elevation_start_m": "26.0", "mps_est_length_km": "6.9045697928776", "mps_est_shore_status": "ONSHORE", "mps_uuid": "a14ae8c9-c1b8-4c35-a985-85b31e813d31", "name": "NIGERIA PIPELINE", "status": "OPERATIONAL", "updt": "May 28, 2025 9:01:21 PM"}}, {"type": "Feature", "id": "mps_mapping_pipeline.0d0e326c-1a5f-431e-bed8-c59d563c3d4d", "geometry": {"type": "LineString", "coordinates": [[6.9642196, 4.5504246], [6.9665713, 4.5526366], [6.9727693, 4.552537], [6.9738255, 4.552577]]}, "properties": {"admin_area_name": "Nigeria", "fluid": "OIL", "mps_created_time": "Jun 30, 2021 2:18:39 PM", "mps_datasource_tags": "Data derived from San Leon Annual Report, 2021, (https://www.sanleonenergy.com/wp-content/uploads/2021/06/2994-San-Leon_AR20_web.pdf)", "mps_est_elevation_end_m": "26.0", "mps_est_elevation_start_m": "2.0", "mps_est_length_km": "1.16285783532994", "mps_est_shore_status": "ONSHORE", "mps_uuid": "0d0e326c-1a5f-431e-bed8-c59d563c3d4d", "name": "CAWTHORNE CHANNEL COMPLEX 10", "status": "OPERATIONAL", "updt": "Aug 17, 2022 12:29:31 PM"}}, {"type": "Feature", "id": "mps_mapping_pipeline.18f28253-4058-47a6-813e-f897cb8808b4", "geometry": {"type": "LineString", "coordinates": [[7.031131, 4.5359564], [7.0348377, 4.529818], [7.030134, 4.5260715]]}, "properties": {"admin_area_name": "Nigeria", "fluid": "OIL", "mps_created_time": "Jun 30, 2021 2:18:48 PM", "mps_datasource_tags": "Data derived from San Leon Annual Report, 2021, (https://www.sanleonenergy.com/wp-content/uploads/2021/06/2994-San-Leon_AR20_web.pdf)", "mps_est_elevation_end_m": "6.0", "mps_est_elevation_start_m": "14.0", "mps_est_length_km": "1.46011974247004", "mps_est_shore_status": "ONSHORE", "mps_uuid": "18f28253-4058-47a6-813e-f897cb8808b4", "name": "AKASO TO CAWTHORNE CHANNEL SPUR", "status": "OPERATIONAL", "updt": "Aug 17, 2022 12:29:32 PM"}}, {"type": "Feature", "id": "mps_mapping_pipeline.213df1ac-b27f-475a-86e5-c2c374ef1437", "geometry": {"type": "LineString", "coordinates": [[6.8272986, 4.644349], [6.82411, 4.6372547], [6.8104787, 4.6296816], [6.79892, 4.6048903], [6.7939777, 4.595803], [6.771099, 4.5605683], [6.7663164, 4.5566626], [6.763606, 4.5480533]]}, "properties": {"admin_area_name": "Nigeria", "fluid": "OIL", "mps_created_time": "Jun 30, 2021 2:18:42 PM", "mps_datasource_tags": "Data derived from San Leon Annual Report, 2021, (https://www.sanleonenergy.com/wp-content/uploads/2021/06/2994-San-Leon_AR20_web.pdf)", "mps_est_elevation_end_m": "9.0", "mps_est_elevation_start_m": "8.0", "mps_est_length_km": "13.0939858629259", "mps_est_shore_status": "BOTH", "mps_uuid": "213df1ac-b27f-475a-86e5-c2c374ef1437", "name": "JOKKA - IDAMA CONNECTION", "status": "OPERATIONAL", "updt": "Aug 17, 2022 12:29:31 PM"}}, {"type": "Feature", "id": "mps_mapping_pipeline.9b3aed0c-cf21-4c92-8a89-5159046d76f7", "geometry": {"type": "LineString", "coordinates": [[6.977177, 4.5591717], [6.9785886, 4.562342], [6.9995537, 4.562581], [7.0113144, 4.5560284], [7.0304832, 4.5577188], [7.0385046, 4.558516], [7.0414143, 4.558755], [7.0566297, 4.559552], [7.059659, 4.559791], [7.0654783, 4.5664873], [7.0756917, 4.566328]]}, "properties": {"admin_area_name": "Nigeria", "fluid": "GAS", "mps_created_time": "Jun 30, 2021 2:18:50 PM", "mps_datasource_tags": "Data derived from San Leon Annual Report, 2021, (https://www.sanleonenergy.com/wp-content/uploads/2021/06/2994-San-Leon_AR20_web.pdf)", "mps_est_elevation_end_m": "3.0", "mps_est_elevation_start_m": "5.0", "mps_est_length_km": "11.7011179851181", "mps_est_shore_status": "BOTH", "mps_uuid": "9b3aed0c-cf21-4c92-8a89-5159046d76f7", "name": "CAWTHORNE CHANNEL TO GTS 4", "status": "OPERATIONAL", "updt": "Aug 17, 2022 12:29:33 PM"}}, {"type": "Feature", "id": "mps_mapping_pipeline.2c28f620-b20e-4131-adc1-2a65866a5d0d", "geometry": {"type": "LineString", "coordinates": [[7.141057, 4.7804], [7.141237, 4.7801595], [7.142517, 4.7811894], [7.143037, 4.7828894], [7.144207, 4.7826996], [7.144327, 4.7832294], [7.147377, 4.7840695], [7.149827, 4.784819], [7.150297, 4.788519], [7.150577, 4.790629], [7.150327, 4.7926087], [7.150977, 4.7942586], [7.151307, 4.7968383], [7.151807, 4.800918], [7.152257, 4.8046274], [7.153087, 4.811517], [7.153097, 4.811557], [7.153377, 4.8138566], [7.153717, 4.8167067], [7.1541567, 4.8203063], [7.155717, 4.833235], [7.1572366, 4.845664], [7.1575065, 4.8478036], [7.1580167, 4.852063], [7.158077, 4.8522835], [7.1616764, 4.854623], [7.1633267, 4.855703], [7.1642566, 4.8563128], [7.164147, 4.856893], [7.1636167, 4.8580227], [7.163357, 4.858503], [7.1625967, 4.8598127], [7.1614566, 4.8618426], [7.1620064, 4.8624225], [7.1622868, 4.8627825], [7.1632566, 4.8637323], [7.1641665, 4.864642], [7.1655865, 4.866052], [7.1668167, 4.867312], [7.1677966, 4.868312], [7.1694264, 4.8699718], [7.1714067, 4.8719616], [7.1726766, 4.8733215], [7.1725864, 4.877081], [7.1724668, 4.879891], [7.1723766, 4.881001], [7.1720867, 4.8811307], [7.1720166, 4.8822007], [7.1718764, 4.882301], [7.1717668, 4.88528], [7.1719666, 4.8871703], [7.1723766, 4.88796], [7.1737766, 4.88991], [7.1740165, 4.8902597], [7.1760364, 4.89318], [7.1766963, 4.8940997], [7.1782465, 4.8962994], [7.1793966, 4.897939], [7.1807065, 4.8997793], [7.1823564, 4.902109], [7.1833963, 4.903599], [7.1834564, 4.903779], [7.1834764, 4.903979], [7.1840963, 4.9049187], [7.1842365, 4.9049587], [7.1844964, 4.910858], [7.1845765, 4.9165077], [7.1846166, 4.9190173], [7.184316, 4.9228573], [7.184676, 4.927167], [7.1847463, 4.931916], [7.1848063, 4.935536], [7.1848564, 4.938246], [7.184906, 4.9418755], [7.184976, 4.946395], [7.185026, 4.9500146], [7.1850963, 4.954534], [7.185156, 4.959064], [7.185206, 4.9626837], [7.185246, 4.965393], [7.1853857, 4.9690127], [7.1853557, 4.9726324], [7.186526, 4.9749026], [7.186656, 4.976252], [7.186626, 4.978972], [7.182036, 4.978972], [7.1801558, 4.978992], [7.1801457, 4.979132], [7.1774855, 4.9791718], [7.1771755, 4.979322], [7.1753855, 4.980252], [7.1738257, 4.981012], [7.1728454, 4.9815216], [7.1727157, 4.9815817], [7.1725755, 4.9815717], [7.172086, 4.981322], [7.171736, 4.9811416], [7.1716957, 4.9810815], [7.1713057, 4.9808817], [7.1712756, 4.9809217], [7.1709056, 4.9807415], [7.1708255, 4.980702], [7.1703954, 4.9807715], [7.1703057, 4.9808517], [7.1698055, 4.981302], [7.1692653, 4.9818015], [7.1686854, 4.9823318], [7.168175, 4.9828215], [7.1677155, 4.9832516], [7.1675854, 4.9833813]]}, "properties": {"admin_area_name": "Nigeria", "fluid": "OIL", "mps_created_time": "Sep 8, 2021 12:13:20 PM", "mps_datasource_tags": "Data derived from Shell World Map, 2019, (https://reports.shell.com/investors-handbook/2019/servicepages/worldmap.php). Last Accessed Jan 2021", "mps_est_elevation_end_m": "22.0", "mps_est_elevation_start_m": "21.0", "mps_est_length_km": "26.5686370690272", "mps_est_shore_status": "ONSHORE", "mps_uuid": "2c28f620-b20e-4131-adc1-2a65866a5d0d", "name": "NIGERIA PIPELINE", "status": "OPERATIONAL", "updt": "May 28, 2025 9:01:23 PM"}}, {"type": "Feature", "id": "mps_mapping_pipeline.484d3991-610d-4d82-851f-d6694b4c0966", "geometry": {"type": "LineString", "coordinates": [[7.063914, 4.6468005], [7.0765886, 4.64688], [7.0808134, 4.649192]]}, "properties": {"admin_area_name": "Nigeria", "fluid": "OIL", "mps_created_time": "Jun 30, 2021 2:18:34 PM", "mps_datasource_tags": "Data derived from San Leon Annual Report, 2021, (https://www.sanleonenergy.com/wp-content/uploads/2021/06/2994-San-Leon_AR20_web.pdf)", "mps_est_elevation_end_m": "4.0", "mps_est_elevation_start_m": "3.0", "mps_est_length_km": "1.94030393995866", "mps_est_shore_status": "ONSHORE", "mps_uuid": "484d3991-610d-4d82-851f-d6694b4c0966", "name": "ALAKIRI SPUR 4", "status": "OPERATIONAL", "updt": "Aug 17, 2022 12:29:30 PM"}}, {"type": "Feature", "id": "mps_mapping_pipeline.ad59655c-b0ef-4a95-b2b1-e6759a525bbd", "geometry": {"type": "LineString", "coordinates": [[6.9112387, 4.562402], [6.9035063, 4.5637174], [6.9035864, 4.559094], [6.9011946, 4.5541115], [6.900876, 4.5533943]]}, "properties": {"admin_area_name": "Nigeria", "fluid": "OIL", "mps_created_time": "Jun 30, 2021 2:18:40 PM", "mps_datasource_tags": "Data derived from San Leon Annual Report, 2021, (https://www.sanleonenergy.com/wp-content/uploads/2021/06/2994-San-Leon_AR20_web.pdf)", "mps_est_elevation_end_m": "7.0", "mps_est_elevation_start_m": "5.0", "mps_est_length_km": "2.08003840765952", "mps_est_shore_status": "ONSHORE", "mps_uuid": "ad59655c-b0ef-4a95-b2b1-e6759a525bbd", "name": "KRAKAM FIELD SPUR 5", "status": "OPERATIONAL", "updt": "Aug 17, 2022 12:29:31 PM"}}, {"type": "Feature", "id": "mps_mapping_pipeline.4de4e097-b216-43bf-a54e-162163a0844f", "geometry": {"type": "LineString", "coordinates": [[6.977177, 4.5591717], [6.9642496, 4.5771093]]}, "properties": {"admin_area_name": "Nigeria", "fluid": "OIL", "mps_created_time": "Jun 30, 2021 2:18:47 PM", "mps_datasource_tags": "Data derived from San Leon Annual Report, 2021, (https://www.sanleonenergy.com/wp-content/uploads/2021/06/2994-San-Leon_AR20_web.pdf)", "mps_est_elevation_end_m": "70.0", "mps_est_elevation_start_m": "5.0", "mps_est_length_km": "2.44793831720438", "mps_est_shore_status": "ONSHORE", "mps_uuid": "4de4e097-b216-43bf-a54e-162163a0844f", "name": "NCTL - CAWTHORNE CHANNEL SPUR 1", "status": "OPERATIONAL", "updt": "Aug 17, 2022 12:29:32 PM"}}, {"type": "Feature", "id": "mps_mapping_pipeline.500f7a35-e072-45e3-a511-173da194f8b4", "geometry": {"type": "LineString", "coordinates": [[7.1177454, 4.894179], [7.1176553, 4.893969], [7.1162353, 4.8907495], [7.1162953, 4.8882093], [7.1164556, 4.8791604], [7.125166, 4.8720713], [7.1264157, 4.8684416], [7.133536, 4.861352], [7.133886, 4.861522], [7.137636, 4.853743], [7.1268764, 4.819426], [7.119966, 4.813516], [7.1127563, 4.804007]]}, "properties": {"admin_area_name": "Nigeria", "fluid": "GAS", "mps_created_time": "Sep 8, 2021 12:13:17 PM", "mps_datasource_tags": "Data derived from Shell World Map, 2019, (https://reports.shell.com/investors-handbook/2019/servicepages/worldmap.php). Last Accessed Jan 2021", "mps_est_elevation_end_m": "20.0", "mps_est_elevation_start_m": "26.0", "mps_est_length_km": "11.7832411217897", "mps_est_shore_status": "ONSHORE", "mps_uuid": "500f7a35-e072-45e3-a511-173da194f8b4", "name": "NIGERIA PIPELINE", "status": "OPERATIONAL", "updt": "May 28, 2025 9:01:22 PM"}}, {"type": "Feature", "id": "mps_mapping_pipeline.553cdbe1-d584-4f20-9925-2dd629c3171c", "geometry": {"type": "LineString", "coordinates": [[7.181606, 4.979612], [7.181616, 4.979152], [7.178876, 4.979132], [7.177436, 4.979222], [7.1726756, 4.9816217], [7.1707354, 4.9807615], [7.1704054, 4.9807916], [7.1673656, 4.9836016], [7.1692157, 4.9865413]]}, "properties": {"admin_area_name": "Nigeria", "fluid": "GAS", "mps_created_time": "Sep 8, 2021 12:13:28 PM", "mps_datasource_tags": "Data derived from Shell World Map, 2019, (https://reports.shell.com/investors-handbook/2019/servicepages/worldmap.php). Last Accessed Jan 2021", "mps_est_elevation_end_m": "22.0", "mps_est_elevation_start_m": "22.0", "mps_est_length_km": "2.22055460636896", "mps_est_shore_status": "ONSHORE", "mps_uuid": "553cdbe1-d584-4f20-9925-2dd629c3171c", "name": "NIGERIA PIPELINE", "status": "OPERATIONAL", "updt": "May 28, 2025 9:01:28 PM"}}, {"type": "Feature", "id": "mps_mapping_pipeline.715bf184-3aac-47b2-9d85-071d376f6d09", "geometry": {"type": "LineString", "coordinates": [[6.998923, 4.9115963], [6.998903, 4.9116764], [6.998813, 4.911756], [6.998713, 4.911836], [6.998713, 4.911846], [6.998733, 4.9119062], [6.998753, 4.9119263], [6.998763, 4.9119463], [6.998983, 4.9122763], [6.999343, 4.9130063], [6.999743, 4.913746], [7.0023427, 4.918646], [7.003483, 4.9208655], [7.006523, 4.926525], [7.009963, 4.9330244], [7.010263, 4.9336143], [7.018293, 4.948853], [7.018553, 4.949323], [7.022513, 4.9569325], [7.026313, 4.9640517], [7.026763, 4.9649415], [7.026343, 4.9663014], [7.0262527, 4.9668813], [7.0259027, 4.969261], [7.025653, 4.971181], [7.024163, 4.9812803], [7.0226727, 4.9915094], [7.0214424, 5.0000587], [7.0213523, 5.0005584], [7.021302, 5.0008082], [7.0203023, 5.007278], [7.0197725, 5.0079575], [7.020582, 5.008608], [7.0204225, 5.0088677]]}, "properties": {"admin_area_name": "Nigeria", "fluid": "OIL", "mps_created_time": "Sep 8, 2021 12:13:29 PM", "mps_datasource_tags": "Data derived from Shell World Map, 2019, (https://reports.shell.com/investors-handbook/2019/servicepages/worldmap.php). Last Accessed Jan 2021", "mps_est_elevation_end_m": "34.0", "mps_est_elevation_start_m": "23.0", "mps_est_length_km": "11.6652973467258", "mps_est_shore_status": "ONSHORE", "mps_uuid": "715bf184-3aac-47b2-9d85-071d376f6d09", "name": "NIGERIA PIPELINE", "status": "OPERATIONAL", "updt": "May 28, 2025 9:01:29 PM"}}, {"type": "Feature", "id": "mps_mapping_pipeline.1ef6943c-9588-419d-a4bb-026be2538e80", "geometry": {"type": "LineString", "coordinates": [[7.0365515, 4.545841], [7.0407763, 4.5535736]]}, "properties": {"admin_area_name": "Nigeria", "fluid": "OIL", "mps_created_time": "Jun 30, 2021 2:18:46 PM", "mps_datasource_tags": "Data derived from San Leon Annual Report, 2021, (https://www.sanleonenergy.com/wp-content/uploads/2021/06/2994-San-Leon_AR20_web.pdf)", "mps_est_elevation_end_m": "5.0", "mps_est_elevation_start_m": "6.0", "mps_est_length_km": "0.975174332684284", "mps_est_shore_status": "ONSHORE", "mps_uuid": "1ef6943c-9588-419d-a4bb-026be2538e80", "name": "CAWTHORNE CHANNEL COMPLEX 5", "status": "OPERATIONAL", "updt": "Aug 17, 2022 12:29:32 PM"}}, {"type": "Feature", "id": "mps_mapping_pipeline.4755ab70-778e-42db-8d1f-1f5395f75f5d", "geometry": {"type": "LineString", "coordinates": [[6.864207, 4.8504333], [6.89689, 4.8126483], [6.900238, 4.784429], [6.9202666, 4.751706], [6.9430256, 4.74497], [6.952113, 4.73648], [6.9604034, 4.73656], [6.9660234, 4.7347665], [6.9778214, 4.734886], [7.0157256, 4.720537], [7.023817, 4.712805], [7.027623, 4.6989546], [7.0439053, 4.6838284], [7.0440445, 4.657841], [7.0521755, 4.6403837], [7.0701118, 4.634086], [7.071148, 4.605787], [7.0756917, 4.566328], [7.0802355, 4.537949], [7.086055, 4.4705896], [7.1462398, 4.411441]]}, "properties": {"admin_area_name": "Nigeria", "fluid": "GAS", "mps_created_time": "Jun 30, 2021 2:18:47 PM", "mps_datasource_tags": "Data derived from San Leon Annual Report, 2021, (https://www.sanleonenergy.com/wp-content/uploads/2021/06/2994-San-Leon_AR20_web.pdf)", "mps_est_elevation_end_m": "7.0", "mps_est_elevation_start_m": "9.0", "mps_est_length_km": "64.2398741278769", "mps_est_shore_status": "BOTH", "mps_uuid": "4755ab70-778e-42db-8d1f-1f5395f75f5d", "name": "GTS 4 GAS LINE", "status": "OPERATIONAL", "updt": "Aug 17, 2022 12:29:32 PM"}}, {"type": "Feature", "id": "mps_mapping_pipeline.78b64a9d-81d8-49d5-ad62-950946eec3d4", "geometry": {"type": "LineString", "coordinates": [[7.1198287, 4.892863], [7.118205, 4.8916306], [7.1193132, 4.8904204], [7.1189513, 4.8900924], [7.119121, 4.889165], [7.1192565, 4.8870845], [7.118929, 4.8853765], [7.1188607, 4.8828206], [7.1182504, 4.8801293], [7.120761, 4.87737], [7.1277046, 4.8707204], [7.1315947, 4.865111], [7.1388836, 4.8587623], [7.158284, 4.850364], [7.1765594, 4.8485546], [7.187054, 4.846112], [7.192889, 4.845931], [7.206596, 4.8422217], [7.217136, 4.844031], [7.226319, 4.845298], [7.2396183, 4.8471975], [7.2475796, 4.846881], [7.2542744, 4.847469], [7.254126, 4.8425508]]}, "properties": {"admin_area_name": "Nigeria", "fluid": "GAS", "mps_created_time": "Oct 6, 2021 10:27:09 AM", "mps_datasource_tags": "Data derived from Savannah Energy, 2021, (https://wp-savannah-2020.s3.eu-west-2.amazonaws.com/media/2021/10/05092546/30.09.21-H1-2021-Results-V5-Final.pdf)", "mps_est_elevation_end_m": "25.0", "mps_est_elevation_start_m": "26.0", "mps_est_length_km": "18.557101776084", "mps_est_shore_status": "ONSHORE", "mps_uuid": "78b64a9d-81d8-49d5-ad62-950946eec3d4", "name": "OBIGBO - OKOLOMA GAS PLANT", "status": "OPERATIONAL", "updt": "Aug 17, 2022 1:23:05 PM"}}, {"type": "Feature", "id": "mps_mapping_pipeline.7f7efaaf-a07c-4a3a-bdc1-da823261f161", "geometry": {"type": "LineString", "coordinates": [[7.0288587, 4.5181003], [7.0428886, 4.52655], [7.0446424, 4.528782], [7.045161, 4.5444064]]}, "properties": {"admin_area_name": "Nigeria", "fluid": "OIL", "mps_created_time": "Jun 30, 2021 2:18:41 PM", "mps_datasource_tags": "Data derived from San Leon Annual Report, 2021, (https://www.sanleonenergy.com/wp-content/uploads/2021/06/2994-San-Leon_AR20_web.pdf)", "mps_est_elevation_end_m": "3.0", "mps_est_elevation_start_m": "8.0", "mps_est_length_km": "3.85887090674903", "mps_est_shore_status": "ONSHORE", "mps_uuid": "7f7efaaf-a07c-4a3a-bdc1-da823261f161", "name": "AKASO 2", "status": "OPERATIONAL", "updt": "Aug 17, 2022 12:29:31 PM"}}, {"type": "Feature", "id": "mps_mapping_pipeline.8a78eb54-fdd3-4eeb-8f45-3e38551d1ee8", "geometry": {"type": "LineString", "coordinates": [[6.9365425604086175, 4.946039785382241], [6.9360833, 4.9494722], [6.9360833, 4.9666694], [6.9261389, 5.0069722], [6.9192778, 5.0473333], [6.9101389, 5.1067222]]}, "properties": {"admin_area_name": "Nigeria", "fluid": "OIL", "mps_created_time": "Jan 1, 1900 12:00:00 AM", "mps_datasource_tags": "Inferred from satellite imagery and NG oil spill data.", "mps_est_elevation_end_m": "39.0", "mps_est_elevation_start_m": "26.0", "mps_est_length_km": "18.0486482695574", "mps_est_shore_status": "ONSHORE", "mps_uuid": "8a78eb54-fdd3-4eeb-8f45-3e38551d1ee8", "name": "TUOMO - OGBAINBIRI FLOWLINE", "status": "OPERATIONAL", "updt": "Aug 17, 2022 11:19:40 AM"}}, {"type": "Feature", "id": "mps_mapping_pipeline.58fd1765-6de8-4ef7-948b-de0e7ae9e2e9", "geometry": {"type": "LineString", "coordinates": [[6.9031878, 4.544147], [6.9046226, 4.5488505], [6.906775, 4.549488]]}, "properties": {"admin_area_name": "Nigeria", "fluid": "OIL", "mps_created_time": "Jun 30, 2021 2:18:49 PM", "mps_datasource_tags": "Data derived from San Leon Annual Report, 2021, (https://www.sanleonenergy.com/wp-content/uploads/2021/06/2994-San-Leon_AR20_web.pdf)", "mps_est_elevation_end_m": "9.0", "mps_est_elevation_start_m": "9.0", "mps_est_length_km": "0.79298435249587", "mps_est_shore_status": "ONSHORE", "mps_uuid": "58fd1765-6de8-4ef7-948b-de0e7ae9e2e9", "name": "KRAKAM FIELD SPUR 3", "status": "OPERATIONAL", "updt": "Aug 17, 2022 12:29:33 PM"}}, {"type": "Feature", "id": "mps_mapping_pipeline.f5511eeb-2361-437a-9329-4293f69e8063", "geometry": {"type": "LineString", "coordinates": [[7.277421, 4.662582], [7.277421, 4.662572], [7.277411, 4.662562], [7.277411, 4.662532], [7.277401, 4.662512], [7.277391, 4.662472], [7.277381, 4.6624417], [7.277371, 4.6624117], [7.277361, 4.6623816], [7.277361, 4.6623616], [7.277351, 4.6623416], [7.277321, 4.6622515], [7.277301, 4.662212], [7.277281, 4.662142], [7.277271, 4.662122], [7.277261, 4.6621017], [7.277251, 4.6620617], [7.2772408, 4.6620216], [7.2772207, 4.6619816], [7.276961, 4.6606817], [7.2768908, 4.660432], [7.276591, 4.659402], [7.276601, 4.659012], [7.277051, 4.6532125], [7.2772307, 4.650253], [7.277661, 4.6430135], [7.2783313, 4.6322947], [7.277811, 4.6312346], [7.2765512, 4.6287947], [7.2748013, 4.626295], [7.274671, 4.626115], [7.273551, 4.624615], [7.272471, 4.623145], [7.271391, 4.6215754], [7.269861, 4.6193256], [7.268021, 4.6165957], [7.265741, 4.613206], [7.2632313, 4.6094766], [7.263031, 4.609186], [7.262471, 4.6083565], [7.262081, 4.6077766], [7.261361, 4.6067166], [7.260981, 4.606157], [7.260611, 4.6055965], [7.260181, 4.6049466], [7.259811, 4.604397], [7.259561, 4.604027], [7.259201, 4.603497], [7.259181, 4.603387], [7.259151, 4.603167], [7.259101, 4.603057], [7.258711, 4.602237], [7.258231, 4.599267], [7.258031, 4.5973973], [7.257851, 4.5962076], [7.257181, 4.590628], [7.257011, 4.5889783], [7.256741, 4.5864086], [7.2566314, 4.5855684], [7.256471, 4.584079], [7.2562613, 4.581749], [7.2561913, 4.581039], [7.2556114, 4.5754395], [7.2555013, 4.5749893], [7.2535515, 4.56746], [7.252961, 4.5648003], [7.2524614, 4.5628605], [7.2521615, 4.5617104], [7.2512712, 4.5580907], [7.2508216, 4.556341], [7.2499313, 4.552821], [7.2490315, 4.549432], [7.2485814, 4.5476317], [7.2484612, 4.547152], [7.2480416, 4.545492], [7.2472615, 4.5423822], [7.2468214, 4.5408626], [7.2464414, 4.539613], [7.2464914, 4.539293], [7.2440114, 4.5296636], [7.2440414, 4.5291734], [7.2429914, 4.5269537], [7.2420616, 4.5258336], [7.2410116, 4.524584], [7.2396517, 4.522984], [7.2388716, 4.522064], [7.2382717, 4.521344], [7.2379713, 4.520974], [7.2371316, 4.519954], [7.2365513, 4.519254], [7.2353015, 4.5177546], [7.2343316, 4.5166044], [7.2341213, 4.5163646], [7.233701, 4.5158844], [7.232981, 4.5150747], [7.2318416, 4.5136847], [7.2306414, 4.512305], [7.2304115, 4.512045], [7.2270613, 4.5082054], [7.2236814, 4.5042157], [7.2228713, 4.5034256], [7.221761, 4.5024056], [7.220301, 4.5009556], [7.218921, 4.4996657], [7.218211, 4.499086], [7.217531, 4.498526], [7.216801, 4.497996], [7.2144113, 4.496066], [7.213661, 4.495466], [7.2124615, 4.4945564], [7.2091312, 4.4919167], [7.208031, 4.4910264], [7.206901, 4.4900866], [7.206141, 4.4890065], [7.205871, 4.488627], [7.204891, 4.4870667], [7.204451, 4.486297], [7.203141, 4.4839373], [7.202081, 4.482497], [7.200851, 4.4811273], [7.2003613, 4.4804373], [7.199591, 4.4793878], [7.1986012, 4.477668], [7.198241, 4.476718], [7.197471, 4.474678], [7.197341, 4.474358], [7.1968813, 4.473388], [7.195741, 4.471588], [7.1951714, 4.470598], [7.194921, 4.470188], [7.194561, 4.469538], [7.1944814, 4.4693985], [7.1937113, 4.4682183], [7.1933413, 4.4676585], [7.192791, 4.4673285], [7.192251, 4.4669986], [7.1912513, 4.4663887], [7.189961, 4.4656186], [7.188751, 4.4642386], [7.187701, 4.462769], [7.186651, 4.461269], [7.184131, 4.4577994], [7.183271, 4.456599], [7.182361, 4.4552794], [7.181701, 4.4543896], [7.178741, 4.45027], [7.177921, 4.44911], [7.1768413, 4.4476404], [7.175261, 4.44536], [7.174071, 4.4429307], [7.173851, 4.4424806], [7.173251, 4.441281], [7.172511, 4.4397907], [7.172111, 4.438991], [7.171961, 4.438721], [7.171591, 4.4380713], [7.171171, 4.437341], [7.170961, 4.436991], [7.169161, 4.436131], [7.167381, 4.4352612], [7.166341, 4.4346514], [7.166181, 4.434451], [7.165471, 4.433451], [7.1648507, 4.4326515], [7.164921, 4.4325914]]}, "properties": {"admin_area_name": "Nigeria", "fluid": "OIL", "mps_created_time": "Sep 8, 2021 12:13:26 PM", "mps_datasource_tags": "Data derived from Shell World Map, 2019, (https://reports.shell.com/investors-handbook/2019/servicepages/worldmap.php). Last Accessed Jan 2021", "mps_est_elevation_end_m": "8.0", "mps_est_elevation_start_m": "19.0", "mps_est_length_km": "29.6508963352691", "mps_est_shore_status": "BOTH", "mps_uuid": "f5511eeb-2361-437a-9329-4293f69e8063", "name": "NIGERIA PIPELINE", "status": "OPERATIONAL", "updt": "May 28, 2025 9:01:27 PM"}}, {"type": "Feature", "id": "mps_mapping_pipeline.9d385710-f086-413d-acb7-b2d92ccc25e1", "geometry": {"type": "LineString", "coordinates": [[6.851293, 4.538288], [6.847706, 4.5359764], [6.8429227, 4.536295], [6.839854, 4.536893], [6.8359876, 4.5381284], [6.831444, 4.5380487], [6.8301682, 4.5362153], [6.822356, 4.5364547], [6.8144646, 4.5339036], [6.8083262, 4.5582566]]}, "properties": {"admin_area_name": "Nigeria", "fluid": "OIL", "mps_created_time": "Jun 30, 2021 2:18:34 PM", "mps_datasource_tags": "Data derived from San Leon Annual Report, 2021, (https://www.sanleonenergy.com/wp-content/uploads/2021/06/2994-San-Leon_AR20_web.pdf)", "mps_est_elevation_end_m": "5.0", "mps_est_elevation_start_m": "6.0", "mps_est_length_km": "7.11902225719551", "mps_est_shore_status": "BOTH", "mps_uuid": "9d385710-f086-413d-acb7-b2d92ccc25e1", "name": "AWOBA FIELD SPUR 1", "status": "OPERATIONAL", "updt": "Aug 17, 2022 12:29:30 PM"}}, {"type": "Feature", "id": "mps_mapping_pipeline.a66f5577-7bc4-494c-a21b-143d13851868", "geometry": {"type": "LineString", "coordinates": [[7.0695734, 4.6772118], [7.0703306, 4.675179], [7.071168, 4.675179], [7.072729, 4.676676], [7.078143, 4.668563]]}, "properties": {"admin_area_name": "Nigeria", "fluid": "OIL", "mps_created_time": "Jun 30, 2021 2:18:51 PM", "mps_datasource_tags": "Data derived from San Leon Annual Report, 2021, (https://www.sanleonenergy.com/wp-content/uploads/2021/06/2994-San-Leon_AR20_web.pdf)", "mps_est_elevation_end_m": "4.0", "mps_est_elevation_start_m": "3.0", "mps_est_length_km": "1.65215139760755", "mps_est_shore_status": "ONSHORE", "mps_uuid": "a66f5577-7bc4-494c-a21b-143d13851868", "name": "ALAKIRI SPUR 8", "status": "OPERATIONAL", "updt": "Aug 17, 2022 12:29:33 PM"}}, {"type": "Feature", "id": "mps_mapping_pipeline.7838c705-4973-4552-880a-d2141d34bae1", "geometry": {"type": "LineString", "coordinates": [[7.1074767, 4.761091], [7.1084666, 4.762051], [7.1095266, 4.763071], [7.140187, 4.77942], [7.140347, 4.7794995], [7.140657, 4.7797], [7.141217, 4.7801695], [7.141077, 4.7803698]]}, "properties": {"admin_area_name": "Nigeria", "fluid": "GAS", "mps_created_time": "Sep 8, 2021 12:13:25 PM", "mps_datasource_tags": "Data derived from Shell World Map, 2019, (https://reports.shell.com/investors-handbook/2019/servicepages/worldmap.php). Last Accessed Jan 2021", "mps_est_elevation_end_m": "21.0", "mps_est_elevation_start_m": "21.0", "mps_est_length_km": "4.33639786057623", "mps_est_shore_status": "ONSHORE", "mps_uuid": "7838c705-4973-4552-880a-d2141d34bae1", "name": "NIGERIA PIPELINE", "status": "OPERATIONAL", "updt": "May 28, 2025 9:01:26 PM"}}, {"type": "Feature", "id": "mps_mapping_pipeline.6a4bdd30-a6cd-46c3-9f03-4d0b32ddc317", "geometry": {"type": "LineString", "coordinates": [[6.903905, 4.566348], [6.894897, 4.556822]]}, "properties": {"admin_area_name": "Nigeria", "fluid": "OIL", "mps_created_time": "Jun 30, 2021 2:18:34 PM", "mps_datasource_tags": "Data derived from San Leon Annual Report, 2021, (https://www.sanleonenergy.com/wp-content/uploads/2021/06/2994-San-Leon_AR20_web.pdf)", "mps_est_elevation_end_m": "6.0", "mps_est_elevation_start_m": "6.0", "mps_est_length_km": "1.45219418491456", "mps_est_shore_status": "ONSHORE", "mps_uuid": "6a4bdd30-a6cd-46c3-9f03-4d0b32ddc317", "name": "KRAKAM FIELD SPUR 7", "status": "OPERATIONAL", "updt": "Aug 17, 2022 12:29:30 PM"}}, {"type": "Feature", "id": "mps_mapping_pipeline.f886dc11-d8bb-4312-924e-9099f1b83f72", "geometry": {"type": "LineString", "coordinates": [[7.1841707, 4.4682884], [7.184221, 4.469118], [7.1669106, 4.4835067], [7.1657505, 4.483057]]}, "properties": {"admin_area_name": "Nigeria", "fluid": "OIL", "mps_created_time": "Sep 8, 2021 12:13:22 PM", "mps_datasource_tags": "Data derived from Shell World Map, 2019, (https://reports.shell.com/investors-handbook/2019/servicepages/worldmap.php). Last Accessed Jan 2021", "mps_est_elevation_end_m": "7.0", "mps_est_elevation_start_m": "-1.0", "mps_est_length_km": "2.72441214620776", "mps_est_shore_status": "OFFSHORE", "mps_uuid": "f886dc11-d8bb-4312-924e-9099f1b83f72", "name": "NIGERIA PIPELINE", "status": "OPERATIONAL", "updt": "May 28, 2025 9:01:24 PM"}}, {"type": "Feature", "id": "mps_mapping_pipeline.6ed427b6-963b-47b6-9747-69bb1f42eb08", "geometry": {"type": "LineString", "coordinates": [[7.061383, 4.6600933], [7.061542, 4.6627235], [7.061084, 4.669041], [7.0665245, 4.676395], [7.0681386, 4.6762953], [7.0695734, 4.6772118], [7.0839224, 4.685821], [7.1093516, 4.7111707], [7.125797179933252, 4.723693171219565]]}, "properties": {"admin_area_name": "Nigeria", "fluid": "GAS", "mps_created_time": "Jun 30, 2021 2:18:43 PM", "mps_datasource_tags": "Data derived from San Leon Annual Report, 2021, (https://www.sanleonenergy.com/wp-content/uploads/2021/06/2994-San-Leon_AR20_web.pdf)", "mps_est_elevation_end_m": "16.0", "mps_est_elevation_start_m": "3.0", "mps_est_length_km": "10.4954047477956", "mps_est_shore_status": "BOTH", "mps_uuid": "6ed427b6-963b-47b6-9747-69bb1f42eb08", "name": "ALAKIRI TO N'TORE CHEMICALS", "status": "OPERATIONAL", "updt": "Feb 13, 2023 11:20:37 AM"}}, {"type": "Feature", "id": "mps_mapping_pipeline.2f5d2d06-9573-4df3-9339-dc10fcffcbaa", "geometry": {"type": "LineString", "coordinates": [[7.0095277, 4.5460005], [7.010046, 4.5347605], [7.0099664, 4.529101]]}, "properties": {"admin_area_name": "Nigeria", "fluid": "OIL", "mps_created_time": "Jun 30, 2021 2:18:39 PM", "mps_datasource_tags": "Data derived from San Leon Annual Report, 2021, (https://www.sanleonenergy.com/wp-content/uploads/2021/06/2994-San-Leon_AR20_web.pdf)", "mps_est_elevation_end_m": "1.0", "mps_est_elevation_start_m": "5.0", "mps_est_length_km": "1.87015985553897", "mps_est_shore_status": "OFFSHORE", "mps_uuid": "2f5d2d06-9573-4df3-9339-dc10fcffcbaa", "name": "AKASO 5", "status": "OPERATIONAL", "updt": "Aug 17, 2022 12:29:30 PM"}}, {"type": "Feature", "id": "mps_mapping_pipeline.51f86b73-aac1-4532-9a50-6875bcb1d341", "geometry": {"type": "LineString", "coordinates": [[7.0213456, 4.7070656], [7.008272, 4.703877], [7.0057216, 4.701007], [7.0093484, 4.6994925], [7.0141516, 4.698715], [7.0186152, 4.689807]]}, "properties": {"admin_area_name": "Nigeria", "fluid": "OIL", "mps_created_time": "Jun 30, 2021 2:18:36 PM", "mps_datasource_tags": "Data derived from San Leon Annual Report, 2021, (https://www.sanleonenergy.com/wp-content/uploads/2021/06/2994-San-Leon_AR20_web.pdf)", "mps_est_elevation_end_m": "8.0", "mps_est_elevation_start_m": "3.0", "mps_est_length_km": "3.9960942408178", "mps_est_shore_status": "BOTH", "mps_uuid": "51f86b73-aac1-4532-9a50-6875bcb1d341", "name": "ORUBIRI TO ALAKIRI TRUNKLINE", "status": "OPERATIONAL", "updt": "Aug 17, 2022 12:29:30 PM"}}, {"type": "Feature", "id": "mps_mapping_pipeline.5d077789-12e4-4ad3-8dd0-7bf908b691af", "geometry": {"type": "LineString", "coordinates": [[7.1738663, 4.89005], [7.1739264, 4.89014], [7.1757064, 4.88974], [7.196867, 4.8853207], [7.2111773, 4.882361], [7.237548, 4.877422], [7.246348, 4.875822], [7.249668, 4.875202], [7.249048, 4.8726625], [7.2480683, 4.8685927], [7.247458, 4.8685727], [7.244968, 4.865263], [7.245138, 4.865133], [7.2451982, 4.864953], [7.245158, 4.863883]]}, "properties": {"admin_area_name": "Nigeria", "fluid": "OIL", "mps_created_time": "Sep 8, 2021 12:13:32 PM", "mps_datasource_tags": "Data derived from Shell World Map, 2019, (https://reports.shell.com/investors-handbook/2019/servicepages/worldmap.php). Last Accessed Jan 2021", "mps_est_elevation_end_m": "11.0", "mps_est_elevation_start_m": "15.0", "mps_est_length_km": "10.015976402108", "mps_est_shore_status": "ONSHORE", "mps_uuid": "5d077789-12e4-4ad3-8dd0-7bf908b691af", "name": "NIGERIA PIPELINE", "status": "OPERATIONAL", "updt": "May 28, 2025 9:01:30 PM"}}, {"type": "Feature", "id": "mps_mapping_pipeline.d9d10a76-4f47-4fcb-a5e8-b649baa04518", "geometry": {"type": "LineString", "coordinates": [[7.0566297, 4.559552], [7.0611553, 4.5497646]]}, "properties": {"admin_area_name": "Nigeria", "fluid": "GAS", "mps_created_time": "Jun 30, 2021 2:18:37 PM", "mps_datasource_tags": "Data derived from San Leon Annual Report, 2021, (https://www.sanleonenergy.com/wp-content/uploads/2021/06/2994-San-Leon_AR20_web.pdf)", "mps_est_elevation_end_m": "4.0", "mps_est_elevation_start_m": "1.0", "mps_est_length_km": "1.19314384323559", "mps_est_shore_status": "ONSHORE", "mps_uuid": "d9d10a76-4f47-4fcb-a5e8-b649baa04518", "name": "CAWTHORNE CHANNEL LINK", "status": "OPERATIONAL", "updt": "Aug 17, 2022 12:29:30 PM"}}, {"type": "Feature", "id": "mps_mapping_pipeline.74ecd493-2554-40ba-a4c8-b199c463aaa1", "geometry": {"type": "LineString", "coordinates": [[7.010046, 4.5347605], [7.0224814, 4.5247164], [7.0247135, 4.523202], [7.027424, 4.519057], [7.0288587, 4.5181003], [7.043686, 4.5087733]]}, "properties": {"admin_area_name": "Nigeria", "fluid": "OIL", "mps_created_time": "Jun 30, 2021 2:18:42 PM", "mps_datasource_tags": "Data derived from San Leon Annual Report, 2021, (https://www.sanleonenergy.com/wp-content/uploads/2021/06/2994-San-Leon_AR20_web.pdf)", "mps_est_elevation_end_m": "4.0", "mps_est_elevation_start_m": "3.0", "mps_est_length_km": "4.75186729901207", "mps_est_shore_status": "BOTH", "mps_uuid": "74ecd493-2554-40ba-a4c8-b199c463aaa1", "name": "AKASO 1", "status": "OPERATIONAL", "updt": "Aug 17, 2022 12:29:31 PM"}}, {"type": "Feature", "id": "mps_mapping_pipeline.2a5f9491-ffac-43c5-89ff-4a0157750041", "geometry": {"type": "LineString", "coordinates": [[7.061841, 4.6512647], [7.054348, 4.646402]]}, "properties": {"admin_area_name": "Nigeria", "fluid": "OIL", "mps_created_time": "Jun 30, 2021 2:18:50 PM", "mps_datasource_tags": "Data derived from San Leon Annual Report, 2021, (https://www.sanleonenergy.com/wp-content/uploads/2021/06/2994-San-Leon_AR20_web.pdf)", "mps_est_elevation_end_m": "6.0", "mps_est_elevation_start_m": "2.0", "mps_est_length_km": "0.99013098231241", "mps_est_shore_status": "ONSHORE", "mps_uuid": "2a5f9491-ffac-43c5-89ff-4a0157750041", "name": "ALAKIRI SPUR 5", "status": "OPERATIONAL", "updt": "Aug 17, 2022 12:29:33 PM"}}, {"type": "Feature", "id": "mps_mapping_pipeline.9d99f560-7660-4125-8e90-b56e6eafd786", "geometry": {"type": "LineString", "coordinates": [[7.0331235, 4.5504646], [7.0398197, 4.554291]]}, "properties": {"admin_area_name": "Nigeria", "fluid": "OIL", "mps_created_time": "Jun 30, 2021 2:18:38 PM", "mps_datasource_tags": "Data derived from San Leon Annual Report, 2021, (https://www.sanleonenergy.com/wp-content/uploads/2021/06/2994-San-Leon_AR20_web.pdf)", "mps_est_elevation_end_m": "5.0", "mps_est_elevation_start_m": "5.0", "mps_est_length_km": "0.855106840219556", "mps_est_shore_status": "ONSHORE", "mps_uuid": "9d99f560-7660-4125-8e90-b56e6eafd786", "name": "CAWTHORNE CHANNEL COMPLEX 4", "status": "OPERATIONAL", "updt": "Aug 17, 2022 12:29:30 PM"}}, {"type": "Feature", "id": "mps_mapping_pipeline.ef736a17-2b54-4229-b657-7a977be756a6", "geometry": {"type": "LineString", "coordinates": [[7.0132747, 4.525753], [7.020529, 4.532369], [7.021884, 4.5358768], [7.031131, 4.5359564], [7.045161, 4.5444064], [7.0472145, 4.552129]]}, "properties": {"admin_area_name": "Nigeria", "fluid": "OIL", "mps_created_time": "Jun 30, 2021 2:18:46 PM", "mps_datasource_tags": "Data derived from San Leon Annual Report, 2021, (https://www.sanleonenergy.com/wp-content/uploads/2021/06/2994-San-Leon_AR20_web.pdf)", "mps_est_elevation_end_m": "4.0", "mps_est_elevation_start_m": "5.0", "mps_est_length_km": "5.22971723680924", "mps_est_shore_status": "BOTH", "mps_uuid": "ef736a17-2b54-4229-b657-7a977be756a6", "name": "AKASO TO CAWTHORNE CHANNEL", "status": "OPERATIONAL", "updt": "Aug 17, 2022 12:29:32 PM"}}, {"type": "Feature", "id": "mps_mapping_pipeline.8bff7223-14d8-4b9e-a019-88a8717479a3", "geometry": {"type": "LineString", "coordinates": [[7.184576, 4.979322], [7.181656, 4.979282], [7.181646, 4.979612]]}, "properties": {"admin_area_name": "Nigeria", "fluid": "GAS", "mps_created_time": "Sep 8, 2021 12:13:14 PM", "mps_datasource_tags": "Data derived from Shell World Map, 2019, (https://reports.shell.com/investors-handbook/2019/servicepages/worldmap.php). Last Accessed Jan 2021", "mps_est_elevation_end_m": "22.0", "mps_est_elevation_start_m": "23.0", "mps_est_length_km": "0.360373695373275", "mps_est_shore_status": "ONSHORE", "mps_uuid": "8bff7223-14d8-4b9e-a019-88a8717479a3", "name": "NIGERIA PIPELINE", "status": "OPERATIONAL", "updt": "May 28, 2025 9:01:20 PM"}}, {"type": "Feature", "id": "mps_mapping_pipeline.9dbe973b-c354-4b06-acde-5100c43ab875", "geometry": {"type": "LineString", "coordinates": [[7.0197725, 5.0079575], [7.0176225, 5.0107074], [7.0097923, 5.011957], [7.005222, 5.0161366], [7.002802, 5.0182867], [6.999352, 5.021436], [6.995712, 5.024766], [6.9952517, 5.025676], [6.9958816, 5.0259557]]}, "properties": {"admin_area_name": "Nigeria", "fluid": "OIL", "mps_created_time": "Sep 8, 2021 12:13:45 PM", "mps_datasource_tags": "Data derived from Shell World Map, 2019, (https://reports.shell.com/investors-handbook/2019/servicepages/worldmap.php). Last Accessed Jan 2021", "mps_est_elevation_end_m": "35.0", "mps_est_elevation_start_m": "33.0", "mps_est_length_km": "3.56313620688658", "mps_est_shore_status": "ONSHORE", "mps_uuid": "9dbe973b-c354-4b06-acde-5100c43ab875", "name": "NIGERIA PIPELINE", "status": "OPERATIONAL", "updt": "May 28, 2025 9:01:35 PM"}}, {"type": "Feature", "id": "mps_mapping_pipeline.81407e14-a891-4596-9708-4a34e459c9fe", "geometry": {"type": "LineString", "coordinates": [[7.1264753, 4.897439], [7.1302676, 4.900214], [7.135581, 4.9005756], [7.1410546, 4.8974547], [7.143, 4.898065], [7.1439047, 4.8986306], [7.1511874, 4.901141], [7.164125, 4.9060493], [7.164487, 4.9060493], [7.1693497, 4.9016614], [7.1819367, 4.888238], [7.1951456, 4.885614], [7.201162, 4.8898664], [7.2071333, 4.894254], [7.3356833, 4.8965497], [7.343645, 4.8983593], [7.3483496, 4.8997617], [7.3633227, 4.900214], [7.3728676, 4.8965044], [7.389469, 4.8903527], [7.406116, 4.8840194], [7.422989, 4.8801293], [7.439771, 4.875922], [7.4704866, 4.8756056], [7.500416, 4.866711], [7.500529, 4.8666205], [7.5007153, 4.866414], [7.5007606, 4.866338], [7.5041857, 4.857664], [7.5051413, 4.8552327], [7.505345, 4.8545256], [7.5064816, 4.8518286], [7.508998, 4.849787], [7.5112596, 4.848046], [7.511757, 4.847565], [7.512187, 4.846389], [7.514556, 4.8396997], [7.5281568, 4.8021197], [7.545527, 4.7778735], [7.5563836, 4.7550745], [7.5639834, 4.735171], [7.5719447, 4.701877], [7.5802684, 4.693192], [7.558555, 4.6432514], [7.5661545, 4.597292], [7.574116, 4.578112], [7.568326, 4.55857]]}, "properties": {"admin_area_name": "Nigeria", "fluid": "GAS", "mps_created_time": "Oct 6, 2021 10:27:08 AM", "mps_datasource_tags": "Data derived from Savannah Energy, 2021, (https://wp-savannah-2020.s3.eu-west-2.amazonaws.com/media/2021/10/05092546/30.09.21-H1-2021-Results-V5-Final.pdf)", "mps_est_elevation_end_m": "9.0", "mps_est_elevation_start_m": "31.0", "mps_est_length_km": "80.809575664172", "mps_est_shore_status": "ONSHORE", "mps_uuid": "81407e14-a891-4596-9708-4a34e459c9fe", "name": "IBOM - OBIGBO", "status": "OPERATIONAL", "updt": "Aug 17, 2022 1:23:05 PM"}}, {"type": "Feature", "id": "mps_mapping_pipeline.b12a6cbd-6274-4484-bbd0-19ee3543f7a7", "geometry": {"type": "LineString", "coordinates": [[7.5661545, 4.597292], [7.5808563, 4.5933566], [7.5873704, 4.5886517], [7.5915318, 4.583495], [7.5950603, 4.577162], [7.597322, 4.5705576], [7.5976386, 4.5630937]]}, "properties": {"admin_area_name": "Nigeria", "fluid": "GAS", "mps_created_time": "Oct 6, 2021 10:27:11 AM", "mps_datasource_tags": "Data derived from Savannah Energy, 2021, (https://wp-savannah-2020.s3.eu-west-2.amazonaws.com/media/2021/10/05092546/30.09.21-H1-2021-Results-V5-Final.pdf)", "mps_est_elevation_end_m": "14.0", "mps_est_elevation_start_m": "13.0", "mps_est_length_km": "5.7134758680706", "mps_est_shore_status": "ONSHORE", "mps_uuid": "b12a6cbd-6274-4484-bbd0-19ee3543f7a7", "name": "IBOM POWER STATION SPUR", "operator_group_name": "SAVANNAH ENERGY PLC (GROUP)", "optr_name": "ACCUGAS LTD", "status": "OPERATIONAL", "updt": "Aug 17, 2022 1:23:05 PM"}}, {"type": "Feature", "id": "mps_mapping_pipeline.c68af415-a62d-4d9d-9cab-f07e0bc84411", "geometry": {"type": "LineString", "coordinates": [[7.129055194185694, 4.891961633056643], [7.1025815075871375, 4.8909811261455856], [7.070728483110494, 4.8818572907603395], [7.052837720370205, 4.897250662898574], [7.047767985717652, 4.901591196960208], [7.038633591000064, 4.921955682000024], [7.027279485993651, 4.917170034132244], [7.012007181678185, 4.93963878160682]]}, "properties": {"admin_area_name": "Nigeria", "category": "Hydrocarbon", "fluid": "GAS", "mps_created_time": "Jan 1, 1900 12:00:00 AM", "mps_datasource_tags": "Sourced from Shell Handbook 2018", "mps_est_elevation_end_m": "25.0", "mps_est_elevation_start_m": "27.0", "mps_est_length_km": "16.8088921369874", "mps_est_shore_status": "ONSHORE", "mps_uuid": "c68af415-a62d-4d9d-9cab-f07e0bc84411", "name": "16\" AGBADA 2 FS TO OBIGBO NORTH AGG", "operator_group_name": "SHELL PLC (GROUP)", "optr_name": "ROYAL DUTCH SHELL NIGERIA", "status": "OPERATIONAL", "updt": "May 29, 2025 12:42:53 PM"}}, {"type": "Feature", "id": "mps_mapping_pipeline.d8dc7955-1f30-43a7-ad52-47e3e930f700", "geometry": {"type": "LineString", "coordinates": [[6.999502961000076, 4.911706217000076], [7.0526982184870795, 4.872964311654896], [7.083093932729868, 4.842568597412108], [7.101723564039965, 4.80776060206956], [7.135551052471454, 4.792562744948166], [7.150748909592849, 4.768540325627252], [7.164966259803186, 4.758735256516675], [7.220855153733474, 4.725398021540714], [7.27657721875, 4.675650968749999]]}, "properties": {"admin_area_name": "Nigeria", "category": "Hydrocarbon", "fluid": "GAS", "mps_created_time": "Jan 1, 1900 12:00:00 AM", "mps_datasource_tags": "Sourced from Shell Handbook 2018", "mps_est_elevation_end_m": "17.0", "mps_est_elevation_start_m": "23.0", "mps_est_length_km": "41.0820615030694", "mps_est_shore_status": "ONSHORE", "mps_uuid": "d8dc7955-1f30-43a7-ad52-47e3e930f700", "name": "28\" NKPOKU TO BOMU TRUNKLINE", "operator_group_name": "SHELL PLC (GROUP)", "optr_name": "ROYAL DUTCH SHELL NIGERIA", "status": "OPERATIONAL", "updt": "May 29, 2025 12:43:21 PM"}}, {"type": "Feature", "id": "mps_mapping_pipeline.e359008f-e388-4b02-bc2c-5ccfba3ab05f", "geometry": {"type": "LineString", "coordinates": [[8.01651893581556, 4.603681769248276], [7.953487199221812, 4.601081969517144], [7.926245896969801, 4.60194857048263], [7.913784450194945, 4.60194857048263], [7.894748, 4.6311283], [7.875613, 4.634883], [7.856388, 4.6432514], [7.842998, 4.6399946], [7.8353987, 4.642166], [7.8174853, 4.6285954], [7.801743, 4.6275096], [7.7606688, 4.634928], [7.7454696, 4.6311283], [7.733527, 4.6175575], [7.6980624, 4.6117673], [7.6477604, 4.609777], [7.6276755, 4.6012726], [7.6303897, 4.578655], [7.5976386, 4.5630937], [7.568326, 4.55857]]}, "properties": {"admin_area_name": "Nigeria", "fluid": "GAS", "mps_created_time": "Jan 1, 1900 12:00:00 AM", "mps_datasource_tags": "Data derived from Savannah Energy, 2021, (https://wp-savannah-2020.s3.eu-west-2.amazonaws.com/media/2021/10/05092546/30.09.21-H1-2021-Results-V5-Final.pdf)", "mps_est_elevation_end_m": "9.0", "mps_est_elevation_start_m": "15.0", "mps_est_length_km": "56.5932073358385", "mps_est_shore_status": "ONSHORE", "mps_uuid": "e359008f-e388-4b02-bc2c-5ccfba3ab05f", "name": "UQUO - IBOM POWER STATION", "operator_group_name": "SAVANNAH ENERGY PLC (GROUP)", "optr_name": "ACCUGAS LTD", "status": "OPERATIONAL", "updt": "Feb 13, 2023 10:40:44 AM"}}, {"type": "Feature", "id": "mps_mapping_pipeline.537b0a12-23d7-411a-9ccd-aacd91cf99a9", "geometry": {"type": "LineString", "coordinates": [[7.06719231791958, 4.642479998513986], [7.06579371791958, 4.636382698513986], [7.06659051791958, 4.602344298513986], [7.06946061791958, 4.576037998513986], [7.06107831791958, 4.555767598513985], [7.05981471791958, 4.551605298513985], [7.06340201791958, 4.549532298513986], [7.06451801791958, 4.545785998513986], [7.06659051791958, 4.545148298513986], [7.06733901791958, 4.539962898513986], [7.09114301791958, 4.526973298513986], [7.10182501791958, 4.520834998513986], [7.11119241791958, 4.501777298513986], [7.11234731791958, 4.500906298513986], [7.13139941791958, 4.498036298513986], [7.14885701791958, 4.491101298513986], [7.15579201791958, 4.445982598513986], [7.15834301791958, 4.428444998513986]]}, "properties": {"admin_area_name": "Nigeria", "category": "Hydrocarbon", "description": "24\" ALAKIRI TO BONNY TRUNKLINE", "fluid": "OIL", "mps_created_time": "Jan 1, 1900 12:00:00 AM", "mps_datasource_tags": "Sourced from Shell Handbook 2018", "mps_est_elevation_end_m": "8.0", "mps_est_elevation_start_m": "5.0", "mps_est_length_km": "30.1160588889553", "mps_est_shore_status": "BOTH", "mps_uuid": "537b0a12-23d7-411a-9ccd-aacd91cf99a9", "name": "NEMBE CREEK TRUNK LINE", "operator_group_name": "SHELL PLC (GROUP)", "optr_name": "ROYAL DUTCH SHELL NIGERIA", "status": "OPERATIONAL", "updt": "Aug 17, 2022 11:18:08 AM"}}, {"type": "Feature", "id": "mps_mapping_pipeline.01be83bd-1c5c-446e-a582-10312a6169af", "geometry": {"type": "LineString", "coordinates": [[7.227790674190422, 4.1747900478972415], [7.235544744000037, 4.187014489000035]]}, "properties": {"admin_area_name": "Nigeria", "category": "Hydrocarbon", "fluid": "OIL", "mps_created_time": "Jan 1, 1900 12:00:00 AM", "mps_datasource_tags": "Sourced from Shell Handbook 2018", "mps_est_elevation_end_m": "-19.0", "mps_est_elevation_start_m": "-15.0", "mps_est_length_km": "1.60264025206681", "mps_est_shore_status": "OFFSHORE", "mps_uuid": "01be83bd-1c5c-446e-a582-10312a6169af", "name": "48\" CRUDE LOADING PLATFORM TO SBM NO1", "operator_group_name": "SHELL PLC (GROUP)", "optr_name": "ROYAL DUTCH SHELL NIGERIA", "status": "OPERATIONAL", "updt": "May 29, 2025 12:34:27 PM"}}, {"type": "Feature", "id": "mps_mapping_pipeline.e25ed719-cfe0-4526-b532-780a16b0eb5c", "geometry": {"type": "LineString", "coordinates": [[6.8834977, 4.7532406], [6.898803, 4.750291], [6.9108057, 4.7470455], [6.9438977, 4.7395077], [6.9499807, 4.7384133], [6.9556403, 4.7386527], [6.966083, 4.73658], [6.9774823, 4.7367396], [7.0132146, 4.71974], [7.019353, 4.7136817], [7.0213456, 4.7070656], [7.044543, 4.685542], [7.0689993, 4.6437707]]}, "properties": {"admin_area_name": "Nigeria", "category": "Hydrocarbon", "fluid": "OIL", "mps_created_time": "Jan 1, 1900 12:00:00 AM", "mps_datasource_tags": "Sourced from Shell Handbook 2018", "mps_est_elevation_end_m": "5.0", "mps_est_elevation_start_m": "8.0", "mps_est_length_km": "25.6023615430027", "mps_est_shore_status": "ONSHORE", "mps_uuid": "e25ed719-cfe0-4526-b532-780a16b0eb5c", "name": "20\" BUGUMA TO ALAKIRI TRUNKLINE", "operator_group_name": "SHELL PLC (GROUP)", "optr_name": "ROYAL DUTCH SHELL NIGERIA", "status": "OPERATIONAL", "updt": "May 29, 2025 12:33:25 PM"}}, {"type": "Feature", "id": "mps_mapping_pipeline.61206967-58da-48e5-8aeb-f81489ba042b", "geometry": {"type": "LineString", "coordinates": [[6.9777608077349695, 4.836177422298748], [7.001221605656547, 4.841833217228818], [7.026347095252401, 4.85690851098633], [7.02021892705829, 4.8691648473745515], [7.009241177648661, 4.880951564707249], [7.009511649278787, 4.904416927085125]]}, "properties": {"admin_area_name": "Nigeria", "category": "Hydrocarbon", "fluid": "OIL", "mps_created_time": "Jan 1, 1900 12:00:00 AM", "mps_datasource_tags": "Sourced from Shell Handbook 2018", "mps_est_elevation_end_m": "24.0", "mps_est_elevation_start_m": "17.0", "mps_est_length_km": "11.8189863384533", "mps_est_shore_status": "ONSHORE", "mps_uuid": "61206967-58da-48e5-8aeb-f81489ba042b", "name": "8\" APARA FS TO NKPOKU DELIVERY (BULK)", "operator_group_name": "SHELL PLC (GROUP)", "optr_name": "ROYAL DUTCH SHELL NIGERIA", "status": "OPERATIONAL", "updt": "May 29, 2025 9:17:35 AM"}}, {"type": "Feature", "id": "mps_mapping_pipeline.ae4e6e3d-a72f-4a63-bf07-2bcf1fcd5b93", "geometry": {"type": "LineString", "coordinates": [[6.612852, 4.6556787], [6.678512, 4.650144], [6.7410464, 4.685084], [6.7539606, 4.694092], [6.762968, 4.695287], [6.774208, 4.696882], [6.781303, 4.6989546], [6.7999563, 4.7097955], [6.8107977, 4.7140207], [6.8222766, 4.7180862], [6.827936, 4.721115], [6.838857, 4.729246], [6.8430824, 4.734348], [6.847068, 4.740885], [6.851213, 4.7473416], [6.8536844, 4.749494], [6.856395, 4.750291], [6.8622937, 4.75061], [6.8771205, 4.7524433], [6.8834977, 4.7532406]]}, "properties": {"admin_area_name": "Nigeria", "category": "Hydrocarbon", "description": "18\" SOKU M/F TO BUGUMA M/F TRUNKLINE", "fluid": "OIL", "mps_created_time": "Jan 1, 1900 12:00:00 AM", "mps_datasource_tags": "Sourced from Shell Handbook 2018", "mps_est_elevation_end_m": "8.0", "mps_est_elevation_start_m": "5.0", "mps_est_length_km": "33.4702767118537", "mps_est_shore_status": "BOTH", "mps_uuid": "ae4e6e3d-a72f-4a63-bf07-2bcf1fcd5b93", "name": "GREATER PORT HARCOURT SWAMP LINE - GPHSL", "operator_group_name": "SHELL PLC (GROUP)", "optr_name": "ROYAL DUTCH SHELL NIGERIA", "status": "OPERATIONAL", "updt": "Aug 17, 2022 11:18:08 AM"}}, {"type": "Feature", "id": "mps_mapping_pipeline.99b38071-8b9c-45ab-9652-4fdf699971ae", "geometry": {"type": "LineString", "coordinates": [[6.998476670000058, 4.911772603000022], [6.997635483000068, 4.91177483000006], [6.98470946200007, 4.920368303000024], [6.978225335000047, 4.924430530000047], [6.974973956000042, 4.926729164000038], [6.967676298000072, 4.931367307000061], [6.966368546000069, 4.932410606000077], [6.959343259000035, 4.9370339440000635], [6.941833987000052, 4.944026386000056], [6.930870020000042, 4.948198406000079], [6.907799105000038, 4.951048225000027], [6.766303072000028, 4.95562609600006], [6.710789178000027, 4.9739535030000575], [6.688525786000071, 4.981110398000054]]}, "properties": {"admin_area_name": "Nigeria", "category": "Hydrocarbon", "fluid": "OIL", "mps_created_time": "Jan 1, 1900 12:00:00 AM", "mps_datasource_tags": "Sourced from Shell Handbook 2018", "mps_est_elevation_end_m": "13.0", "mps_est_elevation_start_m": "23.0", "mps_est_length_km": "35.9223008983028", "mps_est_shore_status": "ONSHORE", "mps_uuid": "99b38071-8b9c-45ab-9652-4fdf699971ae", "name": "36\" RUMUEKPE TO NKPOKU TRUNKLINE", "operator_group_name": "SHELL PLC (GROUP)", "optr_name": "ROYAL DUTCH SHELL NIGERIA", "status": "OPERATIONAL", "updt": "May 29, 2025 12:47:49 PM"}}, {"type": "Feature", "id": "mps_mapping_pipeline.17295424-401a-453b-8860-c065461a508b", "geometry": {"type": "LineString", "coordinates": [[7.1708943570000665, 4.423853152000042], [7.1715560330000585, 4.423337300000064], [7.173350600000049, 4.42193841200003], [7.174443863000023, 4.421086107000066], [7.175459404000038, 4.420294473000054], [7.17554378500006, 4.420219788000049], [7.176053279000031, 4.4197774090000586], [7.1767219870000645, 4.419206380000035], [7.177446483000041, 4.418584926000052], [7.177875649000043, 4.4182079650000246], [7.178162923000059, 4.417955602000058], [7.178992289000064, 4.417236695000043], [7.180175428000042, 4.416212298000075], [7.181285130000049, 4.415257558000066], [7.182677402000024, 4.414062980000039], [7.184156942000072, 4.412793904000082], [7.185506326000052, 4.411639183000044], [7.1866507680000495, 4.410643561000029], [7.188019896000071, 4.409465746000018], [7.188403984000047, 4.409158441000048], [7.188455814000065, 4.409111739000037], [7.189861684000051, 4.407850811000062], [7.190616123000042, 4.407247517000027], [7.191761728000075, 4.406267539000056], [7.192887961000054, 4.4052976200000495], [7.193685335000055, 4.404610933000071], [7.195107365000069, 4.403386277000039], [7.1971810590000596, 4.401600416000074], [7.198773711000058, 4.400204600000062], [7.199127485000076, 4.399749135000036], [7.199738080000032, 4.398951955000034], [7.200172930000065, 4.3983567120000595], [7.201365205000059, 4.396362943000047], [7.202428814000029, 4.3945099770000375], [7.2026024670000774, 4.394062845000061], [7.203182755000057, 4.392459632000054], [7.203233096000076, 4.392273897000043], [7.2033949730000595, 4.391200833000025], [7.203492164000068, 4.3906573170000165], [7.203781781000032, 4.389037757000032], [7.203923820000057, 4.388033977000016], [7.204111828000066, 4.386369764000048], [7.204804335000063, 4.380831094000032], [7.2049038550000555, 4.38019091500007], [7.205813877000026, 4.374660814000033], [7.2067700040000195, 4.36871868800006], [7.207614041000055, 4.363059750000053], [7.20848946600006, 4.357190212000029], [7.209483179000074, 4.3507177470000284], [7.210754216000056, 4.3423246060000285], [7.211279125000033, 4.337156892000045], [7.21229360500007, 4.330691225000054], [7.212965519000022, 4.326162622000024], [7.213448542000037, 4.323204735000038], [7.2135574310000266, 4.321702743000064], [7.213589952000064, 4.319983958000024], [7.213561985000069, 4.318024446000033], [7.213298903000066, 4.315880082000035], [7.213047314000051, 4.31457914100002], [7.211796755000023, 4.310096288000076], [7.2111141000000325, 4.308384852000063], [7.20826570600002, 4.301870162000066], [7.206936761000065, 4.2987619560000185], [7.2030452000000755, 4.289661627000029], [7.198319966000042, 4.278715670000061], [7.192469053000025, 4.264714916000057], [7.188466708000021, 4.255693136000042], [7.185504973000037, 4.248838496000074], [7.177000031000035, 4.228975525000075], [7.167407075000027, 4.206635964000038], [7.156384777000028, 4.180861936000045], [7.148074945000076, 4.161588907000066], [7.136091573000044, 4.13356201900006], [7.125756775000071, 4.109452447000022]]}, "properties": {"admin_area_name": "Nigeria", "category": "Hydrocarbon", "fluid": "OIL", "mps_created_time": "Jan 1, 1900 12:00:00 AM", "mps_datasource_tags": "Sourced from Shell Handbook 2018", "mps_est_elevation_end_m": "-1.0", "mps_est_elevation_start_m": "8.0", "mps_est_length_km": "38.4181168849758", "mps_est_shore_status": "BOTH", "mps_uuid": "17295424-401a-453b-8860-c065461a508b", "name": "48\" NEW OFFSHORE EXPORT PIPELINE", "operator_group_name": "SHELL PLC (GROUP)", "optr_name": "ROYAL DUTCH SHELL NIGERIA", "status": "OPERATIONAL", "updt": "May 29, 2025 9:17:09 AM"}}, {"type": "Feature", "id": "mps_mapping_pipeline.8bf115b6-d0b1-4113-a805-7742ad6cc676", "geometry": {"type": "LineString", "coordinates": [[6.998972934000052, 4.911836213000063], [6.998982946000069, 4.911826202000037], [6.999212942000043, 4.911656253000042], [6.999272968000071, 4.911646243000072], [6.9992829330000745, 4.911636232000033], [6.999312968000027, 4.911636232000033], [6.999322934000077, 4.911636232000033], [6.999502961000076, 4.911706217000076], [7.002043000000072, 4.912306193000061], [7.008813135000025, 4.91341615800008], [7.025253407000036, 4.916316061000036], [7.038633591000064, 4.921955682000024], [7.046083943000041, 4.9035474640000345], [7.046323956000037, 4.902827526000065], [7.0694245670000555, 4.883049570000012], [7.07211467600007, 4.880589779000042], [7.073464710000052, 4.87957991100006], [7.075254761000053, 4.878100053000034], [7.076324789000069, 4.877110157000053], [7.089245154000025, 4.866011282000044], [7.092715206000037, 4.864301471000035], [7.095245309000063, 4.862001712000054], [7.096875366000063, 4.8594819840000705], [7.099285416000043, 4.8574421780000385], [7.108575666000036, 4.8494429850000484], [7.109225697000056, 4.849123019000045], [7.1098357340000575, 4.848363134000057], [7.117955928000072, 4.841403843000018], [7.120535997000047, 4.8391540440000655], [7.124086111000054, 4.836124390000069], [7.1244861250000335, 4.835784399000025], [7.128656239000065, 4.832204763000048], [7.138936510000065, 4.823395682000063], [7.142366620000076, 4.820495981000023], [7.153886936000049, 4.8105569950000735], [7.160507100000074, 4.8049875610000825], [7.174307499000065, 4.792948796000064], [7.175817537000057, 4.7919788800000465], [7.177507603000039, 4.791169000000012], [7.179527645000063, 4.790029138000013], [7.185027755000021, 4.786829460000036], [7.199548137000023, 4.778440364000066], [7.205888322000021, 4.7746407910000155], [7.208478348000029, 4.773130955000046], [7.210838425000078, 4.771721085000026], [7.215578558000061, 4.768911401000037], [7.216768589000026, 4.767841514000062], [7.225478846000044, 4.7596923390000185], [7.230728956000065, 4.754742861000064], [7.235249111000031, 4.751353201000017], [7.239229225000032, 4.748353491000036], [7.241459244000056, 4.746643668000048], [7.246919410000032, 4.74241413300006], [7.249269480000066, 4.740654304000025], [7.251449531000048, 4.739014462000062], [7.258369723000043, 4.733775015000044], [7.263899879000063, 4.7295254590000475], [7.273450104000063, 4.722296216000075], [7.274230154000066, 4.7217462820000335], [7.2809703000000345, 4.718276650000064], [7.2811303080000584, 4.717896707000017], [7.28093031700007, 4.716516842000023], [7.28021035200004, 4.7110372920000625], [7.279890374000048, 4.708117578000036], [7.279720421000036, 4.706317725000065], [7.279430443000024, 4.702328113000026], [7.279200471000024, 4.699988328000061], [7.278730517000042, 4.695488721000052], [7.278240534000076, 4.691209072000046], [7.277900582000029, 4.687859406000027], [7.277770587000021, 4.685919589000035], [7.276950576000048, 4.682529874000068], [7.276720627000032, 4.67803027000002], [7.276610677000066, 4.673830664000031], [7.276570689000038, 4.672530796000047], [7.276530697000055, 4.671660832000041], [7.276530702000058, 4.671190883000056], [7.276800705000028, 4.670400963000019], [7.276910699000042, 4.670130999000032], [7.277690770000049, 4.667541234000048], [7.277800765000053, 4.667151279000047], [7.277870758000062, 4.666931274000032], [7.277920775000042, 4.6664913580000364], [7.277850795000063, 4.665501405000025], [7.277650813000037, 4.663141646000037]]}, "properties": {"admin_area_name": "Nigeria", "category": "Hydrocarbon", "fluid": "OIL", "mps_created_time": "Jan 1, 1900 12:00:00 AM", "mps_datasource_tags": "Sourced from Shell Handbook 2018", "mps_est_elevation_end_m": "19.0", "mps_est_elevation_start_m": "23.0", "mps_est_length_km": "46.2196330168474", "mps_est_shore_status": "ONSHORE", "mps_uuid": "8bf115b6-d0b1-4113-a805-7742ad6cc676", "name": "24\" NKPOKU TO BOMU TRUNKLINE", "operator_group_name": "SHELL PLC (GROUP)", "optr_name": "ROYAL DUTCH SHELL NIGERIA", "status": "OPERATIONAL", "updt": "May 29, 2025 12:34:40 PM"}}, {"type": "Feature", "id": "mps_mapping_pipeline.edf71e7b-21c3-481c-803c-e31626d407be", "geometry": {"type": "LineString", "coordinates": [[7.164590996000072, 4.428771794000062], [7.166201014000024, 4.4277019110000415], [7.175681295000061, 4.420452645000063], [7.198931944000037, 4.40037473800004], [7.200341966000053, 4.398504920000053], [7.201492005000034, 4.396585092000064], [7.202622067000051, 4.394525298000072], [7.203412099000047, 4.392335500000043], [7.205422230000068, 4.381076528000054], [7.208212478000065, 4.3626382310000675], [7.208922543000029, 4.356798771000061], [7.209802611000043, 4.3523991930000445], [7.211372763000042, 4.342620093000056], [7.2129928620000205, 4.33475082400003], [7.213262875000055, 4.332950976000069], [7.213402932000066, 4.330001282000066], [7.2146030040000255, 4.321302042000059], [7.215453082000067, 4.316972446000021], [7.215963137000075, 4.311712959000021], [7.217083244000037, 4.304023646000074], [7.217583285000046, 4.298904123000056], [7.218173355000033, 4.296954304000041], [7.219523453000022, 4.289654995000038], [7.222613702000047, 4.269506856000029], [7.223903801000064, 4.259507795000036], [7.226163971000062, 4.246238982000011], [7.22730410500003, 4.238209767000057], [7.23052436200004, 4.218731562000068], [7.231584441000052, 4.211402218000054], [7.233654604000038, 4.199393321000062], [7.235544744000037, 4.187014489000035]]}, "properties": {"admin_area_name": "Nigeria", "category": "Hydrocarbon", "fluid": "OIL", "mps_created_time": "Jan 1, 1900 12:00:00 AM", "mps_datasource_tags": "Sourced from Shell Handbook 2018", "mps_est_elevation_end_m": "-19.0", "mps_est_elevation_start_m": "10.0", "mps_est_length_km": "28.9590537181027", "mps_est_shore_status": "BOTH", "mps_uuid": "edf71e7b-21c3-481c-803c-e31626d407be", "name": "48\" BONNY TERMINAL  TO CLP (OFFSHORE PLATFORM)", "operator_group_name": "SHELL PLC (GROUP)", "optr_name": "ROYAL DUTCH SHELL NIGERIA", "status": "OPERATIONAL", "updt": "May 29, 2025 12:43:57 PM"}}, {"type": "Feature", "id": "mps_mapping_pipeline.ef2ff2c6-1cfb-4ac1-a785-6d491029548a", "geometry": {"type": "LineString", "coordinates": [[5.805433526357464, 4.129238875362477], [5.807781451837227, 4.142353018576331], [5.835486972498404, 4.283784461946988], [5.836426142690309, 4.293149869019988], [5.812477302796746, 4.327800874020631]]}, "properties": {"admin_area_name": "Nigeria", "fluid": "OIL", "mps_created_time": "Feb 13, 2023 12:38:08 PM", "mps_est_elevation_end_m": "-11.0", "mps_est_elevation_start_m": "-22.0", "mps_est_length_km": "23.1170577714771", "mps_est_shore_status": "OFFSHORE", "mps_uuid": "ef2ff2c6-1cfb-4ac1-a785-6d491029548a", "name": "MADU TO APOI", "status": "OPERATIONAL", "updt": "Feb 14, 2023 9:36:00 AM"}}, {"type": "Feature", "id": "mps_mapping_pipeline.406ef06c-916b-41ad-b55a-12762d3ffc78", "geometry": {"type": "LineString", "coordinates": [[5.9259444, 4.5525833], [5.929372159909099, 4.553138874966816], [5.932109341339261, 4.554945414710724], [5.940777082534776, 4.5689050400045526], [5.955138672701246, 4.639233667002885], [5.9563056, 4.6455556], [5.961, 4.6761389], [5.9677778, 4.7022222], [5.9711667, 4.7189722], [5.97275, 4.72725], [5.9753333, 4.7393889], [5.98025, 4.7593611], [5.9803333, 4.7781111], [5.9746389, 4.7887222], [5.9606667, 4.8143611]]}, "properties": {"admin_area_name": "Nigeria", "fluid": "OIL", "mps_created_time": "Jan 1, 1900 12:00:00 AM", "mps_datasource_tags": "Inferred from satellite imagery and NG oil spill data.", "mps_est_elevation_end_m": "8.0", "mps_est_elevation_start_m": "6.0", "mps_est_length_km": "30.7267588677517", "mps_est_shore_status": "ONSHORE", "mps_uuid": "406ef06c-916b-41ad-b55a-12762d3ffc78", "name": "OGBOINBIRI/TEBIDABA PIPELINE", "status": "OPERATIONAL", "updt": "Aug 17, 2022 11:19:38 AM"}}, {"type": "Feature", "id": "mps_mapping_pipeline.1ec7cda2-4d2a-474f-99e0-4f21603695f7", "geometry": {"type": "LineString", "coordinates": [[6.5360236, 4.9437385], [6.5346437, 4.9362793], [6.5346236, 4.936099], [6.5346036, 4.9360094], [6.5346036, 4.9359293], [6.534584, 4.935859], [6.534574, 4.9357595], [6.534564, 4.9357195], [6.534554, 4.9356694], [6.534544, 4.9355693], [6.534524, 4.935489], [6.534524, 4.935439], [6.534514, 4.9353795], [6.534504, 4.9352994], [6.534484, 4.935169], [6.534474, 4.9350996], [6.534464, 4.9350295], [6.534454, 4.9349694], [6.534454, 4.9349594], [6.534444, 4.9349494], [6.534434, 4.9349494], [6.534394, 4.9349394], [6.5343738, 4.9349394], [6.5343037, 4.9349394], [6.5342336, 4.9349294], [6.534174, 4.9349194], [6.534124, 4.9349194], [6.534064, 4.9349194], [6.5340137, 4.9349093], [6.5339637, 4.9349093], [6.5339136, 4.9348993]]}, "properties": {"admin_area_name": "Nigeria", "fluid": "OIL", "mps_created_time": "Sep 8, 2021 12:13:18 PM", "mps_datasource_tags": "Data derived from Shell World Map, 2019, (https://reports.shell.com/investors-handbook/2019/servicepages/worldmap.php). Last Accessed Jan 2021", "mps_est_elevation_end_m": "15.0", "mps_est_elevation_start_m": "18.0", "mps_est_length_km": "1.04769140742906", "mps_est_shore_status": "ONSHORE", "mps_uuid": "1ec7cda2-4d2a-474f-99e0-4f21603695f7", "name": "NIGERIA PIPELINE", "status": "OPERATIONAL", "updt": "May 28, 2025 9:01:22 PM"}}, {"type": "Feature", "id": "mps_mapping_pipeline.228fc9a2-d424-4b7b-99bf-32a4ade15c5a", "geometry": {"type": "LineString", "coordinates": [[6.360842, 5.0248947], [6.360842, 5.024882], [6.360843, 5.024868], [6.3608427, 5.0248623], [6.3608446, 5.0248513], [6.360845, 5.02484], [6.3608465, 5.02477], [6.3608575, 5.024749], [6.3608747, 5.0247455], [6.3609953, 5.024754], [6.3610034, 5.024754], [6.3610325, 5.0247297], [6.3610454, 5.0246096], [6.361049, 5.024556], [6.361046, 5.024534], [6.3610263, 5.024526], [6.3609037, 5.024514], [6.3608017, 5.0245047], [6.3607807, 5.024495], [6.360777, 5.024475], [6.3607774, 5.024457], [6.3607807, 5.024383], [6.3607793, 5.024343], [6.360778, 5.024322], [6.3607774, 5.0242696], [6.360656, 5.0227227], [6.358747, 5.0186763], [6.355168, 5.011089], [6.3551574, 5.0110703], [6.355144, 5.0110536], [6.355128, 5.011039], [6.35511, 5.011027], [6.35509, 5.0110183], [6.3550696, 5.0110126], [6.355048, 5.01101], [6.3550267, 5.011011], [6.3533607, 5.0112243], [6.350748, 5.011558], [6.346373, 5.012118], [6.3463674, 5.012119], [6.3455486, 5.0122576], [6.345543, 5.0122585], [6.343302, 5.0125422], [6.333663, 5.0137625], [6.3322268, 5.013946], [6.330623, 5.0141506], [6.3292522, 5.014328], [6.323119, 5.0150943], [6.3230023, 5.015112], [6.32276, 5.0151405], [6.3225203, 5.015169], [6.3209577, 5.0153723], [6.3169947, 5.015885], [6.316976, 5.015886], [6.309765, 5.015833], [6.3095193, 5.01583], [6.3093996, 5.015829], [6.308273, 5.0158224], [6.303994, 5.0157976], [6.302769, 5.0157905], [6.3026543, 5.0157933], [6.3025346, 5.015792], [6.302503, 5.0157914], [6.3023853, 5.015805], [6.302365, 5.015821], [6.302347, 5.0158396], [6.302332, 5.0158606], [6.302314, 5.0159545], [6.302298, 5.0160294], [6.3022757, 5.0160656], [6.302234, 5.0161157], [6.3021927, 5.0161495], [6.3021417, 5.0161757], [6.302077, 5.0161834], [6.3020277, 5.016184], [6.3018317, 5.0161843], [6.3014536, 5.0161858], [6.301347, 5.0161867], [6.3007364, 5.0161767], [6.300253, 5.0161686], [6.3001785, 5.016167], [6.300158, 5.01616], [6.3001513, 5.0161395], [6.300151, 5.0160713], [6.3001456, 5.0158315], [6.3001432, 5.015702], [6.300137, 5.0156817], [6.3001285, 5.015679], [6.3001156, 5.0156755], [6.300102, 5.0156746], [6.30001, 5.015675], [6.2998724, 5.0156727]]}, "properties": {"admin_area_name": "Nigeria", "fluid": "OIL", "mps_created_time": "Sep 8, 2021 12:13:39 PM", "mps_datasource_tags": "Data derived from Shell World Map, 2019, (https://reports.shell.com/investors-handbook/2019/servicepages/worldmap.php). Last Accessed Jan 2021", "mps_est_elevation_end_m": "19.0", "mps_est_elevation_start_m": "17.0", "mps_est_length_km": "7.95424285889787", "mps_est_shore_status": "ONSHORE", "mps_uuid": "228fc9a2-d424-4b7b-99bf-32a4ade15c5a", "name": "NIGERIA PIPELINE", "status": "OPERATIONAL", "updt": "May 28, 2025 9:01:33 PM"}}, {"type": "Feature", "id": "mps_mapping_pipeline.c085f65f-da2a-4fb5-b6f7-d86303b401f5", "geometry": {"type": "LineString", "coordinates": [[6.688216, 4.9812865], [6.6880364, 4.9813466], [6.6858563, 4.9820766], [6.6844764, 4.982517], [6.669366, 4.977087], [6.667666, 4.976477], [6.660956, 4.974057], [6.659196, 4.9734273], [6.657496, 4.972817], [6.623165, 4.9688673], [6.616015, 4.968067], [6.614225, 4.9678073], [6.612435, 4.967657], [6.592755, 4.9653974], [6.564884, 4.9506783], [6.5633044, 4.949848], [6.561744, 4.9490085], [6.5601244, 4.9481483], [6.558514, 4.9472985], [6.5572743, 4.9471183], [6.555894, 4.9468784], [6.5558043, 4.9468684], [6.5537243, 4.9465384], [6.5360236, 4.9437385], [6.5325637, 4.9432087], [6.530604, 4.942909], [6.5145435, 4.9404087], [6.5109634, 4.9399586], [6.4883027, 4.936299], [6.4462824, 4.929719], [6.443612, 4.929289], [6.440142, 4.928769], [6.437162, 4.928279], [6.434182, 4.927839], [6.421662, 4.925859], [6.4179416, 4.925259], [6.3925414, 4.921309], [6.388741, 4.919309], [6.3871512, 4.9184594], [6.375981, 4.91254], [6.374391, 4.9116898], [6.358471, 4.9032407], [6.3580008, 4.9031005]]}, "properties": {"admin_area_name": "Nigeria", "fluid": "OIL", "mps_created_time": "Sep 8, 2021 12:13:37 PM", "mps_datasource_tags": "Data derived from Shell World Map, 2019, (https://reports.shell.com/investors-handbook/2019/servicepages/worldmap.php). Last Accessed Jan 2021", "mps_est_elevation_end_m": "19.0", "mps_est_elevation_start_m": "13.0", "mps_est_length_km": "38.0949989083262", "mps_est_shore_status": "ONSHORE", "mps_uuid": "c085f65f-da2a-4fb5-b6f7-d86303b401f5", "name": "NIGERIA PIPELINE", "status": "OPERATIONAL", "updt": "May 28, 2025 9:01:32 PM"}}, {"type": "Feature", "id": "mps_mapping_pipeline.50a8afc7-f3d8-48a1-9dca-47754bc1a778", "geometry": {"type": "LineString", "coordinates": [[5.95914356993116, 4.811576702649165], [5.9146096280624185, 4.830244280002872], [5.859291191358838, 4.881484316375511], [5.823926807281141, 4.893856376439846], [5.786619024388029, 4.897414712299056], [5.781308892413515, 4.900480355500838], [5.784237676543788, 4.9058178592896535], [5.782485880428484, 4.906721129161608], [5.776573568539334, 4.907542283590656], [5.771345552007723, 4.913454595479807]]}, "properties": {"admin_area_name": "Nigeria", "fluid": "OIL", "mps_created_time": "Jan 1, 1900 12:00:00 AM", "mps_datasource_tags": "Inferred from satellite imagery and NG oil spill data.", "mps_est_elevation_end_m": "13.0", "mps_est_elevation_start_m": "14.0", "mps_est_length_km": "25.1247760383064", "mps_est_shore_status": "ONSHORE", "mps_uuid": "50a8afc7-f3d8-48a1-9dca-47754bc1a778", "name": "OPKUSHI - OGBOINBIRI", "status": "OPERATIONAL", "updt": "Aug 17, 2022 11:19:38 AM"}}, {"type": "Feature", "id": "mps_mapping_pipeline.27ceeb49-247b-4203-8376-51bb072f65ce", "geometry": {"type": "LineString", "coordinates": [[6.6128182, 4.6568356], [6.6128182, 4.6568456], [6.6128182, 4.6568556], [6.6128283, 4.6568556], [6.6128283, 4.6568656], [6.6128383, 4.6568656], [6.6128383, 4.6568756], [6.6128483, 4.6568756], [6.6128583, 4.6568756], [6.6128683, 4.6568756], [6.6128683, 4.6568856], [6.6128783, 4.6568856], [6.6128783, 4.6568756], [6.6128883, 4.6568756], [6.613868, 4.6565657], [6.612688, 4.651666], [6.612688, 4.651656], [6.612678, 4.651636], [6.612678, 4.651616], [6.612678, 4.651606], [6.612378, 4.6503263], [6.612398, 4.650286], [6.612438, 4.650266], [6.614448, 4.650036], [6.614468, 4.650036], [6.614478, 4.650036], [6.614498, 4.6500263], [6.614518, 4.6500263], [6.614528, 4.6500263], [6.614548, 4.6500263], [6.614558, 4.6500263], [6.6145782, 4.6500163], [6.6145883, 4.6500163], [6.6146083, 4.6500163], [6.6146283, 4.6500163], [6.6146383, 4.6500063], [6.6146584, 4.6500063], [6.6146684, 4.6500063], [6.6146884, 4.6500063], [6.6146984, 4.6499963], [6.6147184, 4.6499963], [6.6147385, 4.6499963], [6.614748, 4.6499963], [6.614768, 4.6499863], [6.614778, 4.6499863], [6.614798, 4.6499863], [6.614808, 4.6499763], [6.614828, 4.6499763], [6.614848, 4.6499763], [6.614858, 4.6499763], [6.614878, 4.6499662], [6.614888, 4.6499662], [6.614908, 4.6499662], [6.614918, 4.649956], [6.6149383, 4.649956], [6.6149483, 4.649956], [6.6149683, 4.649946], [6.6149883, 4.649946], [6.6149983, 4.649946], [6.6150184, 4.649946], [6.6150284, 4.649936], [6.6150484, 4.649936], [6.6150584, 4.649936], [6.6150784, 4.649926], [6.6150885, 4.649926], [6.615108, 4.649916], [6.615128, 4.649916], [6.615138, 4.649916], [6.615158, 4.649906], [6.615168, 4.649906], [6.615188, 4.649906], [6.615198, 4.649896], [6.615218, 4.649896], [6.615228, 4.649896], [6.615248, 4.649886], [6.615258, 4.649886], [6.6152782, 4.649876], [6.6152983, 4.649876], [6.6153083, 4.649876], [6.6153283, 4.649866], [6.6153383, 4.649866], [6.6153584, 4.649856], [6.6153684, 4.649856], [6.6153884, 4.649856], [6.6153984, 4.649846], [6.6154184, 4.649846], [6.6154284, 4.649836], [6.6154485, 4.649836], [6.615548, 4.649806], [6.615558, 4.649806], [6.615578, 4.649796], [6.615588, 4.649796], [6.615608, 4.649796], [6.615618, 4.649786], [6.6156383, 4.649786], [6.6156583, 4.649776], [6.6156683, 4.649776], [6.6156883, 4.649776], [6.6156983, 4.649766], [6.6157184, 4.649766], [6.6157284, 4.649756], [6.6157484, 4.649756], [6.6157584, 4.649756], [6.6157784, 4.649746], [6.6157885, 4.649746], [6.6158085, 4.649746], [6.615828, 4.649736], [6.615838, 4.649736], [6.615858, 4.649726], [6.615868, 4.649726], [6.615888, 4.649726], [6.615898, 4.6497164], [6.615918, 4.6497164], [6.615928, 4.6497164], [6.615948, 4.6497064], [6.615958, 4.6497064], [6.6159782, 4.6497064], [6.6159983, 4.6496964], [6.6160083, 4.6496964], [6.6160283, 4.6496964], [6.6160383, 4.6496863], [6.6160583, 4.6496863], [6.6160684, 4.6496863], [6.6160884, 4.6496863], [6.6161084, 4.6496763], [6.6161184, 4.6496763], [6.6161385, 4.6496763], [6.6161485, 4.6496663], [6.6161685, 4.6496663], [6.616178, 4.6496663], [6.616198, 4.6496563], [6.616208, 4.6496563], [6.616228, 4.6496563], [6.616248, 4.6496563], [6.616258, 4.6496463], [6.616278, 4.6496463], [6.616288, 4.6496463], [6.616308, 4.6496463], [6.616318, 4.6496363], [6.6163383, 4.6496363], [6.6163583, 4.6496363], [6.6163683, 4.6496363], [6.6163883, 4.6496263], [6.6163983, 4.6496263], [6.6164184, 4.6496263], [6.6164284, 4.6496263], [6.6164484, 4.6496162], [6.6164684, 4.6496162], [6.6164784, 4.6496162], [6.6164985, 4.6496162], [6.6165085, 4.6496162], [6.616528, 4.649606], [6.616538, 4.649606], [6.6257687, 4.6484165], [6.6306186, 4.6477866], [6.6306286, 4.6477866], [6.6306386, 4.6477866], [6.6306486, 4.6477966], [6.6306586, 4.6477966], [6.6306686, 4.6477966], [6.6306686, 4.6478066], [6.6306787, 4.6478066], [6.6322985, 4.6496263], [6.6322784, 4.650206], [6.6324286, 4.650206], [6.6326084, 4.650216]]}, "properties": {"admin_area_name": "Nigeria", "fluid": "GAS", "mps_created_time": "Sep 8, 2021 12:13:48 PM", "mps_datasource_tags": "Data derived from Shell World Map, 2019, (https://reports.shell.com/investors-handbook/2019/servicepages/worldmap.php). Last Accessed Jan 2021", "mps_est_elevation_end_m": "6.0", "mps_est_elevation_start_m": "5.0", "mps_est_length_km": "3.27247192494279", "mps_est_shore_status": "ONSHORE", "mps_uuid": "27ceeb49-247b-4203-8376-51bb072f65ce", "name": "NIGERIA PIPELINE", "status": "OPERATIONAL", "updt": "May 28, 2025 9:01:37 PM"}}, {"type": "Feature", "id": "mps_mapping_pipeline.ce3fb2ad-d6a6-419e-be1a-8adf769b3117", "geometry": {"type": "LineString", "coordinates": [[6.303939, 5.0160685], [6.303742, 5.0160694], [6.3035126, 5.0160675], [6.3032055, 5.016063], [6.3031673, 5.016062], [6.303115, 5.016061], [6.303099, 5.0160613], [6.3030915, 5.0160713], [6.3030324, 5.016219], [6.302973, 5.0163693], [6.3029447, 5.016446], [6.3029337, 5.016471], [6.3029284, 5.0164824], [6.3029156, 5.0164843], [6.302661, 5.0164814], [6.302002, 5.0164804], [6.301719, 5.0164995], [6.301393, 5.0165267], [6.300775, 5.0165424], [6.3004236, 5.016545], [6.3003955, 5.0165434], [6.30039, 5.0165434], [6.3002925, 5.0165467], [6.30025, 5.016548], [6.300235, 5.016548], [6.3002276, 5.0165524], [6.3002253, 5.0165586], [6.3002253, 5.016573]]}, "properties": {"admin_area_name": "Nigeria", "fluid": "GAS", "mps_created_time": "Sep 8, 2021 12:13:43 PM", "mps_datasource_tags": "Data derived from Shell World Map, 2019, (https://reports.shell.com/investors-handbook/2019/servicepages/worldmap.php). Last Accessed Jan 2021", "mps_est_elevation_end_m": "21.0", "mps_est_elevation_start_m": "21.0", "mps_est_length_km": "0.445692265315919", "mps_est_shore_status": "ONSHORE", "mps_uuid": "ce3fb2ad-d6a6-419e-be1a-8adf769b3117", "name": "NIGERIA PIPELINE", "status": "OPERATIONAL", "updt": "May 28, 2025 9:01:35 PM"}}, {"type": "Feature", "id": "mps_mapping_pipeline.7a099541-3aae-44eb-bcc8-4e43f62e843a", "geometry": {"type": "LineString", "coordinates": [[6.0344444, 4.7123056], [6.0188611, 4.7119722], [6.0015278, 4.7110833], [5.9861389, 4.7106389], [5.9695278, 4.71075]]}, "properties": {"admin_area_name": "Nigeria", "fluid": "OIL", "mps_created_time": "Jan 1, 1900 12:00:00 AM", "mps_datasource_tags": "Inferred from satellite imagery and NG oil spill data.", "mps_est_elevation_end_m": "18.0", "mps_est_elevation_start_m": "6.0", "mps_est_length_km": "7.20588030223241", "mps_est_shore_status": "ONSHORE", "mps_uuid": "7a099541-3aae-44eb-bcc8-4e43f62e843a", "name": "AZUAMA - OGBAINBIRI FLOW LINE", "status": "OPERATIONAL", "updt": "Aug 17, 2022 11:19:39 AM"}}, {"type": "Feature", "id": "mps_mapping_pipeline.982f3640-b39e-4ca9-ba30-54f7a65c6c42", "geometry": {"type": "LineString", "coordinates": [[5.902370327599132, 5.148557700210584], [5.9602778, 4.8148889]]}, "properties": {"admin_area_name": "Nigeria", "fluid": "OIL", "mps_created_time": "Jan 1, 1900 12:00:00 AM", "mps_datasource_tags": "Inferred from satellite imagery and NG oil spill data.", "mps_est_elevation_end_m": "8.0", "mps_est_elevation_start_m": "21.0", "mps_est_length_km": "37.4526834095754", "mps_est_shore_status": "ONSHORE", "mps_uuid": "982f3640-b39e-4ca9-ba30-54f7a65c6c42", "name": "TUOMI/OGBAINBIRI PIPELINE", "status": "OPERATIONAL", "updt": "Aug 17, 2022 11:19:37 AM"}}, {"type": "Feature", "id": "mps_mapping_pipeline.417d0480-65ba-43af-b33a-e2b14a8c5ceb", "geometry": {"type": "LineString", "coordinates": [[6.1004066, 4.8056865], [6.100227, 4.805617], [6.1000867, 4.805557], [6.099987, 4.8055167], [6.097737, 4.8044467], [6.096647, 4.8040366], [6.0912166, 4.801707], [6.090067, 4.801227], [6.0883765, 4.801247], [6.0881767, 4.801027], [6.087897, 4.800537], [6.087877, 4.800407], [6.087907, 4.800347], [6.0883665, 4.800067], [6.0884266, 4.800177]]}, "properties": {"admin_area_name": "Nigeria", "fluid": "OIL", "mps_created_time": "Sep 8, 2021 12:13:38 PM", "mps_datasource_tags": "Data derived from Shell World Map, 2019, (https://reports.shell.com/investors-handbook/2019/servicepages/worldmap.php). Last Accessed Jan 2021", "mps_est_elevation_end_m": "13.0", "mps_est_elevation_start_m": "15.0", "mps_est_length_km": "1.62723441045426", "mps_est_shore_status": "ONSHORE", "mps_uuid": "417d0480-65ba-43af-b33a-e2b14a8c5ceb", "name": "NIGERIA PIPELINE", "status": "OPERATIONAL", "updt": "May 28, 2025 9:01:32 PM"}}, {"type": "Feature", "id": "mps_mapping_pipeline.c5b78735-8b7f-4b0b-82fd-57661457981d", "geometry": {"type": "LineString", "coordinates": [[6.0480278, 5.3703333], [6.062061591705243, 5.363543023948531], [6.0765139096565, 5.364090460234563], [6.134761130490354, 5.360258406232336], [6.1548333, 5.3593056], [6.166667, 5.352194], [6.210143107077025, 5.3339267208741745], [6.232806969318768, 5.3246203040116225], [6.242003898924114, 5.326919536412959], [6.3236944, 5.3080833], [6.334958580292427, 5.303215545227751], [6.3092290748489015, 5.282522453615724], [6.299813170729143, 5.207195220657656], [6.2959811167269155, 5.180042380870446], [6.298937272671491, 5.161539034402549], [6.278901104602703, 5.136794914273882]]}, "properties": {"admin_area_name": "Nigeria", "fluid": "OIL", "mps_created_time": "Jan 1, 1900 12:00:00 AM", "mps_datasource_tags": "Inferred from satellite imagery and NG oil spill data.", "mps_est_elevation_end_m": "20.0", "mps_est_elevation_start_m": "12.0", "mps_est_length_km": "53.8789984948495", "mps_est_shore_status": "ONSHORE", "mps_uuid": "c5b78735-8b7f-4b0b-82fd-57661457981d", "name": "ORONI-EVWRENI", "status": "OPERATIONAL", "updt": "Aug 17, 2022 11:19:40 AM"}}, {"type": "Feature", "id": "mps_mapping_pipeline.51db578f-2c43-4b54-80b1-95d14bd5b4f1", "geometry": {"type": "LineString", "coordinates": [[6.284941, 5.112232], [6.285131, 5.1126823], [6.285833, 5.112487], [6.286808, 5.1122923], [6.288034, 5.1120267], [6.288697, 5.111894], [6.2900596, 5.1116343], [6.290791, 5.1115], [6.292051, 5.11126], [6.29287, 5.111105], [6.2930927, 5.111053], [6.2931695, 5.111027], [6.2932396, 5.110162], [6.2933035, 5.10954], [6.2933745, 5.1087356], [6.2933936, 5.1085153], [6.2936006, 5.106369], [6.293823, 5.104145], [6.293932, 5.103059], [6.2940493, 5.1017995], [6.294204, 5.1001635], [6.2942886, 5.0993977], [6.2944274, 5.098056], [6.2945266, 5.096468], [6.294426, 5.0954576], [6.29406, 5.0925627], [6.293878, 5.091144], [6.2937536, 5.0901356], [6.2935205, 5.0884533], [6.293341, 5.0871096], [6.2930903, 5.085266], [6.292874, 5.0836515], [6.2928467, 5.083407], [6.292846, 5.0832977], [6.2928557, 5.0831823], [6.2929897, 5.082746], [6.293373, 5.0816193], [6.2935243, 5.081131], [6.293565, 5.08102], [6.29369, 5.0807905], [6.293715, 5.08074], [6.293682, 5.080651], [6.2938128, 5.08025], [6.2940826, 5.0794115], [6.294341, 5.078618], [6.294465, 5.078243], [6.294705, 5.077499], [6.2949257, 5.076837], [6.295149, 5.0761395], [6.2952747, 5.07572], [6.2955265, 5.0749416], [6.2957077, 5.0743876], [6.2960777, 5.073251], [6.29659, 5.0716295], [6.2968845, 5.0706353], [6.296906, 5.070547], [6.296916, 5.07049], [6.296616, 5.0702972], [6.2957096, 5.069628], [6.295237, 5.069279], [6.2946153, 5.0688367], [6.2937813, 5.068247], [6.2928514, 5.0675845], [6.2923303, 5.0672193], [6.291288, 5.0664835], [6.2904253, 5.065885], [6.2895527, 5.0652766], [6.2885337, 5.0645595], [6.2875047, 5.063842], [6.2868395, 5.0633445], [6.286375, 5.0630136], [6.286351, 5.062904], [6.286184, 5.062254], [6.2860036, 5.0616937], [6.285709, 5.0608144], [6.2856436, 5.0606194], [6.285349, 5.0597196], [6.2851806, 5.059303], [6.2851515, 5.059217], [6.285149, 5.05919], [6.286477, 5.05877], [6.286568, 5.058722], [6.2866793, 5.05865], [6.2868824, 5.058489]]}, "properties": {"admin_area_name": "Nigeria", "fluid": "GAS", "mps_created_time": "Sep 8, 2021 12:13:18 PM", "mps_datasource_tags": "Data derived from Shell World Map, 2019, (https://reports.shell.com/investors-handbook/2019/servicepages/worldmap.php). Last Accessed Jan 2021", "mps_est_elevation_end_m": "14.0", "mps_est_elevation_start_m": "27.0", "mps_est_length_km": "7.62527682755132", "mps_est_shore_status": "ONSHORE", "mps_uuid": "51db578f-2c43-4b54-80b1-95d14bd5b4f1", "name": "NIGERIA PIPELINE", "status": "OPERATIONAL", "updt": "May 28, 2025 9:01:22 PM"}}, {"type": "Feature", "id": "mps_mapping_pipeline.1f6ddd56-4bd9-4f80-b358-905eff39fd7e", "geometry": {"type": "LineString", "coordinates": [[6.3728013, 4.887382], [6.3729215, 4.887512], [6.3728414, 4.887792], [6.3728013, 4.887862], [6.3727713, 4.887872], [6.372741, 4.8878922], [6.372301, 4.887782], [6.3721213, 4.887722], [6.371961, 4.887662], [6.371921, 4.887642], [6.371901, 4.887632], [6.371881, 4.887632], [6.371871, 4.887662], [6.3718414, 4.887762], [6.371271, 4.889452], [6.3706613, 4.8911614], [6.369871, 4.8932514], [6.368281, 4.8939614], [6.367961, 4.894101], [6.366641, 4.8947015], [6.364991, 4.895451], [6.363291, 4.896221], [6.360631, 4.897521], [6.359801, 4.8990607], [6.358831, 4.9007006], [6.357811, 4.9023404], [6.3576407, 4.9026003], [6.3576007, 4.9027104], [6.3576007, 4.9027205], [6.3576107, 4.9027305], [6.3576107, 4.9027405], [6.3579407, 4.9029107]]}, "properties": {"admin_area_name": "Nigeria", "fluid": "OIL", "mps_created_time": "Sep 8, 2021 12:13:40 PM", "mps_datasource_tags": "Data derived from Shell World Map, 2019, (https://reports.shell.com/investors-handbook/2019/servicepages/worldmap.php). Last Accessed Jan 2021", "mps_est_elevation_end_m": "19.0", "mps_est_elevation_start_m": "14.0", "mps_est_length_km": "2.66745886209075", "mps_est_shore_status": "ONSHORE", "mps_uuid": "1f6ddd56-4bd9-4f80-b358-905eff39fd7e", "name": "NIGERIA PIPELINE", "status": "OPERATIONAL", "updt": "May 28, 2025 9:01:33 PM"}}, {"type": "Feature", "id": "mps_mapping_pipeline.c3febccb-5ddc-40ae-a682-76220beb62c1", "geometry": {"type": "LineString", "coordinates": [[6.687806, 4.980517], [6.687816, 4.980557], [6.687846, 4.9806466], [6.688216, 4.980537], [6.6883063, 4.980517], [6.6883664, 4.9806767], [6.688466, 4.9809866], [6.688476, 4.9810266], [6.688546, 4.981247], [6.6884265, 4.9812865], [6.6883864, 4.9812965], [6.6883764, 4.9812865], [6.6883965, 4.981277]]}, "properties": {"admin_area_name": "Nigeria", "fluid": "OIL", "mps_created_time": "Sep 8, 2021 12:13:33 PM", "mps_datasource_tags": "Data derived from Shell World Map, 2019, (https://reports.shell.com/investors-handbook/2019/servicepages/worldmap.php). Last Accessed Jan 2021", "mps_est_elevation_end_m": "13.0", "mps_est_elevation_start_m": "13.0", "mps_est_length_km": "0.17564192474347", "mps_est_shore_status": "ONSHORE", "mps_uuid": "c3febccb-5ddc-40ae-a682-76220beb62c1", "name": "NIGERIA PIPELINE", "status": "OPERATIONAL", "updt": "May 28, 2025 9:01:30 PM"}}, {"type": "Feature", "id": "mps_mapping_pipeline.c4c32653-c7a7-4954-866d-447a3ab59972", "geometry": {"type": "LineString", "coordinates": [[6.357751, 4.9029303], [6.357491, 4.9035306], [6.3569407, 4.9048405], [6.3562307, 4.90658], [6.3558307, 4.90753], [6.3558106, 4.90758], [6.3554406, 4.90849], [6.3554006, 4.90857], [6.355561, 4.91077], [6.3556705, 4.9125695], [6.3557806, 4.9144297], [6.3558908, 4.916159], [6.3559604, 4.917969], [6.3560104, 4.918869], [6.3560505, 4.919759], [6.3561306, 4.921559], [6.3562703, 4.9233785], [6.3563905, 4.9252687], [6.3564806, 4.926978], [6.3564906, 4.9271483], [6.3564906, 4.9271684], [6.3565707, 4.928788], [6.3567004, 4.930528], [6.3568106, 4.932398], [6.3569007, 4.9342074], [6.3570304, 4.9360175], [6.3570805, 4.9369473], [6.3571305, 4.937807], [6.35724, 4.939617], [6.3574104, 4.942317], [6.35756, 4.944667], [6.35759, 4.9450965], [6.3577003, 4.9468966], [6.3581405, 4.9543858], [6.3581405, 4.954456], [6.3581605, 4.954786], [6.3581605, 4.954826], [6.35818, 4.955196], [6.3582, 4.955506], [6.35823, 4.955886], [6.35829, 4.9566054], [6.3580303, 4.9590554], [6.35777, 4.961255], [6.3576202, 4.962665], [6.35753, 4.9634748], [6.35744, 4.964345], [6.35741, 4.964635], [6.35719, 4.9664545], [6.35699, 4.9682446], [6.35687, 4.9694343], [6.35681, 4.970044], [6.3566003, 4.971834], [6.35639, 4.973654], [6.3562, 4.975534], [6.35599, 4.9773235], [6.35579, 4.9791236], [6.35568, 4.9801135], [6.3556, 4.980923], [6.35558, 4.9810333], [6.35541, 4.982623], [6.35523, 4.984233], [6.35496, 4.986633], [6.35487, 4.987413], [6.35486, 4.987443], [6.35482, 4.9878325], [6.3548098, 4.9878726], [6.3547997, 4.988003], [6.3547096, 4.988753], [6.3547096, 4.9887924], [6.35462, 4.9896126], [6.35461, 4.989763], [6.3546, 4.9898324], [6.35453, 4.9904323], [6.3543997, 4.9915824], [6.35421, 4.9933825], [6.3540497, 4.994822], [6.3540096, 4.995182], [6.35383, 4.996972], [6.3531995, 5.0025716], [6.3529997, 5.004371], [6.3528094, 5.006151], [6.3537297, 5.008101], [6.3545294, 5.009781], [6.3552895, 5.0113707], [6.3556495, 5.0121503], [6.3556595, 5.0121603], [6.3560596, 5.0130205], [6.3568597, 5.0146403], [6.35762, 5.01627], [6.3582497, 5.01756], [6.3584094, 5.0179], [6.3589396, 5.01903], [6.35907, 5.01931], [6.35938, 5.01998], [6.3595195, 5.02029], [6.3595796, 5.0204196], [6.3598995, 5.0211496], [6.3602996, 5.02197], [6.3606696, 5.0227795], [6.3607497, 5.0249596], [6.3604894, 5.0249596]]}, "properties": {"admin_area_name": "Nigeria", "fluid": "OIL", "mps_created_time": "Sep 8, 2021 12:13:35 PM", "mps_datasource_tags": "Data derived from Shell World Map, 2019, (https://reports.shell.com/investors-handbook/2019/servicepages/worldmap.php). Last Accessed Jan 2021", "mps_est_elevation_end_m": "17.0", "mps_est_elevation_start_m": "19.0", "mps_est_length_km": "13.8158520036199", "mps_est_shore_status": "ONSHORE", "mps_uuid": "c4c32653-c7a7-4954-866d-447a3ab59972", "name": "NIGERIA PIPELINE", "status": "OPERATIONAL", "updt": "May 28, 2025 9:01:31 PM"}}, {"type": "Feature", "id": "mps_mapping_pipeline.18df30b4-e08b-43c3-9820-55498bf5b336", "geometry": {"type": "LineString", "coordinates": [[6.4606944, 5.1031389], [6.4798056, 5.1037778], [6.4833056, 5.1038889], [6.4951944, 5.1007222], [6.5042222, 5.1001389], [6.5087778, 5.1009167], [6.5134444, 5.1026389], [6.5254444, 5.1056389], [6.5297971420758145, 5.1067727385156845], [6.5471667, 5.1101389]]}, "properties": {"admin_area_name": "Nigeria", "fluid": "OIL", "mps_created_time": "Jan 1, 1900 12:00:00 AM", "mps_datasource_tags": "Inferred from satellite imagery and NG oil spill data.", "mps_est_elevation_end_m": "15.0", "mps_est_elevation_start_m": "21.0", "mps_est_length_km": "9.77090745686586", "mps_est_shore_status": "ONSHORE", "mps_uuid": "18df30b4-e08b-43c3-9820-55498bf5b336", "name": "OSHI-OGADA PIPELINE", "status": "OPERATIONAL", "updt": "Aug 17, 2022 11:19:41 AM"}}, {"type": "Feature", "id": "mps_mapping_pipeline.5a9e09d2-1f54-48fe-b209-fa7919e0fd39", "geometry": {"type": "LineString", "coordinates": [[6.612688, 4.6569157], [6.612688, 4.6569257], [6.612698, 4.6569257], [6.612698, 4.6569357], [6.612708, 4.6569357], [6.612708, 4.656945], [6.612718, 4.656945], [6.612728, 4.656945], [6.612738, 4.656945], [6.6138983, 4.6565757], [6.613128, 4.653296], [6.612448, 4.650376], [6.612448, 4.650366], [6.612448, 4.6503563], [6.612448, 4.6503463], [6.612458, 4.6503463], [6.612458, 4.6503363], [6.6124682, 4.6503363], [6.6124783, 4.6503363], [6.614458, 4.650066], [6.614468, 4.650066], [6.614488, 4.650056], [6.614498, 4.650056], [6.614518, 4.650056], [6.614538, 4.650056], [6.614548, 4.650046], [6.614568, 4.650046], [6.6145782, 4.650046], [6.6145983, 4.650046], [6.6146083, 4.650046], [6.6146283, 4.6500363], [6.6146483, 4.6500363], [6.6146584, 4.6500363], [6.6146784, 4.6500363], [6.6146884, 4.6500263], [6.6147084, 4.6500263], [6.6147184, 4.6500263], [6.6147385, 4.6500263], [6.614758, 4.6500163], [6.614768, 4.6500163], [6.614788, 4.6500163], [6.614798, 4.6500063], [6.614818, 4.6500063], [6.614828, 4.6500063], [6.614848, 4.6500063], [6.614868, 4.6499963], [6.614878, 4.6499963], [6.614898, 4.6499963], [6.614908, 4.6499863], [6.6149282, 4.6499863], [6.6149383, 4.6499863], [6.6149583, 4.6499763], [6.6149783, 4.6499763], [6.6149883, 4.6499763], [6.6150084, 4.6499662], [6.6150184, 4.6499662], [6.6150384, 4.6499662], [6.6150484, 4.649956], [6.6150684, 4.649956], [6.6150784, 4.649956], [6.6150985, 4.649946], [6.615118, 4.649946], [6.615128, 4.649946], [6.615148, 4.649936], [6.615158, 4.649936], [6.615178, 4.649936], [6.615188, 4.649926], [6.615208, 4.649926], [6.615218, 4.649926], [6.615238, 4.649916], [6.615258, 4.649916], [6.615268, 4.649906], [6.6152883, 4.649906], [6.6152983, 4.649906], [6.6153183, 4.649896], [6.6153283, 4.649896], [6.6153483, 4.649886], [6.6153584, 4.649886], [6.6153784, 4.649886], [6.6153884, 4.649876], [6.6154084, 4.649876], [6.6154284, 4.649866], [6.6154385, 4.649866], [6.6154585, 4.649866], [6.615558, 4.649836], [6.615568, 4.649826], [6.615588, 4.649826], [6.615598, 4.649826], [6.615618, 4.649816], [6.6156282, 4.649816], [6.6156483, 4.649806], [6.6156583, 4.649806], [6.6156783, 4.649806], [6.6156883, 4.649796], [6.6157084, 4.649796], [6.6157184, 4.649786], [6.6157384, 4.649786], [6.6157484, 4.649786], [6.6157684, 4.649776], [6.6157885, 4.649776], [6.6157985, 4.649776], [6.6158185, 4.649766], [6.615828, 4.649766], [6.615848, 4.649756], [6.615858, 4.649756], [6.615878, 4.649756], [6.615888, 4.649746], [6.615908, 4.649746], [6.615918, 4.649746], [6.615938, 4.649736], [6.615958, 4.649736], [6.615968, 4.649736], [6.6159883, 4.649726], [6.6159983, 4.649726], [6.6160183, 4.649726], [6.6160283, 4.6497164], [6.6160483, 4.6497164], [6.6160583, 4.6497164], [6.6160784, 4.6497064], [6.6160884, 4.6497064], [6.6161084, 4.6497064], [6.6161284, 4.6497064], [6.6161385, 4.6496964], [6.6161585, 4.6496964], [6.6161685, 4.6496964], [6.616188, 4.6496863], [6.616198, 4.6496863], [6.616218, 4.6496863], [6.616228, 4.6496863], [6.616248, 4.6496763], [6.616268, 4.6496763], [6.616278, 4.6496763], [6.616298, 4.6496763], [6.616308, 4.6496663], [6.6163282, 4.6496663], [6.6163383, 4.6496663], [6.6163583, 4.6496663], [6.6163783, 4.6496563], [6.6163883, 4.6496563], [6.6164083, 4.6496563], [6.6164184, 4.6496563], [6.6164384, 4.6496463], [6.6164484, 4.6496463], [6.6164684, 4.6496463], [6.6164784, 4.6496463], [6.6164985, 4.6496363], [6.6165185, 4.6496363], [6.6165285, 4.6496363], [6.616548, 4.6496363], [6.6257787, 4.6484466], [6.6265087, 4.6483464], [6.6352386, 4.653516], [6.6358786, 4.652566], [6.6361885, 4.650666], [6.6345887, 4.650296], [6.6335187, 4.649936]]}, "properties": {"admin_area_name": "Nigeria", "fluid": "GAS", "mps_created_time": "Sep 8, 2021 12:13:29 PM", "mps_datasource_tags": "Data derived from Shell World Map, 2019, (https://reports.shell.com/investors-handbook/2019/servicepages/worldmap.php). Last Accessed Jan 2021", "mps_est_elevation_end_m": "4.0", "mps_est_elevation_start_m": "5.0", "mps_est_length_km": "4.20940269135409", "mps_est_shore_status": "ONSHORE", "mps_uuid": "5a9e09d2-1f54-48fe-b209-fa7919e0fd39", "name": "NIGERIA PIPELINE", "status": "OPERATIONAL", "updt": "May 28, 2025 9:01:28 PM"}}, {"type": "Feature", "id": "mps_mapping_pipeline.0cb836f0-e573-4854-8c18-09a036eda850", "geometry": {"type": "LineString", "coordinates": [[6.357557, 4.947626], [6.357649, 4.9494066], [6.3577433, 4.9508963], [6.3577785, 4.9512486], [6.357824, 4.9526668], [6.3578334, 4.9527874], [6.357843, 4.952909], [6.357842, 4.9529467], [6.357821, 4.9529867], [6.3577633, 4.953094], [6.357705, 4.953202], [6.3576474, 4.953308], [6.3574724, 4.953637], [6.3574653, 4.9536486], [6.3574324, 4.9537115], [6.3574185, 4.9537525], [6.357409, 4.9537897], [6.3574014, 4.953872], [6.3573956, 4.953992], [6.35739, 4.95411], [6.357384, 4.954231], [6.3573794, 4.954298], [6.357307, 4.954865], [6.3572264, 4.9556994], [6.357251, 4.956206], [6.3572497, 4.9563217], [6.357245, 4.9578843], [6.357251, 4.9579687], [6.3572483, 4.9580336], [6.357234, 4.9580836], [6.357215, 4.9581237], [6.357161, 4.958182], [6.3570747, 4.9582634], [6.3569574, 4.9583735], [6.356779, 4.958541], [6.3565125, 4.958788], [6.3555975, 4.9595823], [6.3555565, 4.9596176], [6.354522, 4.960459], [6.353859, 4.960984], [6.3533907, 4.9613743], [6.353299, 4.961453], [6.3525367, 4.9620595], [6.351228, 4.9631324], [6.3504558, 4.963735], [6.3498697, 4.9641824], [6.3481464, 4.9654875], [6.34806, 4.9655623], [6.3466105, 4.9666667], [6.345059, 4.9678316], [6.343309, 4.9691534], [6.342292, 4.9699116], [6.3414235, 4.970584], [6.3395166, 4.9720592], [6.3386474, 4.972732], [6.338561, 4.972799], [6.3367224, 4.974201], [6.3346906, 4.9757547], [6.3330636, 4.977], [6.332966, 4.9770727], [6.3312554, 4.978347], [6.3310695, 4.9784913], [6.330978, 4.97857], [6.329361, 4.979821], [6.328301, 4.980632], [6.327339, 4.9813666], [6.3264284, 4.982082], [6.326336, 4.9821577], [6.326241, 4.982232], [6.326198, 4.982271], [6.3261695, 4.98232], [6.3261576, 4.982365], [6.326155, 4.9823923], [6.3261495, 4.982484], [6.326172, 4.9825883], [6.3261957, 4.982706], [6.326389, 4.9835334], [6.3265805, 4.9843388], [6.3265977, 4.984431], [6.326597, 4.98446], [6.326588, 4.9845023], [6.3265524, 4.9845695], [6.32633, 4.984917], [6.3262815, 4.9849787], [6.3262553, 4.984999], [6.3262224, 4.9850187], [6.3256435, 4.9851737], [6.325159, 4.9852996], [6.325026, 4.985334], [6.3249106, 4.9853797], [6.3248434, 4.985451], [6.32481, 4.9854927], [6.324639, 4.985711], [6.3245916, 4.985735], [6.324532, 4.985747], [6.3244705, 4.9857354], [6.3244176, 4.9857206], [6.324347, 4.985693], [6.3243113, 4.9856634], [6.324282, 4.985627], [6.3242593, 4.9855537], [6.3239837, 4.984407], [6.3239393, 4.984275], [6.3239484, 4.98422], [6.32397, 4.984161], [6.3240075, 4.9841137], [6.3240385, 4.9840894], [6.3241086, 4.9840646], [6.324338, 4.984004], [6.3243837, 4.9839716], [6.3243823, 4.9839106], [6.3242865, 4.9835525], [6.324281, 4.983531], [6.3242736, 4.9835014]]}, "properties": {"admin_area_name": "Nigeria", "fluid": "OIL", "mps_created_time": "Sep 8, 2021 12:13:45 PM", "mps_datasource_tags": "Data derived from Shell World Map, 2019, (https://reports.shell.com/investors-handbook/2019/servicepages/worldmap.php). Last Accessed Jan 2021", "mps_est_elevation_end_m": "14.0", "mps_est_elevation_start_m": "15.0", "mps_est_length_km": "6.37120018970834", "mps_est_shore_status": "ONSHORE", "mps_uuid": "0cb836f0-e573-4854-8c18-09a036eda850", "name": "NIGERIA PIPELINE", "status": "OPERATIONAL", "updt": "May 28, 2025 9:01:36 PM"}}, {"type": "Feature", "id": "mps_mapping_pipeline.1694059d-5c03-46cb-be86-ffe53892559a", "geometry": {"type": "LineString", "coordinates": [[6.37348, 4.8828664], [6.3734403, 4.8828626], [6.3734107, 4.8828588], [6.373402, 4.882859], [6.3733935, 4.882859], [6.373367, 4.8828597], [6.3733377, 4.882877], [6.373312, 4.8828936], [6.37328, 4.882895], [6.3730206, 4.8828735], [6.372992, 4.8829346], [6.3729773, 4.883057], [6.3729677, 4.8831553], [6.372955, 4.883276], [6.372939, 4.8833303], [6.3729, 4.883374], [6.372853, 4.8834085], [6.3727922, 4.8834147], [6.3726044, 4.883393], [6.3725166, 4.8833847], [6.372484, 4.8833923], [6.3724413, 4.8834167], [6.3724046, 4.8834634], [6.371973, 4.8840327], [6.371907, 4.884126], [6.371571, 4.884564], [6.3715386, 4.8846164], [6.371519, 4.8846736], [6.371501, 4.8847346], [6.371468, 4.88481], [6.370421, 4.888291], [6.3703856, 4.888407], [6.3703475, 4.88851], [6.370309, 4.8886333], [6.370289, 4.8886847], [6.3702745, 4.888743], [6.3702784, 4.8888035], [6.370293, 4.8888674], [6.370325, 4.8889146], [6.37036, 4.888949], [6.3704243, 4.8889832], [6.3708415, 4.889169], [6.3709536, 4.889215], [6.3710003, 4.8892393], [6.371047, 4.8892884], [6.371075, 4.8893332], [6.371092, 4.8893976], [6.3710938, 4.8894496], [6.371075, 4.8895164], [6.3710494, 4.8895884], [6.371011, 4.8897047], [6.3703213, 4.891775], [6.3699703, 4.8928165], [6.3699393, 4.8929367], [6.369917, 4.892999], [6.3698854, 4.893045], [6.369845, 4.893083], [6.3697896, 4.8931146], [6.369711, 4.893154], [6.3676314, 4.8941393], [6.3675213, 4.894191], [6.367257, 4.8943157], [6.3671484, 4.8943644], [6.3656116, 4.8950744], [6.364401, 4.8956447], [6.3642898, 4.895697], [6.363633, 4.896003], [6.362977, 4.8963084], [6.3628707, 4.8963623], [6.362274, 4.8966327], [6.362165, 4.896683], [6.3606553, 4.89737], [6.360579, 4.897406], [6.360517, 4.89744], [6.360477, 4.8974743], [6.3604426, 4.8975153], [6.360412, 4.897574], [6.3604, 4.897598], [6.360346, 4.897709], [6.3598084, 4.8987966], [6.359753, 4.8989058], [6.3596973, 4.8990126], [6.3596387, 4.8991203], [6.3595796, 4.899225], [6.3593454, 4.8996243], [6.359287, 4.8997345], [6.3586235, 4.900783], [6.357723, 4.902202], [6.3576574, 4.902302], [6.357256, 4.902924], [6.3572297, 4.902969], [6.35721, 4.903038], [6.357176, 4.9032564], [6.357161, 4.9033694], [6.357087, 4.903815], [6.3570313, 4.904168], [6.3570232, 4.90421], [6.3569813, 4.904313], [6.3569317, 4.904424], [6.356649, 4.905097], [6.356273, 4.905989], [6.3558035, 4.9071035], [6.355756, 4.9072156], [6.355708, 4.907328], [6.355661, 4.9074388], [6.3556128, 4.907552], [6.3555646, 4.907665], [6.355519, 4.907773], [6.35549, 4.907881], [6.3553557, 4.908225], [6.3553133, 4.908336], [6.3552923, 4.9083915], [6.355268, 4.908457], [6.355258, 4.90849], [6.355231, 4.908616], [6.355337, 4.910439], [6.355402, 4.9115343], [6.355462, 4.912611], [6.3554664, 4.912683], [6.3555512, 4.9141264], [6.3555613, 4.914248], [6.3555975, 4.915065], [6.3556666, 4.91636], [6.3557234, 4.917436], [6.3557878, 4.9186454], [6.355912, 4.920466], [6.356, 4.9220333], [6.35606, 4.9230056], [6.3561287, 4.924214], [6.3561325, 4.924332], [6.3562875, 4.9268885], [6.3564086, 4.9288335], [6.356418, 4.9289546], [6.3564844, 4.9298697], [6.3564944, 4.92999], [6.356598, 4.931678], [6.3567553, 4.934209], [6.3568153, 4.9351873], [6.3568244, 4.935309], [6.356925, 4.9368176], [6.356957, 4.9373612], [6.356967, 4.937608], [6.3570065, 4.938253], [6.357053, 4.9392467], [6.3570538, 4.9393635], [6.3570623, 4.9394836], [6.3571095, 4.9402113], [6.3571978, 4.9415402], [6.357215, 4.9418993], [6.3572254, 4.9420137], [6.357237, 4.9421406], [6.3572483, 4.942253], [6.357259, 4.9423733], [6.3572655, 4.9424934], [6.357272, 4.942617], [6.357275, 4.9426675], [6.357281, 4.9427886], [6.357283, 4.942824], [6.35729, 4.942945], [6.357292, 4.942994], [6.357299, 4.9431143], [6.3573008, 4.9431553], [6.3573074, 4.943279], [6.35731, 4.9433174], [6.357316, 4.9434404], [6.357318, 4.9434743], [6.3573246, 4.943594], [6.357327, 4.943644], [6.3573337, 4.9437637], [6.3573356, 4.943805], [6.3573422, 4.943928], [6.3573446, 4.943966], [6.357351, 4.9440856], [6.357353, 4.944134], [6.35736, 4.9442544], [6.3573613, 4.944285], [6.357368, 4.944407], [6.3573694, 4.9444323], [6.357376, 4.9445553], [6.3573775, 4.9445853], [6.357384, 4.944706], [6.3573847, 4.9447203], [6.357385, 4.9447284], [6.3573866, 4.9447536], [6.3573933, 4.944873], [6.357396, 4.9449263], [6.3574023, 4.9450493], [6.357409, 4.945169], [6.357415, 4.945287], [6.357422, 4.9454064], [6.357428, 4.9455276], [6.3574347, 4.9456463], [6.357441, 4.945768], [6.3574476, 4.94589], [6.357451, 4.9459515]]}, "properties": {"admin_area_name": "Nigeria", "fluid": "OIL", "mps_created_time": "Sep 8, 2021 12:13:42 PM", "mps_datasource_tags": "Data derived from Shell World Map, 2019, (https://reports.shell.com/investors-handbook/2019/servicepages/worldmap.php). Last Accessed Jan 2021", "mps_est_elevation_end_m": "15.0", "mps_est_elevation_start_m": "17.0", "mps_est_length_km": "8.01971543437663", "mps_est_shore_status": "ONSHORE", "mps_uuid": "1694059d-5c03-46cb-be86-ffe53892559a", "name": "NIGERIA PIPELINE", "status": "OPERATIONAL", "updt": "May 28, 2025 9:01:34 PM"}}, {"type": "Feature", "id": "mps_mapping_pipeline.26218083-a297-48cd-892a-0932f41c8e27", "geometry": {"type": "LineString", "coordinates": [[5.8842306, 4.251879], [5.8157706, 4.330701]]}, "properties": {"admin_area_name": "Nigeria", "fluid": "OIL", "mps_created_time": "Jan 1, 1900 12:00:00 AM", "mps_est_elevation_end_m": "-12.0", "mps_est_elevation_start_m": "-9.0", "mps_est_length_km": "11.5640518432928", "mps_est_shore_status": "OFFSHORE", "mps_uuid": "26218083-a297-48cd-892a-0932f41c8e27", "name": "OKUBIE TO FUNIWA", "status": "OPERATIONAL", "updt": "Aug 17, 2022 11:39:59 AM"}}, {"type": "Feature", "id": "mps_mapping_pipeline.ca031b78-3471-4a91-83bc-eb5eff1c1443", "geometry": {"type": "LineString", "coordinates": [[5.918363648007228, 4.655193007362327], [5.9192778, 4.6621111], [5.922191620623962, 4.6840514198179015], [5.9196111, 4.699], [5.918359566621734, 4.706386820288027], [5.919290208307989, 4.708822911760872], [5.921562068895024, 4.711587465005335], [5.925873129647529, 4.712312818084329], [5.9304442226359, 4.71585746803639], [5.931224319343496, 4.716938654701304], [5.936260733174995, 4.719443175709902]]}, "properties": {"admin_area_name": "Nigeria", "fluid": "OIL", "mps_created_time": "Jan 1, 1900 12:00:00 AM", "mps_datasource_tags": "Inferred from satellite imagery and NG oil spill data.", "mps_est_elevation_end_m": "18.0", "mps_est_elevation_start_m": "17.0", "mps_est_length_km": "8.30745171985071", "mps_est_shore_status": "ONSHORE", "mps_uuid": "ca031b78-3471-4a91-83bc-eb5eff1c1443", "name": "AZUAMA FLOWLINE", "status": "OPERATIONAL", "updt": "Aug 17, 2022 11:19:39 AM"}}, {"type": "Feature", "id": "mps_mapping_pipeline.0ebf1096-a45e-46fa-9655-546778e90272", "geometry": {"type": "LineString", "coordinates": [[5.770809461000056, 4.914058172000061], [5.774548054281006, 4.921009216227057], [5.782266905914063, 4.926264604572969], [5.808694, 4.950833], [5.83449232760156, 4.975807588458907], [5.8622473473034065, 5.006737738619742], [5.868050171935351, 5.024857879687416]]}, "properties": {"admin_area_name": "Nigeria", "fluid": "OIL", "mps_created_time": "Jan 1, 1900 12:00:00 AM", "mps_datasource_tags": "Inferred from satellite imagery and NG oil spill data.", "mps_est_elevation_end_m": "18.0", "mps_est_elevation_start_m": "12.0", "mps_est_length_km": "16.5872061742932", "mps_est_shore_status": "ONSHORE", "mps_uuid": "0ebf1096-a45e-46fa-9655-546778e90272", "name": "OPKUSHI SAMPON PIPELINE", "status": "OPERATIONAL", "updt": "Aug 17, 2022 11:19:39 AM"}}, {"type": "Feature", "id": "mps_mapping_pipeline.1b754cc4-5ae1-46b2-89c4-3cd7a14015c4", "geometry": {"type": "LineString", "coordinates": [[6.357924, 4.9029565], [6.361642, 4.904921], [6.3616447, 4.9049225], [6.3648286, 4.906614], [6.366418, 4.9074574], [6.368019, 4.9083076], [6.3712087, 4.910001], [6.37439, 4.911697], [6.3775764, 4.9133887], [6.3809667, 4.915198], [6.3839564, 4.9167805], [6.3871474, 4.918464], [6.3903337, 4.920156], [6.392543, 4.921316], [6.3961053, 4.92187], [6.4014874, 4.922703], [6.403252, 4.9229765], [6.4068084, 4.92353], [6.41037, 4.9240837], [6.4146504, 4.924748], [6.419725, 4.925542], [6.423438, 4.9261203], [6.4268517, 4.926657], [6.430412, 4.927214], [6.4339175, 4.9277554], [6.437542, 4.9283247], [6.4411006, 4.928885], [6.444666, 4.9294405], [6.4482417, 4.9299965], [6.4517884, 4.930552], [6.455278, 4.931097], [6.4802456, 4.9350014], [6.483782, 4.935559], [6.487371, 4.93612], [6.4909234, 4.9366713], [6.5325623, 4.943205], [6.541299, 4.944569], [6.544861, 4.945129], [6.5484805, 4.945699], [6.5519485, 4.946256], [6.557491, 4.9471307], [6.559478, 4.947812], [6.5617146, 4.948994], [6.5648875, 4.950672], [6.56786, 4.9522443], [6.5710487, 4.95393], [6.5742393, 4.955615], [6.5774274, 4.9573045], [6.5806184, 4.9589906], [6.5838, 4.9606733], [6.5869884, 4.9623575], [6.5927353, 4.9653907], [6.5981345, 4.966007], [6.6017156, 4.9664226], [6.6249576, 4.9690824], [6.6285377, 4.969494], [6.6334677, 4.9700627], [6.6435905, 4.9712286], [6.657501, 4.9728203], [6.6844954, 4.982526], [6.6883683, 4.9812174]]}, "properties": {"admin_area_name": "Nigeria", "fluid": "OIL", "mps_created_time": "Sep 8, 2021 12:13:39 PM", "mps_datasource_tags": "Data derived from Shell World Map, 2019, (https://reports.shell.com/investors-handbook/2019/servicepages/worldmap.php). Last Accessed Jan 2021", "mps_est_elevation_end_m": "13.0", "mps_est_elevation_start_m": "19.0", "mps_est_length_km": "38.1245230583133", "mps_est_shore_status": "ONSHORE", "mps_uuid": "1b754cc4-5ae1-46b2-89c4-3cd7a14015c4", "name": "NIGERIA PIPELINE", "status": "OPERATIONAL", "updt": "May 28, 2025 9:01:33 PM"}}, {"type": "Feature", "id": "mps_mapping_pipeline.40574b75-c34e-4d11-901c-054c037d8597", "geometry": {"type": "LineString", "coordinates": [[6.515680077094129, 4.419105130884198], [6.514408194853888, 4.422951683194715], [6.5044448544480975, 4.442330927720265], [6.4990556, 4.4517222], [6.494970821923411, 4.482966834244357]]}, "properties": {"admin_area_name": "Nigeria", "fluid": "OIL", "mps_created_time": "Jan 1, 1900 12:00:00 AM", "mps_datasource_tags": "Inferred from satellite imagery and NG oil spill data.", "mps_est_elevation_end_m": "5.0", "mps_est_elevation_start_m": "6.0", "mps_est_length_km": "7.54274593432017", "mps_est_shore_status": "ONSHORE", "mps_uuid": "40574b75-c34e-4d11-901c-054c037d8597", "name": "ODEAMA - TORA DELIVERY LINE", "status": "OPERATIONAL", "updt": "Aug 17, 2022 11:19:38 AM"}}, {"type": "Feature", "id": "mps_mapping_pipeline.4ec6d78a-3d5a-41c4-93e3-b0786e80683e", "geometry": {"type": "LineString", "coordinates": [[6.355497432730935, 4.444753603580857], [6.418118182715924, 4.46670810781761], [6.504191320454993, 4.577646818681297], [6.609391822136075, 4.655112642646459]]}, "properties": {"admin_area_name": "Nigeria", "fluid": "GAS", "mps_created_time": "Jan 1, 1900 12:00:00 AM", "mps_datasource_tags": "Inferred from satellite imagery and NG oil spill data.", "mps_est_elevation_end_m": "5.0", "mps_est_elevation_start_m": "10.0", "mps_est_length_km": "37.3887839378318", "mps_est_shore_status": "ONSHORE", "mps_uuid": "4ec6d78a-3d5a-41c4-93e3-b0786e80683e", "name": "SOKU - NEMBE", "status": "OPERATIONAL", "updt": "Aug 17, 2022 11:19:36 AM"}}, {"type": "Feature", "id": "mps_mapping_pipeline.340c4586-4d3c-4ee2-ab95-eb95e536b137", "geometry": {"type": "LineString", "coordinates": [[6.238303703766158, 4.304061979458452], [6.251867798088763, 4.302739847520869], [6.275106516402124, 4.325178543718695], [6.2991667, 4.3471944], [6.3117778, 4.36175], [6.3231667, 4.3765278], [6.3431667, 4.4015556], [6.3497222, 4.4081111], [6.35525, 4.4417222], [6.3555833, 4.4458056], [6.3655556, 4.5253611], [6.4174167, 4.6866389], [6.4276667, 4.7174722], [6.4351667, 4.7385], [6.4484722, 4.7789167], [6.46825, 4.8429722], [6.4890833, 4.9030833], [6.5003889, 4.9382222], [6.5324722, 5.0125278], [6.5512778, 5.0591389], [6.5633333, 5.0890556], [6.572196082429011, 5.113725179348292], [6.5732611, 5.1251194], [6.5739778, 5.1350778], [6.5886389, 5.166], [6.5931944, 5.1813611], [6.5946944, 5.1894722], [6.5893611, 5.1946667], [6.593987572402332, 5.23018334324036], [6.6017778, 5.2429722]]}, "properties": {"admin_area_name": "Nigeria", "fluid": "OIL", "mps_created_time": "Jan 1, 1900 12:00:00 AM", "mps_datasource_tags": "Inferred from satellite imagery and NG oil spill data.", "mps_est_elevation_end_m": "18.0", "mps_est_elevation_start_m": "13.0", "mps_est_length_km": "114.878058073131", "mps_est_shore_status": "BOTH", "mps_uuid": "340c4586-4d3c-4ee2-ab95-eb95e536b137", "name": "OGDA/BRASS PIPELINE", "status": "OPERATIONAL", "updt": "Aug 17, 2022 11:19:38 AM"}}, {"type": "Feature", "id": "mps_mapping_pipeline.36cd95b5-8b00-422e-8657-2c0169c6c948", "geometry": {"type": "LineString", "coordinates": [[6.1004868, 4.8057766], [6.100587, 4.8058167], [6.100617, 4.8058267], [6.100957, 4.805947], [6.1011267, 4.806007], [6.1014667, 4.8061366], [6.101767, 4.8062468], [6.102067, 4.8063564], [6.102307, 4.8064365], [6.102727, 4.8065767], [6.105187, 4.8076267], [6.129517, 4.817906], [6.1316175, 4.8187757], [6.1344576, 4.819956], [6.1487775, 4.8245354], [6.166708, 4.828585], [6.169118, 4.8271255], [6.1777983, 4.8297753], [6.180488, 4.8305855], [6.185448, 4.8311954], [6.1877785, 4.8314652], [6.222409, 4.835525], [6.2473593, 4.850234], [6.2492294, 4.851834], [6.249369, 4.851954], [6.261679, 4.862493], [6.2798896, 4.8701625], [6.29284, 4.875552], [6.29318, 4.8757324], [6.3180704, 4.8863115], [6.355261, 4.9016104], [6.357701, 4.9028506]]}, "properties": {"admin_area_name": "Nigeria", "fluid": "OIL", "mps_created_time": "Sep 8, 2021 12:13:24 PM", "mps_datasource_tags": "Data derived from Shell World Map, 2019, (https://reports.shell.com/investors-handbook/2019/servicepages/worldmap.php). Last Accessed Jan 2021", "mps_est_elevation_end_m": "19.0", "mps_est_elevation_start_m": "15.0", "mps_est_length_km": "30.9477628177803", "mps_est_shore_status": "ONSHORE", "mps_uuid": "36cd95b5-8b00-422e-8657-2c0169c6c948", "name": "NIGERIA PIPELINE", "status": "OPERATIONAL", "updt": "May 28, 2025 9:01:26 PM"}}, {"type": "Feature", "id": "mps_mapping_pipeline.54ee0bdc-a055-47d4-a371-e637e9d675d7", "geometry": {"type": "LineString", "coordinates": [[6.28922357146219, 4.399205024121427], [6.275136018583624, 4.353319857586589], [6.246960912826493, 4.300876243353524]]}, "properties": {"admin_area_name": "Nigeria", "fluid": "OIL", "mps_created_time": "Feb 13, 2023 11:39:58 AM", "mps_est_elevation_end_m": "9.0", "mps_est_elevation_start_m": "-2.0", "mps_est_length_km": "11.8983382467951", "mps_est_shore_status": "BOTH", "mps_uuid": "54ee0bdc-a055-47d4-a371-e637e9d675d7", "name": "BRASS TERMINAL TRUNKLINE", "status": "OPERATIONAL", "updt": "Feb 14, 2023 9:35:58 AM"}}, {"type": "Feature", "id": "mps_mapping_pipeline.4101aba5-1076-4646-bb36-c7f19c820db1", "geometry": {"type": "LineString", "coordinates": [[6.2988415, 5.0174184], [6.299216, 5.0174284], [6.299511, 5.0174384], [6.299842, 5.017433], [6.3002796, 5.017423], [6.3007393, 5.017397], [6.301218, 5.0173597], [6.301567, 5.0173383], [6.3018885, 5.01732], [6.3020926, 5.017314], [6.3025026, 5.017329], [6.3027825, 5.0173273], [6.3030086, 5.017321], [6.3030877, 5.0173206], [6.303103, 5.017323], [6.3031178, 5.0173364], [6.3031096, 5.0176516], [6.3030896, 5.0185013], [6.303068, 5.019333], [6.303062, 5.019793], [6.3030534, 5.020408], [6.302845, 5.0207577], [6.302682, 5.021072], [6.3024063, 5.0216684], [6.3021193, 5.022302], [6.301749, 5.0231457], [6.3013053, 5.0241275], [6.3010883, 5.0245733], [6.3007607, 5.025251], [6.300371, 5.0261703], [6.300055, 5.0268574], [6.2995825, 5.027923], [6.299145, 5.02889], [6.2989945, 5.029238], [6.298811, 5.0296545], [6.298603, 5.0301766], [6.298332, 5.030827], [6.2980685, 5.0313787], [6.297827, 5.0319934], [6.297479, 5.032832], [6.297278, 5.033285], [6.297154, 5.033515], [6.2970214, 5.0336976], [6.2968783, 5.0338755], [6.2966094, 5.034238], [6.2962136, 5.034728], [6.2959304, 5.035105], [6.295675, 5.035403], [6.2953024, 5.0358076], [6.2950306, 5.0361185], [6.2948, 5.03639], [6.294489, 5.0367856], [6.294368, 5.0369244], [6.294079, 5.037277], [6.293702, 5.0377336], [6.2936015, 5.037965], [6.2934804, 5.0382795], [6.2932153, 5.039044], [6.2931128, 5.0393453], [6.2928004, 5.0401974], [6.292549, 5.0409675], [6.2922254, 5.041911], [6.291896, 5.0428147], [6.2916627, 5.0434813], [6.291501, 5.0439916], [6.291224, 5.0447874], [6.2909374, 5.045656], [6.2905297, 5.0468187], [6.2902117, 5.0477195], [6.290006, 5.048299], [6.2899065, 5.048597], [6.2896047, 5.049461], [6.2894735, 5.049877], [6.289172, 5.0507913], [6.289036, 5.0512285], [6.2888055, 5.0519047], [6.2885737, 5.0525713], [6.2882853, 5.053402], [6.2880754, 5.0540094], [6.2878375, 5.054709], [6.287627, 5.0553465], [6.287399, 5.0560427], [6.287274, 5.056436], [6.2871428, 5.0568957], [6.2866254, 5.0568833], [6.286748, 5.0575438]]}, "properties": {"admin_area_name": "Nigeria", "fluid": "GAS", "mps_created_time": "Sep 8, 2021 12:13:47 PM", "mps_datasource_tags": "Data derived from Shell World Map, 2019, (https://reports.shell.com/investors-handbook/2019/servicepages/worldmap.php). Last Accessed Jan 2021", "mps_est_elevation_end_m": "22.0", "mps_est_elevation_start_m": "17.0", "mps_est_length_km": "5.38218321629621", "mps_est_shore_status": "ONSHORE", "mps_uuid": "4101aba5-1076-4646-bb36-c7f19c820db1", "name": "NIGERIA PIPELINE", "status": "OPERATIONAL", "updt": "May 28, 2025 9:01:37 PM"}}, {"type": "Feature", "id": "mps_mapping_pipeline.0c5b1969-6d5d-43b3-b4ea-f4c925c635cf", "geometry": {"type": "LineString", "coordinates": [[5.7713494, 4.9137635], [5.7712398, 4.9138737], [5.7716694, 4.9146633], [5.7720995, 4.9154634], [5.7725296, 4.916253], [5.7729597, 4.917053], [5.7733893, 4.9178534], [5.7738194, 4.918643], [5.7739196, 4.918813], [5.7744293, 4.919553], [5.7749496, 4.920293], [5.7753496, 4.920833], [5.7760496, 4.920263], [5.7766194, 4.919773], [5.7772994, 4.9191833], [5.77798, 4.918593], [5.77867, 4.917993], [5.77934, 4.917393], [5.78003, 4.9168034], [5.7807097, 4.9162035], [5.7813897, 4.9156137], [5.7820697, 4.9150033], [5.7827497, 4.9144135], [5.7834196, 4.9138236], [5.7834396, 4.9138036]]}, "properties": {"admin_area_name": "Nigeria", "fluid": "OIL", "mps_created_time": "Sep 8, 2021 12:13:15 PM", "mps_datasource_tags": "Data derived from Shell World Map, 2019, (https://reports.shell.com/investors-handbook/2019/servicepages/worldmap.php). Last Accessed Jan 2021", "mps_est_elevation_end_m": "10.0", "mps_est_elevation_start_m": "13.0", "mps_est_length_km": "2.10030029625342", "mps_est_shore_status": "ONSHORE", "mps_uuid": "0c5b1969-6d5d-43b3-b4ea-f4c925c635cf", "name": "NIGERIA PIPELINE", "status": "OPERATIONAL", "updt": "May 28, 2025 9:01:21 PM"}}, {"type": "Feature", "id": "mps_mapping_pipeline.e9719eee-d8d7-4255-9c26-7d8f51aa2b40", "geometry": {"type": "LineString", "coordinates": [[5.9260556, 4.5525], [5.9352222, 4.5498889], [5.943477768212538, 4.547415884793251], [5.948085356953311, 4.5461294095210745], [5.9534167, 4.5446389], [5.9624444, 4.5420833], [5.9714444, 4.5393889], [5.9773333, 4.5378056], [5.9802778, 4.5369167], [5.9884167, 4.5345278], [5.99675, 4.5315278], [6.0015278, 4.52925], [6.0070833, 4.5266111], [6.0126111, 4.5240278], [6.0201111, 4.5199167], [6.0293611, 4.5141667], [6.035, 4.5105833], [6.0378333, 4.5096111], [6.0399167, 4.5090833], [6.0439722, 4.5082222], [6.0518889, 4.5063056], [6.0555833, 4.5053333], [6.0617778, 4.5026111], [6.0687222, 4.4995833], [6.0769722, 4.4959167], [6.0847222, 4.492], [6.0937222, 4.4871944], [6.0976944, 4.4839444], [6.1029722, 4.4779722], [6.104332796925075, 4.476468142123442], [6.1086667, 4.4748889], [6.110126497618919, 4.474433503927022], [6.1136389, 4.4744444], [6.119715756562587, 4.474643354503333], [6.1291944, 4.4749444], [6.1328056, 4.4749167], [6.1375833, 4.4722222], [6.1403333, 4.4703056], [6.1431667, 4.4695], [6.1509167, 4.4685278], [6.1616944, 4.4646944], [6.1697222, 4.4604167], [6.1786944, 4.4556111], [6.1846389, 4.4525556], [6.1936944, 4.4494444], [6.19525, 4.4489444], [6.2023056, 4.4432778], [6.2069444, 4.4390556], [6.216219649852011, 4.430383130777608], [6.232624490556783, 4.4260218883655496], [6.245247285780038, 4.413509486868973], [6.248481894975523, 4.410711920232842], [6.2616944, 4.4053889], [6.2616944, 4.4053889], [6.2645278, 4.40425], [6.2825833, 4.4021667]]}, "properties": {"admin_area_name": "Nigeria", "fluid": "OIL", "mps_created_time": "Jan 1, 1900 12:00:00 AM", "mps_datasource_tags": "Inferred from satellite imagery and NG oil spill data.", "mps_est_elevation_end_m": "11.0", "mps_est_elevation_start_m": "6.0", "mps_est_length_km": "43.8778729815911", "mps_est_shore_status": "BOTH", "mps_uuid": "e9719eee-d8d7-4255-9c26-7d8f51aa2b40", "name": "TEBIDABA/BRASS PIPELINE", "status": "OPERATIONAL", "updt": "Aug 17, 2022 11:19:37 AM"}}, {"type": "Feature", "id": "mps_mapping_pipeline.4fe87c5e-eebb-4436-b806-fe15d9e1c979", "geometry": {"type": "LineString", "coordinates": [[6.373463, 4.8829494], [6.3734164, 4.882944], [6.373171, 4.882916], [6.373105, 4.8829145], [6.373058, 4.882939], [6.3730135, 4.8829904], [6.3729863, 4.883166], [6.372977, 4.88324], [6.3729644, 4.883298], [6.3729296, 4.8833528], [6.37289, 4.883394], [6.3728347, 4.8834224], [6.3727746, 4.883441], [6.3727136, 4.8834386], [6.3726015, 4.883415], [6.372521, 4.8834076], [6.372484, 4.8834085], [6.3724422, 4.8834395], [6.372392, 4.883496], [6.3723197, 4.883589], [6.372244, 4.883686], [6.3721704, 4.883785], [6.372099, 4.8838816], [6.3718123, 4.884266], [6.3715787, 4.8845644], [6.3715463, 4.8846173], [6.371527, 4.8846736], [6.3715096, 4.884737], [6.3714767, 4.884813], [6.3710265, 4.886317], [6.370393, 4.8884096], [6.3703556, 4.8885245], [6.3703027, 4.8886895], [6.370282, 4.888761], [6.370286, 4.88881], [6.3703055, 4.888865], [6.3703465, 4.888916], [6.370382, 4.888951], [6.370446, 4.8889813], [6.3705335, 4.8890195], [6.3708715, 4.8891706], [6.3709846, 4.88922], [6.371025, 4.889243], [6.371072, 4.889303], [6.3710947, 4.8893476], [6.371104, 4.8894153], [6.3711042, 4.8894567], [6.3710804, 4.8895316], [6.3710613, 4.8895874], [6.3710246, 4.8897057], [6.370328, 4.891786], [6.369989, 4.892816], [6.369953, 4.892934], [6.369932, 4.893001], [6.3699036, 4.893045], [6.3698587, 4.8930864], [6.369803, 4.8931146], [6.369644, 4.893192], [6.369425, 4.8932986], [6.3675947, 4.894165], [6.367491, 4.894214], [6.367269, 4.894316], [6.3671584, 4.8943677], [6.365603, 4.8950896], [6.364404, 4.895655], [6.364309, 4.8957], [6.363758, 4.895954], [6.362985, 4.8963165], [6.3628736, 4.8963675], [6.36226, 4.8966465], [6.362148, 4.896701], [6.360659, 4.897376], [6.3605504, 4.8974323], [6.36051, 4.8974566], [6.360476, 4.8974886], [6.3604407, 4.8975315], [6.3604107, 4.897593], [6.3603625, 4.897702], [6.359873, 4.8986883], [6.3597617, 4.8989086], [6.3597074, 4.8990097], [6.3596478, 4.8991203], [6.359593, 4.899217], [6.3593516, 4.8996344], [6.3592887, 4.8997397], [6.3586254, 4.9007998], [6.3577147, 4.9022303], [6.357582, 4.9024305], [6.3572636, 4.9029264], [6.357235, 4.902975], [6.3572183, 4.9030385], [6.357189, 4.9032097], [6.357097, 4.9038053], [6.357057, 4.9040484], [6.3570366, 4.90417], [6.3570294, 4.9042096], [6.356999, 4.9042864], [6.3569865, 4.9043183], [6.3569446, 4.904431], [6.356661, 4.9051065], [6.3560553, 4.90655], [6.3558187, 4.9071126], [6.3557706, 4.907226], [6.355724, 4.9073367], [6.355676, 4.907448], [6.35563, 4.9075565], [6.3555827, 4.907668], [6.355537, 4.907776], [6.355499, 4.9078875], [6.3553686, 4.9082274], [6.3553185, 4.9083405], [6.3553076, 4.90837], [6.35528, 4.908439], [6.3552694, 4.9084873], [6.355248, 4.9085674], [6.355243, 4.908639], [6.355353, 4.910548], [6.355475, 4.91268], [6.355482, 4.9128027], [6.3555465, 4.913875], [6.355552, 4.9139986], [6.3556232, 4.915331], [6.355688, 4.9165463], [6.355752, 4.9177675], [6.355815, 4.918867], [6.355924, 4.920545], [6.3560076, 4.9220066], [6.3560586, 4.9228654], [6.3561354, 4.924202], [6.356144, 4.924323], [6.356284, 4.926639], [6.3564205, 4.928839], [6.356429, 4.928954], [6.356495, 4.9298816], [6.356502, 4.930001], [6.3566103, 4.931706], [6.3567667, 4.934212], [6.356826, 4.9351788], [6.356892, 4.936158], [6.3569474, 4.9370103], [6.3569746, 4.9374704], [6.356978, 4.9375916], [6.35702, 4.9382505], [6.357068, 4.9392724], [6.357068, 4.939395], [6.357139, 4.940465], [6.3572125, 4.9415283], [6.3572593, 4.9422574], [6.3572717, 4.942378], [6.357384, 4.9443893], [6.357464, 4.9459295], [6.357476, 4.9460526], [6.357512, 4.946405], [6.3575583, 4.947258], [6.3575706, 4.94762], [6.357664, 4.949472], [6.3577576, 4.950898], [6.3577933, 4.95126], [6.3578324, 4.9526553], [6.3578405, 4.952772], [6.357851, 4.9528933], [6.3578544, 4.952964], [6.3578343, 4.95301], [6.357777, 4.9531155], [6.357719, 4.9532237], [6.3576636, 4.953327], [6.3574886, 4.9536443], [6.3574543, 4.9537053], [6.3574386, 4.953751], [6.357424, 4.9538074], [6.357419, 4.953865], [6.3574176, 4.9538784], [6.3574085, 4.953998], [6.3573995, 4.9541097], [6.35739, 4.954231], [6.3573775, 4.954346], [6.3573217, 4.954901], [6.3572545, 4.9557185], [6.3572617, 4.956218], [6.3572636, 4.956336], [6.3572617, 4.9570575], [6.3572593, 4.9578953], [6.357264, 4.957971], [6.3572607, 4.9580407], [6.357246, 4.958086], [6.3572264, 4.9581294], [6.3571796, 4.958182], [6.357092, 4.9582624], [6.356803, 4.9585304], [6.356545, 4.958765], [6.3556495, 4.9595494], [6.3555627, 4.9596252], [6.3549156, 4.9601502], [6.353898, 4.9609694], [6.353435, 4.9613543], [6.353342, 4.9614277], [6.352321, 4.9622593], [6.351887, 4.9626017], [6.351487, 4.9629445], [6.350544, 4.9636765], [6.350441, 4.963761], [6.3498545, 4.9642057], [6.3481493, 4.9655], [6.348061, 4.9655766], [6.346596, 4.9666915], [6.3450613, 4.967841], [6.343317, 4.9691596], [6.343221, 4.969233], [6.341867, 4.9702725], [6.3398633, 4.971811], [6.3385687, 4.972805], [6.338257, 4.9730444], [6.3367505, 4.974195], [6.334719, 4.975745], [6.3330793, 4.9769998], [6.3329806, 4.977073], [6.3312583, 4.978357], [6.3310704, 4.978505], [6.330982, 4.978583], [6.3293824, 4.979839], [6.328453, 4.9805446], [6.327412, 4.9813347], [6.32683, 4.981776], [6.3264613, 4.9820647], [6.3263674, 4.9821424], [6.326343, 4.982163], [6.3262496, 4.9822416], [6.326195, 4.9822974], [6.326167, 4.982398], [6.3261642, 4.9824176], [6.3261614, 4.982478], [6.3261876, 4.982602], [6.326212, 4.982718], [6.326574, 4.9842596], [6.3265915, 4.984359], [6.3266025, 4.984421], [6.3266015, 4.984455], [6.326596, 4.9844885], [6.326586, 4.984521], [6.326549, 4.9845886], [6.3263416, 4.9849105], [6.326289, 4.984979], [6.3262606, 4.9850016], [6.3262286, 4.9850216], [6.3261476, 4.9850492], [6.3250136, 4.9853444], [6.3249874, 4.985357], [6.324911, 4.985395], [6.3248806, 4.9854255], [6.324844, 4.985464], [6.324804, 4.9855156], [6.3246675, 4.985695], [6.324623, 4.9857383], [6.3245773, 4.9857574], [6.324517, 4.9857626], [6.3244605, 4.9857464], [6.324409, 4.985729], [6.324353, 4.9857063], [6.3243084, 4.9856687], [6.3242826, 4.985637], [6.324253, 4.985561], [6.3239765, 4.984412], [6.3239317, 4.984308], [6.323925, 4.9842606], [6.3239317, 4.984217], [6.3239427, 4.9841843], [6.3239985, 4.984116], [6.324041, 4.9840813], [6.3241, 4.98406], [6.324297, 4.9840074], [6.324314, 4.983997], [6.3243175, 4.983974], [6.324258, 4.983722], [6.324229, 4.9836082], [6.324209, 4.983518]]}, "properties": {"admin_area_name": "Nigeria", "fluid": "OIL", "mps_created_time": "Sep 8, 2021 12:13:13 PM", "mps_datasource_tags": "Data derived from Shell World Map, 2019, (https://reports.shell.com/investors-handbook/2019/servicepages/worldmap.php). Last Accessed Jan 2021", "mps_est_elevation_end_m": "14.0", "mps_est_elevation_start_m": "17.0", "mps_est_length_km": "14.5607981113959", "mps_est_shore_status": "ONSHORE", "mps_uuid": "4fe87c5e-eebb-4436-b806-fe15d9e1c979", "name": "NIGERIA PIPELINE", "status": "OPERATIONAL", "updt": "May 28, 2025 9:01:19 PM"}}, {"type": "Feature", "id": "mps_mapping_pipeline.6301342b-9ba7-48e9-b3f5-db54954612fe", "geometry": {"type": "LineString", "coordinates": [[6.3734436, 4.8830366], [6.3734355, 4.8830357], [6.3734155, 4.8830333], [6.373406, 4.883032], [6.3733764, 4.883029], [6.3733406, 4.8830256], [6.373233, 4.8830137], [6.3731227, 4.883032], [6.373073, 4.883059], [6.373035, 4.883103], [6.373007, 4.8831477], [6.3729944, 4.8832064], [6.3729825, 4.883275], [6.3729706, 4.883329], [6.3729415, 4.8833766], [6.3729076, 4.8834157], [6.3728538, 4.883446], [6.3728056, 4.883465], [6.372743, 4.8834615], [6.372589, 4.883439], [6.3725266, 4.883435], [6.372479, 4.883449], [6.372433, 4.8834734], [6.3723907, 4.883522], [6.371591, 4.8845816], [6.371553, 4.884639], [6.371538, 4.88468], [6.371506, 4.8847647], [6.371475, 4.884873], [6.371054, 4.8862786], [6.3707914, 4.887139], [6.370372, 4.8885407], [6.3703322, 4.888646], [6.370315, 4.8886952], [6.3703036, 4.888742], [6.3703074, 4.8887987], [6.370322, 4.8888574], [6.37035, 4.888897], [6.370383, 4.8889318], [6.3704247, 4.888955], [6.3707323, 4.889094], [6.3708363, 4.8891387], [6.3709903, 4.8892074], [6.3710465, 4.889237], [6.371082, 4.889274], [6.3711143, 4.889321], [6.3711295, 4.8893733], [6.3711367, 4.8894362], [6.3711247, 4.889487], [6.3711047, 4.8895454], [6.37107, 4.889654], [6.37, 4.892834], [6.3699636, 4.8929415], [6.369954, 4.892971], [6.369936, 4.8930182], [6.369903, 4.893065], [6.369869, 4.8931], [6.3698173, 4.893132], [6.369733, 4.8931737], [6.367601, 4.8941727], [6.367503, 4.8942266], [6.367295, 4.894326], [6.367195, 4.894375], [6.3664804, 4.8947062], [6.3651533, 4.895325], [6.364543, 4.895609], [6.3629146, 4.8963666], [6.362253, 4.8966737], [6.3621526, 4.8967195], [6.3615403, 4.8970003], [6.3607244, 4.8973794], [6.360621, 4.8974276], [6.3605866, 4.8974442], [6.360546, 4.8974667], [6.3605156, 4.897493], [6.360485, 4.8975244], [6.360462, 4.897563], [6.3604074, 4.8976626], [6.359862, 4.8987727], [6.3593097, 4.8997526], [6.3587656, 4.9006143], [6.3587084, 4.9007106], [6.357612, 4.9024167], [6.3575506, 4.902511], [6.3574286, 4.9027004], [6.357274, 4.9029474], [6.3572474, 4.903], [6.357235, 4.9030504], [6.357185, 4.9033804], [6.3570623, 4.904161], [6.3570523, 4.904223], [6.3570347, 4.9042697], [6.3569937, 4.904365], [6.3569493, 4.904468], [6.356431, 4.9056597], [6.35634, 4.90591], [6.355814, 4.907155], [6.355598, 4.907669], [6.355554, 4.907777], [6.355351, 4.9083033], [6.3553076, 4.908403], [6.355298, 4.9084272], [6.355287, 4.9084663], [6.355271, 4.9085073], [6.355258, 4.908554], [6.3552575, 4.908659], [6.355326, 4.9098973], [6.3554087, 4.9112396], [6.3555098, 4.912927], [6.355624, 4.914947], [6.3557296, 4.916846], [6.3558497, 4.918984], [6.3559656, 4.9211183], [6.3560424, 4.9224663], [6.356192, 4.9248276], [6.356343, 4.927182], [6.3564534, 4.928972], [6.3564606, 4.929085], [6.3564973, 4.9296985], [6.3565035, 4.92981], [6.356598, 4.931267], [6.356746, 4.933613], [6.356837, 4.935076], [6.356844, 4.9351864], [6.3568516, 4.9353027], [6.3569627, 4.9371057], [6.3570123, 4.9378924], [6.3570194, 4.938005], [6.3570337, 4.9382253], [6.3570995, 4.939349], [6.357141, 4.940135], [6.357148, 4.9402485], [6.357223, 4.941372], [6.3572764, 4.942159], [6.357285, 4.942271], [6.3573008, 4.942468], [6.3574123, 4.9445853], [6.357488, 4.945927], [6.357528, 4.9463763], [6.3575764, 4.9471574], [6.357579, 4.9472704], [6.3575797, 4.947283], [6.357582, 4.9473853], [6.357585, 4.947498], [6.357588, 4.947611], [6.357696, 4.9494705], [6.357786, 4.950953], [6.357796, 4.951042], [6.357816, 4.9512234], [6.35784, 4.9518337], [6.3578486, 4.9526114], [6.35785, 4.952638], [6.3578544, 4.952691], [6.3578677, 4.9528685], [6.357871, 4.952922], [6.35787, 4.9529514], [6.357864, 4.952994], [6.3578467, 4.953035], [6.3578053, 4.95311], [6.3577623, 4.953188], [6.3577194, 4.9532657], [6.357677, 4.953343], [6.357634, 4.95342], [6.3575907, 4.9534993], [6.3575516, 4.9535704], [6.3575053, 4.9536533], [6.357494, 4.953675], [6.357475, 4.953707], [6.357457, 4.953757], [6.357446, 4.9537954], [6.3574405, 4.953843], [6.357438, 4.9538736], [6.3574305, 4.9539638], [6.3574224, 4.954054], [6.3574157, 4.954131], [6.3574076, 4.9542203], [6.3574, 4.9543095], [6.357384, 4.954489], [6.357316, 4.9553037], [6.3572793, 4.9557447], [6.357282, 4.956187], [6.357286, 4.9562697], [6.357287, 4.9563565], [6.3572855, 4.957944], [6.357283, 4.9580064], [6.357281, 4.9580464], [6.3572645, 4.9580936], [6.357247, 4.958128], [6.357213, 4.958166], [6.357149, 4.9582253], [6.357084, 4.958285], [6.3562856, 4.959055], [6.3555546, 4.9596524], [6.3541937, 4.9607625], [6.353331, 4.9614644], [6.353245, 4.9615383], [6.351949, 4.962593], [6.351167, 4.963229], [6.3507295, 4.96358], [6.3506393, 4.96365], [6.3494024, 4.964619], [6.349311, 4.9646854], [6.346708, 4.9666553], [6.3466215, 4.9667244], [6.3430486, 4.969415], [6.342959, 4.9694834], [6.3417907, 4.970375], [6.3399186, 4.9718027], [6.3385873, 4.972818], [6.338323, 4.97302], [6.3364496, 4.9744487], [6.3345814, 4.9758735], [6.33307, 4.9770355], [6.332981, 4.977105], [6.3320694, 4.977763], [6.3313537, 4.9782968], [6.33109, 4.9785028], [6.331007, 4.978579], [6.3302445, 4.979231], [6.3295264, 4.9797597], [6.328626, 4.980429], [6.327642, 4.981167], [6.327011, 4.9816394], [6.326315, 4.982212], [6.326271, 4.982248], [6.326252, 4.9822693], [6.3262253, 4.9823065], [6.3262115, 4.982348], [6.3262033, 4.982392], [6.326196, 4.98242], [6.3261776, 4.9825153], [6.3262057, 4.982624], [6.326411, 4.983494], [6.326601, 4.984255], [6.3266077, 4.984348], [6.32661, 4.98438], [6.3266172, 4.9844193], [6.326613, 4.9844675], [6.3265843, 4.9845443], [6.326525, 4.9846396], [6.3263297, 4.9849486], [6.326298, 4.9849906], [6.3262725, 4.9850106], [6.326242, 4.985031], [6.3262, 4.985047], [6.3250885, 4.9853387], [6.3249927, 4.985364], [6.32491, 4.9854097], [6.3248453, 4.985477], [6.32479, 4.985569], [6.3247576, 4.985611], [6.3246875, 4.9857006], [6.3244014, 4.986109], [6.3242407, 4.986338], [6.323985, 4.986709], [6.3239174, 4.9867992], [6.323, 4.988075], [6.322938, 4.9881697], [6.322293, 4.9890904], [6.321785, 4.9898233], [6.3212824, 4.9907036], [6.3209357, 4.9912887], [6.3204226, 4.9921794], [6.320029, 4.992864], [6.3195734, 4.993635], [6.3192415, 4.9942226], [6.3187876, 4.9950013], [6.318214, 4.9959693], [6.3181, 4.9961615], [6.3178763, 4.996552], [6.316778, 4.9984894], [6.315759, 5.0002313], [6.3157034, 5.000336], [6.3146996, 5.0020814], [6.3146443, 5.002177], [6.314588, 5.0022745], [6.314532, 5.0023723], [6.3144755, 5.00247], [6.314419, 5.002568], [6.314364, 5.0026636], [6.3143077, 5.0027614], [6.314253, 5.0028563], [6.3141966, 5.002954], [6.3141413, 5.00305], [6.314085, 5.003147], [6.3140287, 5.003245], [6.3139734, 5.003341], [6.313918, 5.003437], [6.313862, 5.003535], [6.3138056, 5.0036325], [6.3137493, 5.0037303], [6.313693, 5.003828], [6.3136373, 5.003925], [6.313581, 5.004022], [6.3135247, 5.00412], [6.313356, 5.004413], [6.3123927, 5.0060663], [6.312182, 5.006438], [6.3121243, 5.006537], [6.311113, 5.008275], [6.3109965, 5.008469], [6.3100333, 5.010114], [6.309585, 5.01088], [6.309472, 5.0110765], [6.30845, 5.0128274], [6.308392, 5.012924], [6.3083344, 5.0130215], [6.3082776, 5.013117], [6.30822, 5.013214], [6.3081627, 5.013311], [6.3081055, 5.013407], [6.308048, 5.013504], [6.308017, 5.013557], [6.3079724, 5.0136395], [6.3079185, 5.0137343], [6.307873, 5.013813], [6.307846, 5.0138416], [6.3077455, 5.0138946], [6.3076544, 5.013906], [6.3075757, 5.013906], [6.3055577, 5.0138974], [6.303547, 5.013906], [6.303209, 5.013912], [6.3021936, 5.0139084], [6.302082, 5.013909], [6.3019695, 5.0139103], [6.301858, 5.0139117], [6.3016424, 5.013916], [6.301591, 5.0139184], [6.3014793, 5.01392], [6.301457, 5.0139155], [6.301444, 5.0139074], [6.301432, 5.013892], [6.3014274, 5.013632], [6.301413, 5.013594], [6.3013763, 5.01358], [6.301336, 5.013579], [6.300564, 5.0135636], [6.3004494, 5.013565], [6.3002224, 5.0135646], [6.3001733, 5.013564], [6.3001466, 5.013564], [6.300146, 5.013579]]}, "properties": {"admin_area_name": "Nigeria", "fluid": "OIL", "mps_created_time": "Sep 8, 2021 12:13:41 PM", "mps_datasource_tags": "Data derived from Shell World Map, 2019, (https://reports.shell.com/investors-handbook/2019/servicepages/worldmap.php). Last Accessed Jan 2021", "mps_est_elevation_end_m": "21.0", "mps_est_elevation_start_m": "17.0", "mps_est_length_km": "18.7479932897383", "mps_est_shore_status": "ONSHORE", "mps_uuid": "6301342b-9ba7-48e9-b3f5-db54954612fe", "name": "NIGERIA PIPELINE", "status": "OPERATIONAL", "updt": "May 28, 2025 9:01:34 PM"}}, {"type": "Feature", "id": "mps_mapping_pipeline.64e3983f-53b0-4b38-96e4-77e8fb431de5", "geometry": {"type": "LineString", "coordinates": [[6.5193887, 4.420356], [6.5193887, 4.421266], [6.5193887, 4.421476], [6.5193987, 4.421496], [6.5194187, 4.421496], [6.5204387, 4.4213657], [6.520929, 4.421296], [6.523009, 4.421026], [6.525919, 4.420636], [6.525949, 4.420636], [6.5285387, 4.420286], [6.530009, 4.4200964], [6.534009, 4.419546], [6.536799, 4.419176], [6.536809, 4.419166], [6.536829, 4.419166], [6.536899, 4.4191566], [6.536969, 4.4191465], [6.536989, 4.4191465], [6.5370593, 4.4191365], [6.537119, 4.4191265], [6.537149, 4.4191265], [6.537209, 4.4191165], [6.537279, 4.4191065], [6.537299, 4.4191065], [6.5373693, 4.4190965], [6.537439, 4.4190865], [6.537459, 4.4190865], [6.537529, 4.4190764], [6.537549, 4.4190664], [6.537569, 4.4190664], [6.537639, 4.4190564], [6.537709, 4.4190464], [6.5377293, 4.4190464], [6.537799, 4.4190364], [6.537859, 4.4190264], [6.537889, 4.4190264], [6.537949, 4.4190164], [6.538019, 4.4190063], [6.538039, 4.4190063], [6.5381093, 4.4189963], [6.538179, 4.4189863], [6.538199, 4.4189863], [6.538269, 4.4189763], [6.538329, 4.4189663], [6.538349, 4.4189663], [6.5384192, 4.4189563], [6.538489, 4.4189463], [6.538509, 4.4189463], [6.538579, 4.4189363], [6.538649, 4.4189262], [6.538669, 4.4189262], [6.538729, 4.418916], [6.5387993, 4.418906], [6.5388193, 4.418906], [6.538889, 4.418896], [6.538959, 4.418886], [6.538979, 4.418886], [6.539049, 4.418876], [6.539109, 4.418866], [6.5391393, 4.418856], [6.5391994, 4.418856], [6.539269, 4.4188466], [6.539289, 4.4188366], [6.539359, 4.4188266], [6.539429, 4.4188266], [6.539449, 4.4188166], [6.5395193, 4.4188066], [6.539579, 4.4188066], [6.539599, 4.4187965], [6.539669, 4.4187865], [6.539679, 4.4187865], [6.539739, 4.4187765], [6.539759, 4.4187765], [6.5398293, 4.4187665], [6.5398993, 4.4187565], [6.539919, 4.4187565], [6.539989, 4.4187465], [6.540049, 4.4187365], [6.540079, 4.4187365], [6.540139, 4.4187264], [6.5402093, 4.4187164], [6.5402293, 4.4187164], [6.540299, 4.4187064], [6.540369, 4.4186964], [6.540389, 4.4186964], [6.540459, 4.4186864], [6.540519, 4.4186764], [6.5405493, 4.4186764], [6.5406094, 4.4186664], [6.540679, 4.4186563], [6.540699, 4.4186563], [6.540769, 4.4186463], [6.540839, 4.4186363], [6.540859, 4.4186363], [6.5409293, 4.4186263], [6.5409393, 4.4186263], [6.540989, 4.4186163], [6.541079, 4.4186063], [6.541149, 4.4185963], [6.541169, 4.4185963], [6.5412393, 4.4185863], [6.5413094, 4.4185762], [6.5413294, 4.4185762], [6.541389, 4.418566], [6.541459, 4.418556], [6.541479, 4.418556], [6.541549, 4.418546], [6.5416193, 4.418536], [6.5416393, 4.418536], [6.541709, 4.4185266], [6.541769, 4.4185166], [6.541799, 4.4185166], [6.541859, 4.4185066], [6.5419292, 4.4184966], [6.5419493, 4.4184966], [6.5420194, 4.4184866], [6.542089, 4.4184766], [6.542109, 4.4184766], [6.542179, 4.4184666], [6.542239, 4.4184566], [6.542269, 4.4184566], [6.5423293, 4.4184465], [6.5423994, 4.4184365], [6.542419, 4.4184365], [6.542489, 4.4184265], [6.542559, 4.4184165], [6.542579, 4.4184165], [6.5426493, 4.4184065], [6.5427094, 4.4183965], [6.5427294, 4.4183965], [6.542799, 4.4183865], [6.542869, 4.4183764], [6.542889, 4.4183764], [6.542959, 4.4183664], [6.5430193, 4.4183564], [6.5430493, 4.4183564], [6.5431094, 4.4183464], [6.543179, 4.4183364], [6.543199, 4.4183264], [6.543269, 4.4183264], [6.5433393, 4.4183164], [6.5433593, 4.4183064], [6.5434294, 4.4183064], [6.543489, 4.4182963], [6.543519, 4.4182863], [6.543579, 4.4182863], [6.543649, 4.4182763], [6.543669, 4.4182663], [6.5437393, 4.4182663], [6.5438094, 4.4182563], [6.5438294, 4.4182463], [6.543899, 4.4182463], [6.543959, 4.4182363], [6.543989, 4.4182262], [6.5440493, 4.4182167], [6.5441194, 4.4182167], [6.5441394, 4.4182067], [6.544209, 4.4181967], [6.544279, 4.4181967], [6.544299, 4.4181867], [6.544359, 4.4181767], [6.5444293, 4.4181767], [6.5444493, 4.4181666], [6.5445194, 4.4181566], [6.544589, 4.4181566], [6.544609, 4.4181466], [6.544679, 4.4181366], [6.5447392, 4.4181266], [6.5447693, 4.4181266], [6.5448294, 4.4181166], [6.5448995, 4.4181066], [6.544919, 4.4181066], [6.544989, 4.4180965], [6.545059, 4.4180865], [6.545079, 4.4180865], [6.5451493, 4.4180765], [6.5452094, 4.4180665], [6.5452394, 4.4180665], [6.545299, 4.4180565], [6.545329, 4.4180565], [6.545399, 4.4180465], [6.545419, 4.4180465], [6.5454893, 4.4180365], [6.5455494, 4.4180264], [6.5455794, 4.4180164], [6.545639, 4.4180164], [6.545709, 4.4180064], [6.545729, 4.4179964], [6.5457993, 4.4179864], [6.5458694, 4.4179764], [6.5458894, 4.4179764], [6.5459595, 4.4179664], [6.546019, 4.4179564], [6.546039, 4.4179564], [6.546109, 4.4179463], [6.5461793, 4.4179363], [6.5461993, 4.4179363], [6.5462694, 4.4179263], [6.5463295, 4.4179163], [6.546359, 4.4179163], [6.546419, 4.4179068], [6.5464892, 4.4178967], [6.5465093, 4.4178967], [6.5465794, 4.4178867], [6.5466495, 4.4178767], [6.5466695, 4.4178667], [6.546739, 4.4178567], [6.546799, 4.4178567], [6.546829, 4.4178467], [6.5468893, 4.4178367], [6.5469594, 4.4178267], [6.5469794, 4.4178267], [6.547049, 4.4178166], [6.547119, 4.4178066], [6.547139, 4.4178066], [6.5471992, 4.4177966], [6.5472693, 4.4177866], [6.5472894, 4.4177866], [6.5473595, 4.4177766], [6.547429, 4.4177666], [6.547449, 4.4177666], [6.547519, 4.4177566], [6.5475793, 4.4177465], [6.5476694, 4.4177265], [6.5476794, 4.4177265], [6.5477395, 4.4177265], [6.547769, 4.4177165], [6.547829, 4.4177065], [6.5478992, 4.4176965], [6.5479193, 4.4176965], [6.5479894, 4.4176865], [6.5480595, 4.4176764], [6.5480795, 4.4176764], [6.548149, 4.4176664], [6.548209, 4.4176564], [6.548239, 4.4176564], [6.5482993, 4.4176464], [6.5483694, 4.4176364], [6.5483894, 4.4176364], [6.5484595, 4.4176264], [6.548529, 4.4176164], [6.548549, 4.4176164], [6.5486193, 4.4176064], [6.5486794, 4.417597], [6.5486994, 4.417597], [6.5487695, 4.417587], [6.548839, 4.417577], [6.548859, 4.417577], [6.548929, 4.417567], [6.5489893, 4.417557], [6.5490193, 4.417557], [6.5490794, 4.4175467], [6.5491495, 4.4175367], [6.5491695, 4.4175367], [6.549239, 4.4175267], [6.5493093, 4.4175167], [6.5493293, 4.4175167], [6.5493994, 4.4175067], [6.5494795, 4.4174967], [6.549549, 4.4174867], [6.549569, 4.4174767], [6.549639, 4.4174767], [6.5497093, 4.4174666], [6.5497293, 4.4174566], [6.5497994, 4.4174566], [6.5498595, 4.4174466], [6.5498896, 4.4174366], [6.549949, 4.4174366], [6.5500193, 4.4174266], [6.5500393, 4.4174166], [6.5501094, 4.4174066], [6.5501795, 4.4174066], [6.5501995, 4.4173965], [6.550269, 4.4173865], [6.550329, 4.4173865], [6.550349, 4.4173765], [6.5504193, 4.4173665], [6.5504894, 4.4173665], [6.5505095, 4.4173565], [6.5505795, 4.4173465], [6.550639, 4.4173465], [6.550669, 4.4173365], [6.5507293, 4.4173265], [6.5507994, 4.4173164], [6.5508194, 4.4173164], [6.5508895, 4.4173064], [6.5509596, 4.4172964], [6.550979, 4.4172964], [6.551049, 4.4172864], [6.5511093, 4.417277], [6.5511394, 4.417277], [6.5511994, 4.417267], [6.5512695, 4.417257], [6.5512896, 4.417257], [6.551359, 4.417247], [6.5514293, 4.417237], [6.5514493, 4.417237], [6.5515194, 4.417227], [6.5515795, 4.417217], [6.5547295, 4.4168067], [6.555969, 4.4166665], [6.5571694, 4.416537], [6.5572495, 4.416527], [6.5573893, 4.416517], [6.5577593, 4.4164767], [6.5589895, 4.4163866], [6.5625396, 4.416167], [6.56868, 4.4157968], [6.56913, 4.4157667], [6.57045, 4.415697], [6.5735598, 4.415517], [6.57365, 4.415507], [6.57923, 4.414537], [6.5798798, 4.4144173], [6.58399, 4.4137073], [6.58581, 4.4133873], [6.58734, 4.4131274], [6.58864, 4.4129076], [6.5893, 4.4127975], [6.58996, 4.4126773], [6.5904703, 4.4125977], [6.59057, 4.4125776], [6.5911303, 4.4124875], [6.5911503, 4.4124875], [6.5947003, 4.4118576], [6.6009803, 4.4107575], [6.6018806, 4.410608], [6.6062903, 4.4098477], [6.6106505, 4.409098], [6.6116605, 4.408928], [6.615801, 4.408208], [6.618981, 4.407668], [6.6224008, 4.4070783], [6.625331, 4.4065785], [6.631971, 4.4054585], [6.633111, 4.4052587], [6.633781, 4.4051485], [6.6434913, 4.4034886], [6.6436615, 4.4034586], [6.644761, 4.403279], [6.6461315, 4.403059], [6.6472116, 4.402909], [6.6481113, 4.401749], [6.6481514, 4.401749], [6.6484714, 4.401989]]}, "properties": {"admin_area_name": "Nigeria", "fluid": "GAS", "mps_created_time": "Sep 8, 2021 12:13:42 PM", "mps_datasource_tags": "Data derived from Shell World Map, 2019, (https://reports.shell.com/investors-handbook/2019/servicepages/worldmap.php). Last Accessed Jan 2021", "mps_est_elevation_end_m": "4.0", "mps_est_elevation_start_m": "5.0", "mps_est_length_km": "14.688064252755", "mps_est_shore_status": "BOTH", "mps_uuid": "64e3983f-53b0-4b38-96e4-77e8fb431de5", "name": "NIGERIA PIPELINE", "status": "OPERATIONAL", "updt": "May 28, 2025 9:01:34 PM"}}, {"type": "Feature", "id": "mps_mapping_pipeline.848eaafe-e8e7-488c-b9ce-a687c5e0c46c", "geometry": {"type": "LineString", "coordinates": [[6.412115, 5.0931654], [6.412114, 5.093164], [6.4121137, 5.093163], [6.4121127, 5.093162], [6.4121075, 5.0931554], [6.4121017, 5.093148], [6.4120936, 5.0931377], [6.4120865, 5.0931287], [6.4120827, 5.093124], [6.412075, 5.093114], [6.412071, 5.093109], [6.412066, 5.093101], [6.412004, 5.09302], [6.4119983, 5.093014], [6.411988, 5.0930104], [6.4119396, 5.0930037], [6.411903, 5.0929976], [6.411894, 5.0929956], [6.4118867, 5.0929885], [6.4118333, 5.0929184], [6.4117575, 5.092822], [6.4115324, 5.0925345], [6.4114876, 5.092483], [6.4114423, 5.0924554], [6.4113994, 5.092437], [6.41135, 5.0924315], [6.409183, 5.0922756], [6.406749, 5.092098], [6.4044576, 5.0919385], [6.4019113, 5.0917683], [6.4008117, 5.0916953], [6.39957, 5.0915127], [6.3995376, 5.0915103], [6.3975224, 5.091366], [6.39619, 5.091274], [6.3959455, 5.0912566], [6.3958225, 5.091245], [6.3944845, 5.0911417], [6.392771, 5.091026], [6.392651, 5.091015], [6.390712, 5.090858], [6.388185, 5.0906625], [6.386415, 5.090523], [6.384721, 5.090398], [6.382442, 5.0902166], [6.3798904, 5.0900187], [6.378924, 5.0899425], [6.378801, 5.089932], [6.3786783, 5.089922], [6.378557, 5.0899115], [6.3784356, 5.0899014], [6.378278, 5.089892], [6.378209, 5.0898757], [6.378094, 5.089833], [6.376232, 5.0889573], [6.37612, 5.0889006], [6.3755713, 5.0886273], [6.3740373, 5.0879073], [6.3717422, 5.086796], [6.3639326, 5.083033], [6.3634334, 5.082793], [6.361803, 5.0820193], [6.359619, 5.08097], [6.359443, 5.080899], [6.3592644, 5.0808916], [6.357453, 5.080868], [6.35738, 5.0808663], [6.3571725, 5.080867], [6.355829, 5.080873], [6.3557076, 5.0808725], [6.3555913, 5.0808706], [6.3555527, 5.080869], [6.355492, 5.0808673], [6.3554316, 5.0808606], [6.355402, 5.0808516], [6.3553743, 5.0808377], [6.3553495, 5.0808196], [6.3553276, 5.0807977], [6.355261, 5.0806966], [6.354425, 5.0793414], [6.353428, 5.0776553], [6.3531213, 5.077133], [6.3520575, 5.075356], [6.351993, 5.075252], [6.3516216, 5.074631], [6.350375, 5.0725665], [6.349128, 5.0704737], [6.348194, 5.068924], [6.3480754, 5.06871], [6.3480177, 5.068608], [6.3468256, 5.0666265], [6.3445935, 5.062947], [6.343534, 5.061163], [6.343471, 5.0610566], [6.342455, 5.0593925], [6.341218, 5.057324], [6.3398557, 5.055045], [6.3385797, 5.0529256], [6.3374534, 5.0510664], [6.3373904, 5.050961], [6.337327, 5.0508566], [6.337263, 5.0507507], [6.33722, 5.05068], [6.337157, 5.0505753], [6.337096, 5.050474], [6.337033, 5.050369], [6.3369703, 5.0502653], [6.3369074, 5.050161], [6.3368435, 5.050055], [6.33678, 5.04995], [6.3367195, 5.0498495], [6.336656, 5.0497446], [6.336634, 5.049708], [6.3365703, 5.049602], [6.3365173, 5.049514], [6.3362613, 5.049083], [6.3355627, 5.0479083], [6.3342667, 5.045748], [6.3329606, 5.0435605], [6.331836, 5.041683], [6.330546, 5.039531], [6.329296, 5.0374475], [6.328661, 5.036388], [6.328585, 5.036296], [6.328412, 5.0360036], [6.32838, 5.0359573], [6.328344, 5.0359225], [6.328288, 5.0358715], [6.327577, 5.0351906], [6.327404, 5.035022], [6.3254914, 5.0331616], [6.3238406, 5.03155], [6.3222766, 5.0300245], [6.320533, 5.0283184], [6.3192196, 5.0270314], [6.3190436, 5.026874], [6.318962, 5.026795], [6.317307, 5.025183], [6.3155766, 5.0234995], [6.3138456, 5.0218143], [6.3122735, 5.0202837], [6.311146, 5.0191875], [6.3095098, 5.017565], [6.3079414, 5.016046], [6.3078947, 5.0160007], [6.30783, 5.015943], [6.307777, 5.0158954], [6.3077393, 5.015862], [6.3077216, 5.015846], [6.3076897, 5.015842], [6.307651, 5.015842], [6.3075314, 5.0158415], [6.3062043, 5.0158367], [6.3052607, 5.0158186], [6.3051443, 5.0158176], [6.305023, 5.015816], [6.3049126, 5.015815], [6.304815, 5.015814], [6.304696, 5.015813], [6.304577, 5.0158114], [6.3044596, 5.01581], [6.304336, 5.015809], [6.304219, 5.0158076], [6.3041015, 5.0158067], [6.303982, 5.0158052], [6.303861, 5.015804], [6.302621, 5.015798], [6.302558, 5.0157976], [6.3024807, 5.015798], [6.302458, 5.0158052], [6.3023953, 5.0158324], [6.302366, 5.01586], [6.3023353, 5.0158973], [6.302323, 5.0159636], [6.302294, 5.016062], [6.302287, 5.0160728], [6.30224, 5.016131], [6.3022017, 5.0161576], [6.3021445, 5.016184], [6.302092, 5.016188], [6.3019695, 5.0161853], [6.3014674, 5.016192], [6.3011007, 5.016188], [6.3009834, 5.016187], [6.3008633, 5.016186], [6.3007455, 5.016185], [6.30062, 5.016181], [6.3002567, 5.016173], [6.3001633, 5.016171], [6.30015, 5.016166], [6.300145, 5.016148], [6.300144, 5.0160737], [6.3001347, 5.015831], [6.300133, 5.015766], [6.300129, 5.015753], [6.300106, 5.0157456], [6.300011, 5.015747], [6.2998524, 5.015745]]}, "properties": {"admin_area_name": "Nigeria", "fluid": "OIL", "mps_created_time": "Sep 8, 2021 12:13:39 PM", "mps_datasource_tags": "Data derived from Shell World Map, 2019, (https://reports.shell.com/investors-handbook/2019/servicepages/worldmap.php). Last Accessed Jan 2021", "mps_est_elevation_end_m": "19.0", "mps_est_elevation_start_m": "22.0", "mps_est_length_km": "16.4947020519179", "mps_est_shore_status": "ONSHORE", "mps_uuid": "848eaafe-e8e7-488c-b9ce-a687c5e0c46c", "name": "NIGERIA PIPELINE", "status": "OPERATIONAL", "updt": "May 28, 2025 9:01:33 PM"}}, {"type": "Feature", "id": "mps_mapping_pipeline.870d6a0c-5704-46eb-be66-53cc945743ce", "geometry": {"type": "LineString", "coordinates": [[6.2988396, 5.0174313], [6.2995124, 5.0174522], [6.300279, 5.017435], [6.301196, 5.0173755], [6.3015437, 5.017351], [6.3018517, 5.017332], [6.3021307, 5.0173225], [6.30253, 5.01734], [6.302878, 5.017335], [6.303101, 5.0173283], [6.3031106, 5.0173383], [6.3030877, 5.018095], [6.3030667, 5.0190425], [6.303052, 5.0197926], [6.3030457, 5.0204067], [6.3028355, 5.020754], [6.30277, 5.0208707], [6.3025236, 5.02138], [6.302247, 5.021995], [6.3019977, 5.0225472], [6.301724, 5.0231795], [6.3014374, 5.0238123], [6.301241, 5.0242352], [6.30093, 5.024875], [6.30077, 5.0252094], [6.300605, 5.0255904], [6.300335, 5.0262246], [6.3000298, 5.0268908], [6.299753, 5.027511], [6.2994676, 5.0281544], [6.2992067, 5.0287347], [6.2989864, 5.0292377], [6.2987666, 5.029739], [6.2985945, 5.030172], [6.2984014, 5.0306306], [6.2981, 5.0312915], [6.2980213, 5.031476], [6.2978387, 5.0319295], [6.297626, 5.0324483], [6.2973976, 5.032997], [6.2972317, 5.033356], [6.29713, 5.033534], [6.296599, 5.034231], [6.2961454, 5.034799], [6.295974, 5.0350323], [6.295721, 5.035335], [6.295311, 5.0357847], [6.2949877, 5.0361543], [6.294745, 5.0364304], [6.294512, 5.036743], [6.294154, 5.0371647], [6.293887, 5.037486], [6.293695, 5.037727], [6.2935934, 5.0379643], [6.2934318, 5.0383925], [6.2931995, 5.0390496], [6.292994, 5.0396404], [6.2927623, 5.04029], [6.2925353, 5.04097], [6.2923646, 5.041466], [6.2921743, 5.04201], [6.291983, 5.0425377], [6.291818, 5.043007], [6.291769, 5.043152], [6.2915626, 5.04374], [6.2914815, 5.044001], [6.291274, 5.044607], [6.29108, 5.045192], [6.290858, 5.0458574], [6.290608, 5.046571], [6.290311, 5.0474076], [6.2902117, 5.0476866], [6.29, 5.0482993], [6.289897, 5.0485973], [6.289805, 5.0488586], [6.2896004, 5.0494375], [6.289429, 5.049967], [6.2891383, 5.050841], [6.2890162, 5.0512366], [6.288864, 5.0516915], [6.2885885, 5.0524945], [6.2882977, 5.053328], [6.288094, 5.0539193], [6.287791, 5.0548124], [6.2876062, 5.0553694], [6.287279, 5.0563846], [6.2871327, 5.056882], [6.2866087, 5.056879], [6.2867355, 5.0575438]]}, "properties": {"admin_area_name": "Nigeria", "fluid": "GAS", "mps_created_time": "Sep 8, 2021 12:13:22 PM", "mps_datasource_tags": "Data derived from Shell World Map, 2019, (https://reports.shell.com/investors-handbook/2019/servicepages/worldmap.php). Last Accessed Jan 2021", "mps_est_elevation_end_m": "22.0", "mps_est_elevation_start_m": "17.0", "mps_est_length_km": "5.38115680745307", "mps_est_shore_status": "ONSHORE", "mps_uuid": "870d6a0c-5704-46eb-be66-53cc945743ce", "name": "NIGERIA PIPELINE", "status": "OPERATIONAL", "updt": "May 28, 2025 9:01:24 PM"}}, {"type": "Feature", "id": "mps_mapping_pipeline.b0aba5e5-4441-41dd-adb5-18d4ccd226ee", "geometry": {"type": "LineString", "coordinates": [[6.2998343, 5.0164266], [6.2998343, 5.016297], [6.2998495, 5.0162554], [6.2998877, 5.0162396], [6.3002496, 5.01624], [6.3007874, 5.016243], [6.3013225, 5.016245], [6.301648, 5.016248], [6.3017564, 5.0162487], [6.3018265, 5.01625], [6.3019514, 5.0162487], [6.302059, 5.0162477], [6.3021684, 5.0162473], [6.302276, 5.016245], [6.302385, 5.016243], [6.3024945, 5.016243], [6.3025036, 5.016243], [6.302553, 5.016237], [6.302599, 5.0162168], [6.30264, 5.0161896], [6.3026767, 5.016153], [6.3027024, 5.0161114], [6.302744, 5.016022], [6.3027787, 5.015986], [6.3028216, 5.0159574], [6.3035383, 5.0159655], [6.3040614, 5.0159745], [6.3063307, 5.016003], [6.3077207, 5.016017], [6.3077416, 5.016018], [6.3077855, 5.016023], [6.3078275, 5.0160365], [6.307864, 5.0160556], [6.307902, 5.016085], [6.3079195, 5.0161033], [6.3079953, 5.016179], [6.309395, 5.0175433], [6.310868, 5.0189877], [6.3124185, 5.020502], [6.313888, 5.021932], [6.3143535, 5.022388], [6.314427, 5.0224667], [6.315833, 5.023822], [6.317305, 5.025259], [6.3188586, 5.0267663], [6.3189354, 5.0268426], [6.320256, 5.02813], [6.321965, 5.0297904], [6.323358, 5.0311446], [6.3234324, 5.031222], [6.32428, 5.0320535], [6.3258142, 5.0335407], [6.327445, 5.0351276], [6.3282194, 5.035884], [6.3283343, 5.0360165], [6.3283906, 5.036109], [6.3284454, 5.0362005], [6.329337, 5.037694], [6.3304005, 5.0394588], [6.331575, 5.0414157], [6.332414, 5.0428133], [6.33247, 5.042905], [6.333252, 5.0442123], [6.3343124, 5.0459776], [6.335477, 5.047926], [6.336205, 5.049141], [6.33657, 5.049671], [6.336807, 5.0500603], [6.337163, 5.050673], [6.3372145, 5.0507603], [6.338188, 5.0523925], [6.339355, 5.054336], [6.340332, 5.055965], [6.3412766, 5.0575323], [6.3424397, 5.059468], [6.3434963, 5.061214], [6.3444505, 5.0627937], [6.3456306, 5.064743], [6.346417, 5.066043], [6.3475947, 5.068], [6.3485756, 5.0696497], [6.3494983, 5.0712347], [6.3495927, 5.071423], [6.3502555, 5.072543], [6.351157, 5.0740266], [6.352341, 5.0759735], [6.353248, 5.077465], [6.3533, 5.0775213], [6.3542953, 5.0791874], [6.3551917, 5.080674], [6.3552465, 5.0807676], [6.3552933, 5.08084], [6.3553224, 5.0808663], [6.355356, 5.0808897], [6.3553953, 5.080906], [6.3554354, 5.080917], [6.355476, 5.0809174], [6.355541, 5.0809155], [6.355975, 5.080912], [6.356083, 5.0809126], [6.3566256, 5.080915], [6.3567343, 5.0809155], [6.3568425, 5.080916], [6.35695, 5.0809174], [6.3570004, 5.0809226], [6.357048, 5.080939], [6.357091, 5.0809655], [6.357126, 5.0810013], [6.357155, 5.0810432], [6.3571687, 5.0810924], [6.357174, 5.0811424], [6.357176, 5.081191], [6.357174, 5.0813], [6.3571496, 5.082495], [6.3571105, 5.0844464], [6.357107, 5.0845537], [6.3571067, 5.0846043], [6.3571057, 5.0847135], [6.3571043, 5.0848145], [6.35712, 5.0848546], [6.3571596, 5.0848727], [6.3572664, 5.084877], [6.3573117, 5.0848775], [6.3573513, 5.0848947], [6.3573675, 5.0849333], [6.3573694, 5.085081], [6.3573694, 5.085112], [6.3573694, 5.085149], [6.3573685, 5.0852184]]}, "properties": {"admin_area_name": "Nigeria", "fluid": "GAS", "mps_created_time": "Sep 8, 2021 12:13:19 PM", "mps_datasource_tags": "Data derived from Shell World Map, 2019, (https://reports.shell.com/investors-handbook/2019/servicepages/worldmap.php). Last Accessed Jan 2021", "mps_est_elevation_end_m": "22.0", "mps_est_elevation_start_m": "19.0", "mps_est_length_km": "10.5779758958102", "mps_est_shore_status": "ONSHORE", "mps_uuid": "b0aba5e5-4441-41dd-adb5-18d4ccd226ee", "name": "NIGERIA PIPELINE", "status": "OPERATIONAL", "updt": "May 28, 2025 9:01:23 PM"}}, {"type": "Feature", "id": "mps_mapping_pipeline.b43b88da-a87f-4302-95c1-b754674926d4", "geometry": {"type": "LineString", "coordinates": [[6.37338, 4.883126], [6.37332, 4.883119], [6.373308, 4.8831177], [6.3731866, 4.883104], [6.3731785, 4.8831034], [6.3731527, 4.8831024], [6.373128, 4.883107], [6.373099, 4.883118], [6.373082, 4.8831296], [6.3730593, 4.883152], [6.3730483, 4.883168], [6.3730373, 4.883192], [6.3730316, 4.883216], [6.3730073, 4.8834014], [6.3729997, 4.883431], [6.37299, 4.8834496], [6.372977, 4.883469], [6.3729568, 4.883487], [6.3729334, 4.883502], [6.372911, 4.8835096], [6.3728886, 4.883514], [6.3728604, 4.8835135], [6.3727527, 4.883498], [6.37255, 4.8834667], [6.372524, 4.883466], [6.3725033, 4.8834677], [6.372476, 4.883476], [6.37246, 4.883485], [6.372439, 4.8834996], [6.3724246, 4.8835173], [6.3718343, 4.884292], [6.3717694, 4.884379], [6.371703, 4.8844647], [6.3715825, 4.884622], [6.371564, 4.884658], [6.371558, 4.884677], [6.37104, 4.886383], [6.3710084, 4.886487], [6.3703794, 4.888555], [6.3703527, 4.8886685], [6.3703303, 4.888749], [6.3703237, 4.888784], [6.3703265, 4.8888197], [6.3703375, 4.888854], [6.370356, 4.8888845], [6.370382, 4.8889103], [6.3704123, 4.888929], [6.3705106, 4.8889728], [6.3707075, 4.8890624], [6.370807, 4.8891063], [6.370907, 4.8891506], [6.371004, 4.8891954], [6.3710933, 4.8892355], [6.3711233, 4.889254], [6.3711486, 4.8892803], [6.371166, 4.889311], [6.3711762, 4.8893466], [6.371177, 4.8893814], [6.371169, 4.889416], [6.3711643, 4.889427], [6.3706174, 4.891067], [6.370001, 4.8929057], [6.369941, 4.893051], [6.3699303, 4.893076], [6.3699145, 4.8930964], [6.3698964, 4.8931136], [6.369873, 4.8931284], [6.3697853, 4.89318], [6.3676353, 4.8941956], [6.3672433, 4.8943796], [6.362965, 4.896375], [6.3621774, 4.896729], [6.3620815, 4.8967805], [6.361591, 4.897005], [6.361493, 4.8970504], [6.3612022, 4.897192], [6.361006, 4.8972797], [6.360707, 4.8974075], [6.3606095, 4.8974524], [6.360567, 4.897472], [6.3605437, 4.897486], [6.3605304, 4.897498], [6.360517, 4.897513], [6.360503, 4.8975353], [6.360398, 4.897721], [6.3603506, 4.897818], [6.360303, 4.8979154], [6.3602552, 4.8980126], [6.3602076, 4.8981104], [6.3601604, 4.8982077], [6.3601127, 4.898305], [6.360065, 4.898402], [6.3600173, 4.8985], [6.3599696, 4.8985972], [6.3599224, 4.8986945], [6.3598747, 4.898792], [6.359823, 4.898887], [6.3597717, 4.8989825], [6.3597198, 4.899078], [6.3596683, 4.8991733], [6.3596168, 4.8992686], [6.3595653, 4.899364], [6.359514, 4.8994584], [6.359465, 4.8995495], [6.359407, 4.899641], [6.3593507, 4.8997283], [6.35879, 4.900619], [6.3587317, 4.9007087], [6.357912, 4.901986], [6.3576183, 4.9024415], [6.3575573, 4.902531], [6.3572764, 4.9029946], [6.3572674, 4.903015], [6.357262, 4.9030375], [6.3572474, 4.9031215], [6.357231, 4.9031963], [6.3570786, 4.9042234], [6.3570743, 4.904242], [6.3570685, 4.9042583], [6.35704, 4.90433], [6.357, 4.9044237], [6.356585, 4.905396], [6.3558574, 4.9071007], [6.355819, 4.9071903], [6.3553686, 4.908276], [6.3553305, 4.9083796], [6.355309, 4.908434], [6.3553033, 4.9084496], [6.3553, 4.9084644], [6.3552985, 4.908481], [6.355298, 4.908497], [6.3552833, 4.9085774], [6.3552747, 4.908707], [6.3553286, 4.9095736], [6.355376, 4.910521], [6.3554497, 4.9115477], [6.3555493, 4.913137], [6.355666, 4.9153023], [6.355788, 4.9175324], [6.355854, 4.9187055], [6.3558593, 4.9188128], [6.3559723, 4.9208713], [6.3560753, 4.922591], [6.356194, 4.92452], [6.3562016, 4.924629], [6.356487, 4.929133], [6.3564954, 4.929242], [6.3565135, 4.929451], [6.356524, 4.9295583], [6.35653, 4.9296618], [6.3566017, 4.9308496], [6.356653, 4.9316063], [6.356726, 4.9329085], [6.356785, 4.933878], [6.3568835, 4.9353747], [6.3568892, 4.935483], [6.35689, 4.935582], [6.356899, 4.9357977], [6.3570065, 4.9375377], [6.3570313, 4.937969], [6.3571177, 4.939348], [6.3571234, 4.9394584], [6.357256, 4.941406], [6.3573165, 4.942388], [6.357322, 4.942499], [6.357353, 4.943145], [6.3574033, 4.9439874], [6.357451, 4.944823], [6.3575177, 4.946009], [6.35755, 4.9464445], [6.3575964, 4.9473433], [6.357605, 4.9475603], [6.357714, 4.9494147], [6.3578076, 4.9509244], [6.3578243, 4.951251], [6.3578815, 4.952623], [6.357885, 4.9527264], [6.357892, 4.9529433], [6.3578887, 4.9530177], [6.3578897, 4.953027], [6.3578897, 4.953044], [6.3578863, 4.9530663], [6.3578787, 4.9530907], [6.35787, 4.9531064], [6.3578653, 4.953114], [6.357811, 4.953208], [6.3577585, 4.953303], [6.3577056, 4.953398], [6.357653, 4.953493], [6.3576007, 4.953588], [6.3575478, 4.953683], [6.3575125, 4.9537454], [6.357508, 4.9537535], [6.357495, 4.9537845], [6.357488, 4.953818], [6.357487, 4.9538302], [6.3574767, 4.9539385], [6.357466, 4.9540467], [6.3574457, 4.954257], [6.3574343, 4.9543595], [6.357373, 4.9549594], [6.357307, 4.9555964], [6.3573093, 4.9564157], [6.3573127, 4.95652], [6.35732, 4.9574623], [6.3573046, 4.9580092], [6.357304, 4.9580464], [6.3572984, 4.958085], [6.3572817, 4.958122], [6.3572564, 4.958152], [6.357229, 4.9581766], [6.3571496, 4.958249], [6.35638, 4.9589944], [6.3557487, 4.9595394], [6.3553133, 4.9598937], [6.354496, 4.960555], [6.3539147, 4.9610248], [6.353234, 4.961576], [6.352216, 4.962399], [6.350957, 4.9634175], [6.350903, 4.9634585], [6.3503222, 4.9639373], [6.3490353, 4.964929], [6.34783, 4.965831], [6.347057, 4.9664235], [6.34645, 4.9668775], [6.3463626, 4.966943], [6.3452597, 4.967781], [6.3445854, 4.9682937], [6.3430567, 4.9694557], [6.3418794, 4.970353], [6.3400683, 4.971728], [6.338689, 4.972775], [6.3386025, 4.972841], [6.3380113, 4.973294], [6.336356, 4.974561], [6.334547, 4.975939], [6.3330445, 4.977084], [6.3329616, 4.977152], [6.3326, 4.977442], [6.331058, 4.978632], [6.330288, 4.97922], [6.3295045, 4.979798], [6.328647, 4.980437], [6.3276896, 4.9811363], [6.3263664, 4.9821844], [6.326282, 4.9822507], [6.326249, 4.9822793], [6.3262377, 4.9822946], [6.3262205, 4.98233], [6.3262124, 4.982374], [6.326206, 4.982401], [6.3261924, 4.982478], [6.326214, 4.9825773], [6.326239, 4.9826865], [6.326404, 4.9834247], [6.3265853, 4.9841413], [6.3266277, 4.9843297], [6.3266516, 4.9844155], [6.3266554, 4.984465], [6.326638, 4.9845166], [6.326361, 4.9849844], [6.3263445, 4.9850087], [6.3263016, 4.985045], [6.326275, 4.9850583], [6.3261666, 4.9850907], [6.325854, 4.9851756], [6.325436, 4.9852853], [6.325121, 4.985367], [6.3250775, 4.9853787], [6.3249617, 4.9854255], [6.324923, 4.9854565], [6.3248854, 4.9854884], [6.3247395, 4.985696], [6.3246217, 4.9858747], [6.3244944, 4.986051], [6.324438, 4.9861407], [6.324378, 4.9862347], [6.3243184, 4.9863195], [6.324194, 4.986497], [6.3237505, 4.987111], [6.323691, 4.987193], [6.322701, 4.9885926], [6.3223867, 4.9890723], [6.321686, 4.9901214], [6.3214073, 4.990576], [6.320689, 4.991817], [6.319879, 4.9932117], [6.3193436, 4.9941373], [6.319289, 4.994231], [6.319235, 4.9943247], [6.3191805, 4.9944186], [6.319126, 4.994512], [6.319072, 4.9946055], [6.3190174, 4.9946995], [6.318963, 4.994793], [6.3189087, 4.994887], [6.3188543, 4.994981], [6.3188, 4.9950743], [6.3187456, 4.995168], [6.3186913, 4.9952617], [6.318637, 4.9953556], [6.3185825, 4.995449], [6.318528, 4.995543], [6.318474, 4.9956365], [6.3184195, 4.9957304], [6.3183646, 4.9958243], [6.3183103, 4.995918], [6.3182564, 4.9960113], [6.318202, 4.9961047], [6.3181477, 4.9961987], [6.3180933, 4.996292], [6.318039, 4.996386], [6.3179846, 4.9964795], [6.31793, 4.9965734], [6.317876, 4.996667], [6.317825, 4.9967546], [6.3177705, 4.996848], [6.317713, 4.996948], [6.317659, 4.9970417], [6.317605, 4.9971356], [6.317554, 4.997224], [6.3175, 4.9973183], [6.317446, 4.997412], [6.3173923, 4.997506], [6.3173385, 4.9976], [6.3172846, 4.997694], [6.3172307, 4.997788], [6.3171763, 4.9978824], [6.317123, 4.997976], [6.317069, 4.99807], [6.317015, 4.9981637], [6.316961, 4.9982576], [6.316907, 4.9983516], [6.316853, 4.9984455], [6.316799, 4.99854], [6.3167453, 4.998634], [6.3166914, 4.998728], [6.3166375, 4.9988213], [6.3165836, 4.998915], [6.3165298, 4.9990096], [6.316476, 4.9991035], [6.316422, 4.9991975], [6.316368, 4.9992914], [6.3163137, 4.9993854], [6.31626, 4.9994793], [6.316206, 4.9995737], [6.316152, 4.9996676], [6.316098, 4.9997616], [6.3160443, 4.9998555], [6.3159904, 4.9999495], [6.3159366, 5.0000434], [6.315882, 5.0001373], [6.3158283, 5.0002317], [6.3157744, 5.0003257], [6.3157206, 5.0004196], [6.3156667, 5.0005136], [6.315613, 5.0006075], [6.315559, 5.0007014], [6.3155046, 5.0007954], [6.3154507, 5.00089], [6.3153973, 5.000983], [6.3153434, 5.001077], [6.3152895, 5.001171], [6.315235, 5.001265], [6.3151813, 5.001359], [6.3151274, 5.0014534], [6.3150735, 5.0015473], [6.3150196, 5.0016413], [6.3149657, 5.001735], [6.314912, 5.001829], [6.314861, 5.001918], [6.314807, 5.002012], [6.314753, 5.0021057], [6.314699, 5.0021996], [6.3146453, 5.0022936], [6.3145914, 5.0023875], [6.3131714, 5.0048347], [6.3121476, 5.006598], [6.311172, 5.0082836], [6.311117, 5.008377], [6.3110623, 5.0084705], [6.311008, 5.008564], [6.310953, 5.0086575], [6.3108983, 5.008751], [6.310844, 5.008845], [6.310789, 5.0089383], [6.3107343, 5.009032], [6.3106794, 5.009125], [6.3106246, 5.0092187], [6.3105707, 5.0093117], [6.310516, 5.009405], [6.310461, 5.0094986], [6.3104067, 5.009592], [6.310352, 5.009686], [6.310297, 5.0097795], [6.310242, 5.009873], [6.3101883, 5.0099654], [6.3101335, 5.010059], [6.310079, 5.0101523], [6.3100243, 5.010246], [6.3099694, 5.0103393], [6.3099146, 5.0104327], [6.30986, 5.0105267], [6.3098054, 5.01062], [6.3097506, 5.0107136], [6.3096957, 5.010807], [6.3096414, 5.0109005], [6.3095865, 5.0109944], [6.3095317, 5.011088], [6.309477, 5.0111814], [6.3094225, 5.011275], [6.3093677, 5.0113688], [6.309313, 5.011462], [6.309258, 5.0115557], [6.309203, 5.011649], [6.309149, 5.011743], [6.309094, 5.0118365], [6.309039, 5.01193], [6.3089843, 5.0120234], [6.30893, 5.0121174], [6.308875, 5.012211], [6.3088202, 5.0123043], [6.3087654, 5.012398], [6.308711, 5.012491], [6.308657, 5.0125837], [6.3086023, 5.012677], [6.3085475, 5.0127707], [6.3084927, 5.012864], [6.3084383, 5.0129576], [6.3083835, 5.0130515], [6.3083286, 5.013145], [6.308274, 5.0132384], [6.3082194, 5.013332], [6.3081994, 5.0133657], [6.3081446, 5.0134597], [6.30809, 5.0135527], [6.308035, 5.013647], [6.3079805, 5.01374], [6.3079247, 5.0138354], [6.3077054, 5.0142083], [6.3076487, 5.014292], [6.3070884, 5.0152216], [6.3068376, 5.015639], [6.306785, 5.0157337], [6.306732, 5.015829], [6.3067102, 5.0158577], [6.3066797, 5.015882], [6.3066444, 5.0158973], [6.3066072, 5.015902], [6.3065405, 5.0159016], [6.306432, 5.015902], [6.3063397, 5.015903], [6.3054748, 5.0159006], [6.303534, 5.0158806], [6.3034263, 5.015878], [6.3033185, 5.0158777], [6.302883, 5.0158763], [6.302829, 5.01588], [6.302795, 5.015882], [6.302763, 5.015894], [6.3027334, 5.015913], [6.302698, 5.015968], [6.3026714, 5.01603], [6.302627, 5.0161347], [6.30259, 5.016184], [6.3025603, 5.0162096], [6.302528, 5.0162206], [6.3024983, 5.016227], [6.302475, 5.0162325], [6.3021526, 5.0162406], [6.3020434, 5.0162416], [6.301935, 5.0162425], [6.3018265, 5.0162435], [6.3013287, 5.016236], [6.300257, 5.0162306], [6.299837, 5.0162253], [6.2997704, 5.0162344], [6.29976, 5.0162625], [6.2997603, 5.016307], [6.2997603, 5.0163174], [6.2997613, 5.0164843]]}, "properties": {"admin_area_name": "Nigeria", "fluid": "GAS", "mps_created_time": "Sep 8, 2021 12:13:23 PM", "mps_datasource_tags": "Data derived from Shell World Map, 2019, (https://reports.shell.com/investors-handbook/2019/servicepages/worldmap.php). Last Accessed Jan 2021", "mps_est_elevation_end_m": "19.0", "mps_est_elevation_start_m": "17.0", "mps_est_length_km": "18.9335226566307", "mps_est_shore_status": "ONSHORE", "mps_uuid": "b43b88da-a87f-4302-95c1-b754674926d4", "name": "NIGERIA PIPELINE", "status": "OPERATIONAL", "updt": "May 28, 2025 9:01:25 PM"}}, {"type": "Feature", "id": "mps_mapping_pipeline.c030ec87-27a0-40dc-b159-42c198c0c7bd", "geometry": {"type": "LineString", "coordinates": [[6.3039393, 5.0160685], [6.3041997, 5.016073], [6.3046513, 5.016074], [6.3050876, 5.016091], [6.305963, 5.0160847], [6.306868, 5.016085], [6.3073516, 5.016084], [6.307812, 5.016114], [6.3081512, 5.0164256], [6.308586, 5.0168405], [6.3088856, 5.0171185], [6.3095374, 5.0177507], [6.3098607, 5.0180616], [6.310188, 5.0183773], [6.3105087, 5.0186915], [6.3108344, 5.0190063], [6.311157, 5.0193152], [6.3118076, 5.019944], [6.312127, 5.020251], [6.3124547, 5.020563], [6.312485, 5.0205936], [6.312748, 5.02086], [6.3130736, 5.0211697], [6.313396, 5.0214868], [6.313722, 5.0218005], [6.314369, 5.0224304], [6.314694, 5.0227423], [6.3150134, 5.0230613], [6.315345, 5.0233774], [6.3156657, 5.023688], [6.3159904, 5.0240073], [6.3163075, 5.0243144], [6.3166385, 5.024637], [6.316955, 5.0249414], [6.3172812, 5.025255], [6.3176074, 5.025568], [6.317924, 5.0258822], [6.318257, 5.026206], [6.3185835, 5.026522], [6.3189063, 5.0268307], [6.3195577, 5.0274644], [6.3198752, 5.0277696], [6.3201923, 5.028094], [6.3208427, 5.0287237], [6.3211613, 5.02904], [6.321486, 5.029358], [6.321807, 5.029671], [6.3221283, 5.029987], [6.322482, 5.0303087], [6.3227863, 5.0306005], [6.323116, 5.030915], [6.3234434, 5.0312295], [6.3237653, 5.0315423], [6.3240905, 5.03186], [6.3245754, 5.032338], [6.3247414, 5.032499], [6.3250604, 5.032818], [6.3253884, 5.033122], [6.3257084, 5.0334315], [6.326042, 5.033752], [6.3263617, 5.034066], [6.3283153, 5.0359674], [6.3285174, 5.036345], [6.328751, 5.036731], [6.328986, 5.0371194], [6.32912, 5.037329], [6.3292165, 5.0375013], [6.329449, 5.0378876], [6.3296843, 5.038277], [6.3299193, 5.0386596], [6.330152, 5.0390463], [6.3302455, 5.0392], [6.33051, 5.0396338], [6.33074, 5.040022], [6.3309555, 5.0403743], [6.331179, 5.0407386], [6.33139, 5.0410776], [6.331724, 5.0416327], [6.331817, 5.0417967], [6.331988, 5.0420785], [6.332221, 5.0424614], [6.332642, 5.043147], [6.33289, 5.0435686], [6.3355107, 5.047924], [6.3359513, 5.0487], [6.3360844, 5.0489397], [6.336249, 5.049225], [6.336361, 5.0494065], [6.336604, 5.049792], [6.3367386, 5.050013], [6.336775, 5.0500717], [6.336822, 5.0501523], [6.336868, 5.050228], [6.3369145, 5.050307], [6.3371124, 5.0506287], [6.3373857, 5.0510635], [6.3376017, 5.0514073], [6.3380604, 5.0521708], [6.3385253, 5.052945], [6.338989, 5.0537233], [6.3394547, 5.054501], [6.3399196, 5.0552683], [6.340391, 5.056053], [6.340855, 5.0568285], [6.341321, 5.0576077], [6.341787, 5.058382], [6.3422537, 5.0591598], [6.342722, 5.059935], [6.343188, 5.0607114], [6.343655, 5.0614862], [6.344081, 5.0621924], [6.344107, 5.062236], [6.3445716, 5.0630145], [6.345039, 5.06379], [6.3455143, 5.0645704], [6.345972, 5.06534], [6.3464394, 5.066118], [6.3469033, 5.066897], [6.347379, 5.067674], [6.347827, 5.0684223], [6.348295, 5.069198], [6.348771, 5.0699787], [6.349233, 5.070756], [6.3496943, 5.071538], [6.350158, 5.072316], [6.3506193, 5.073081], [6.3510804, 5.073854], [6.3513956, 5.0743823], [6.352049, 5.0754757], [6.3534775, 5.0778074], [6.355347, 5.0809436], [6.3562655, 5.0809517], [6.3578625, 5.0809803], [6.359011, 5.080984], [6.359008, 5.081977], [6.359012, 5.0835342], [6.3590083, 5.083646], [6.359132, 5.083831], [6.35911, 5.084345], [6.3590913, 5.085785], [6.3590894, 5.0858817], [6.359265, 5.086157], [6.359529, 5.086541], [6.359712, 5.086816], [6.360221, 5.0875673], [6.360512, 5.088007], [6.3607526, 5.0883617], [6.3610325, 5.0887723], [6.3612304, 5.089061], [6.361738, 5.0898056], [6.3622365, 5.0905356], [6.36304, 5.0917134], [6.3632956, 5.092091], [6.3635273, 5.092446], [6.3637824, 5.09283], [6.3642607, 5.093561], [6.3645515, 5.0939856], [6.3648787, 5.0944443], [6.3650255, 5.0946627], [6.365301, 5.0950656], [6.365539, 5.0954103], [6.3658915, 5.095993], [6.366012, 5.096173], [6.3662634, 5.096548], [6.3665175, 5.0969296], [6.3667593, 5.097287], [6.3667917, 5.0973086], [6.3671455, 5.097573], [6.367847, 5.0981374], [6.3685546, 5.098698], [6.36925, 5.0992694], [6.3699603, 5.099832], [6.3706665, 5.1003985], [6.3713756, 5.10096], [6.372062, 5.101505], [6.3720655, 5.101507], [6.3725867, 5.1019187], [6.3731365, 5.102357], [6.3736477, 5.102773], [6.374542, 5.1034703], [6.374816, 5.10369], [6.37525, 5.104038], [6.3756104, 5.104323], [6.376001, 5.1046324], [6.3761415, 5.1047482], [6.3763995, 5.1049604], [6.376737, 5.1052203], [6.377074, 5.10548], [6.3774037, 5.105741], [6.3777866, 5.1060543], [6.3781385, 5.1063375], [6.378489, 5.1066093], [6.3792486, 5.1071935], [6.3802495, 5.1072392], [6.381055, 5.107383], [6.3819427, 5.1075406], [6.382607, 5.10766], [6.38283, 5.1076984], [6.383718, 5.1078563], [6.3843837, 5.1079745], [6.386156, 5.1082907], [6.388376, 5.108695], [6.389037, 5.108813], [6.389703, 5.1089315], [6.3914456, 5.109384], [6.393197, 5.1098375], [6.3949327, 5.1102853], [6.395814, 5.110514], [6.396686, 5.1107354], [6.3975635, 5.1109605], [6.3984303, 5.1111884], [6.3993053, 5.111415], [6.401053, 5.1118684], [6.4019265, 5.1120963], [6.402794, 5.1123204], [6.40367, 5.1125445], [6.4054174, 5.1129966], [6.4071646, 5.1134415], [6.4089174, 5.1138945], [6.4097934, 5.11412], [6.410206, 5.114227], [6.410847, 5.1148405], [6.4111114, 5.115489], [6.4111457, 5.11557], [6.411495, 5.116426], [6.4117966, 5.1171656], [6.412177, 5.1181164], [6.4125166, 5.118958], [6.4126825, 5.1193733], [6.4128423, 5.1197896], [6.4130163, 5.1202035], [6.413183, 5.120625], [6.4133635, 5.12106], [6.4135385, 5.1214843], [6.413704, 5.1218896], [6.413875, 5.1223135], [6.4140434, 5.122735], [6.414216, 5.123141], [6.4143815, 5.1235647], [6.414554, 5.123989], [6.414726, 5.1244073], [6.4148836, 5.124809], [6.4150577, 5.1252317], [6.4152284, 5.12565], [6.415375, 5.1260285], [6.4155216, 5.126381], [6.415729, 5.1268787], [6.417441, 5.131105], [6.419294, 5.1356783], [6.4193087, 5.1357117], [6.4193673, 5.135754], [6.4200606, 5.1362467], [6.420421, 5.136488], [6.4208064, 5.136759], [6.4211855, 5.1370254], [6.4215636, 5.137288], [6.421946, 5.137556], [6.4222445, 5.137776], [6.4225984, 5.138027], [6.4229856, 5.138295], [6.42333, 5.1385345], [6.4237294, 5.138814], [6.424097, 5.1390743], [6.424465, 5.139338], [6.424837, 5.1396], [6.4251957, 5.1398525], [6.425569, 5.1401153], [6.4259396, 5.140377], [6.4263077, 5.1406384], [6.426697, 5.140904], [6.427048, 5.1411433], [6.4274235, 5.141401], [6.427793, 5.141653], [6.4282775, 5.1419826], [6.428644, 5.142228], [6.429022, 5.142491], [6.4293914, 5.142746], [6.429733, 5.1429844], [6.430106, 5.1432357], [6.4304786, 5.1434927], [6.4308677, 5.143755], [6.4312024, 5.143987], [6.4316187, 5.1442776], [6.4320016, 5.144534], [6.4324737, 5.144851], [6.4327607, 5.1450467], [6.4331284, 5.1453023], [6.4335027, 5.145555], [6.433855, 5.145805], [6.4345818, 5.146291], [6.435001, 5.146577], [6.4353666, 5.146824], [6.435675, 5.1470265], [6.435947, 5.147211], [6.4361267, 5.147335], [6.4368834, 5.147862], [6.437067, 5.14798], [6.437267, 5.148113], [6.4376593, 5.1483974], [6.4380527, 5.1486597], [6.438794, 5.149158], [6.439211, 5.1494412], [6.4395847, 5.149698], [6.440266, 5.1501737], [6.440637, 5.150442], [6.441012, 5.1506915], [6.441741, 5.1511884], [6.4421206, 5.151449], [6.4424953, 5.151707], [6.4428606, 5.1519628], [6.443226, 5.152196], [6.4436197, 5.1524706], [6.443988, 5.152727], [6.4443083, 5.1529536], [6.4446793, 5.153204], [6.4450593, 5.153438], [6.4454317, 5.1536927], [6.445804, 5.153947], [6.4465494, 5.154456], [6.4469333, 5.1547112], [6.4473224, 5.154987], [6.447642, 5.155277], [6.447973, 5.155582], [6.4482903, 5.1558805], [6.448655, 5.156232], [6.4492974, 5.156863], [6.4518175, 5.1592937], [6.4521394, 5.1596203], [6.4525075, 5.1599603], [6.4527864, 5.160229], [6.453087, 5.1605268], [6.4534345, 5.1608515], [6.4537673, 5.1611767], [6.454096, 5.1614842], [6.4545255, 5.1619034], [6.454952, 5.1622977], [6.4553294, 5.1626453], [6.4556594, 5.162969], [6.455986, 5.1632843], [6.4563365, 5.163619], [6.456662, 5.1639376], [6.4571176, 5.164365], [6.4573655, 5.164597], [6.457805, 5.1650057], [6.458545, 5.165713], [6.458743, 5.165914], [6.4590435, 5.166202], [6.459363, 5.1665063], [6.460382, 5.1674848], [6.460751, 5.1678243], [6.460869, 5.1679506], [6.461055, 5.168128], [6.461198, 5.1682587], [6.461395, 5.1684394], [6.461525, 5.1685696], [6.461852, 5.1688805], [6.462643, 5.1696324], [6.46299, 5.1699696], [6.4633164, 5.170276], [6.463632, 5.1705875], [6.4639616, 5.1708956], [6.464299, 5.171231], [6.464619, 5.171541], [6.464944, 5.171847], [6.465496, 5.172367], [6.4660845, 5.172934], [6.4662642, 5.1730995], [6.4666953, 5.173496], [6.4671273, 5.173912], [6.467879, 5.1746316], [6.4688745, 5.1755576], [6.4694448, 5.1761603], [6.470854, 5.177487], [6.471173, 5.1778007], [6.4715066, 5.1781173], [6.471826, 5.1784186], [6.4721603, 5.1787357], [6.4725275, 5.1791053], [6.472925, 5.1794987], [6.473341, 5.179889], [6.4737473, 5.180257], [6.474144, 5.18064], [6.474557, 5.1810293], [6.4749546, 5.181408], [6.4751306, 5.1815724], [6.475397, 5.181842], [6.475799, 5.1822176], [6.4761643, 5.1825657], [6.4765115, 5.1828957], [6.476896, 5.183261], [6.4772716, 5.1836166], [6.4776397, 5.1839757], [6.4779997, 5.1843257], [6.47836, 5.184676], [6.4787436, 5.1850357], [6.4794917, 5.185735], [6.4798427, 5.1860867], [6.4801946, 5.1864223], [6.4805646, 5.186773], [6.4809365, 5.187136], [6.4812264, 5.1873984], [6.481658, 5.187797], [6.482003, 5.1881323], [6.482245, 5.188269], [6.482622, 5.188624], [6.4829965, 5.18897], [6.4833646, 5.189332], [6.4837594, 5.189701], [6.4841375, 5.1900597], [6.4844933, 5.1904035], [6.484601, 5.190506], [6.4848895, 5.190781], [6.4852824, 5.1911335], [6.48567, 5.191506], [6.485851, 5.1916995], [6.48616, 5.192116], [6.486459, 5.1925583], [6.486702, 5.192934], [6.4871817, 5.1936903], [6.48734, 5.1939044], [6.487646, 5.194276], [6.487973, 5.194642], [6.4883313, 5.1950555], [6.4886327, 5.195461], [6.4889226, 5.195886], [6.489195, 5.196323], [6.489428, 5.1968064], [6.4897404, 5.1977873], [6.4898443, 5.198103], [6.489913, 5.1983128], [6.4899216, 5.198338], [6.490144, 5.1982665]]}, "properties": {"admin_area_name": "Nigeria", "fluid": "GAS", "mps_created_time": "Sep 8, 2021 12:13:28 PM", "mps_datasource_tags": "Data derived from Shell World Map, 2019, (https://reports.shell.com/investors-handbook/2019/servicepages/worldmap.php). Last Accessed Jan 2021", "mps_est_elevation_end_m": "19.0", "mps_est_elevation_start_m": "21.0", "mps_est_length_km": "30.308131411084", "mps_est_shore_status": "ONSHORE", "mps_uuid": "c030ec87-27a0-40dc-b159-42c198c0c7bd", "name": "NIGERIA PIPELINE", "status": "OPERATIONAL", "updt": "May 28, 2025 9:01:28 PM"}}, {"type": "Feature", "id": "mps_mapping_pipeline.cfefb026-afd9-4f12-bdb0-56b2d5ffc73c", "geometry": {"type": "LineString", "coordinates": [[6.29989, 5.0158176], [6.30008, 5.015817], [6.3001137, 5.015831], [6.300128, 5.0158644], [6.3001328, 5.0160913], [6.300137, 5.0161343], [6.300138, 5.016144], [6.300141, 5.016153], [6.3001447, 5.016161], [6.30015, 5.016169], [6.3001575, 5.016175], [6.3001657, 5.0161796], [6.300174, 5.0161824], [6.300184, 5.0161843], [6.3002515, 5.0161843], [6.30037, 5.0161858], [6.300485, 5.0161877], [6.3006015, 5.016189], [6.300715, 5.0161905], [6.300831, 5.016192], [6.3014092, 5.016199], [6.3018656, 5.016191], [6.3019814, 5.0161924], [6.3020964, 5.0161943], [6.302154, 5.01619], [6.3022065, 5.0161667], [6.302254, 5.0161333], [6.3022885, 5.0160875], [6.302313, 5.0160418], [6.3023286, 5.015972], [6.3023453, 5.015907], [6.302374, 5.015874], [6.3024173, 5.015838], [6.302434, 5.0158286], [6.3024526, 5.015822], [6.3024716, 5.0158186], [6.302547, 5.0158076], [6.3033795, 5.015808], [6.30373, 5.0158095], [6.303841, 5.015811], [6.303954, 5.015814], [6.3040695, 5.015816], [6.3041835, 5.0158186], [6.3042974, 5.0158195], [6.304412, 5.0158205], [6.304528, 5.0158215], [6.304645, 5.0158224], [6.3047595, 5.0158234], [6.3048735, 5.015825], [6.3051047, 5.0158267], [6.305221, 5.0158277], [6.305334, 5.015829], [6.3057766, 5.0158343], [6.306237, 5.0158443], [6.3064656, 5.015851], [6.307655, 5.0158553], [6.3076863, 5.015855], [6.3077016, 5.015859], [6.3077784, 5.015924], [6.3078613, 5.0160065], [6.307886, 5.0160313], [6.3079686, 5.0161138], [6.308054, 5.016194], [6.3097973, 5.017892], [6.311203, 5.0192723], [6.311287, 5.019355], [6.3126936, 5.0207267], [6.3144298, 5.0224266], [6.31501, 5.0229945], [6.3150954, 5.023074], [6.3151765, 5.0231533], [6.316663, 5.0245914], [6.318413, 5.0262847], [6.3201647, 5.0279803], [6.321337, 5.029118], [6.3214097, 5.0292068], [6.322324, 5.030093], [6.323808, 5.0315485], [6.325385, 5.0330825], [6.3270445, 5.0346966], [6.3273773, 5.035021], [6.3275447, 5.035183], [6.3282886, 5.0359197], [6.3283844, 5.0360312], [6.3284426, 5.036129], [6.32945, 5.0378137], [6.3306975, 5.0399003], [6.3319335, 5.0419683], [6.3330374, 5.043764], [6.3332167, 5.044055], [6.3341904, 5.0456367], [6.335251, 5.0473948], [6.3354306, 5.047693], [6.335772, 5.0482993], [6.336189, 5.04899], [6.3362494, 5.0490885], [6.336488, 5.0494876], [6.3365183, 5.049538], [6.336578, 5.049638], [6.3366313, 5.049726], [6.336652, 5.0497603], [6.3367114, 5.0498595], [6.3367715, 5.049959], [6.336831, 5.050058], [6.33689, 5.0501556], [6.3369503, 5.050256], [6.3370094, 5.0503535], [6.3370695, 5.0504537], [6.337129, 5.050553], [6.3371706, 5.050622], [6.337189, 5.050652], [6.337249, 5.050751], [6.337309, 5.050851], [6.337369, 5.0509515], [6.3374295, 5.051051], [6.3385644, 5.0529447], [6.338625, 5.0530434], [6.3398776, 5.055119], [6.34088, 5.0567966], [6.342013, 5.058677], [6.342131, 5.058878], [6.342904, 5.060158], [6.3440948, 5.0621395], [6.345294, 5.064124], [6.3463755, 5.0659046], [6.3481054, 5.068778], [6.3481565, 5.0688825], [6.349112, 5.070468], [6.3501816, 5.0722666], [6.351502, 5.0744505], [6.352163, 5.075539], [6.352218, 5.0756416], [6.353174, 5.077237], [6.3544593, 5.0794234], [6.3551965, 5.080619], [6.355256, 5.0807195], [6.355272, 5.0807476], [6.3552995, 5.080793], [6.3553314, 5.080836], [6.3553543, 5.080854], [6.35538, 5.080868], [6.3554077, 5.0808773], [6.355437, 5.0808816], [6.355551, 5.080883], [6.357176, 5.0808773], [6.3574257, 5.080879], [6.359272, 5.080901], [6.359436, 5.080908], [6.3596153, 5.0809803], [6.3617973, 5.0820312], [6.363891, 5.0830235], [6.365562, 5.0838203], [6.36769, 5.084868], [6.369961, 5.086002], [6.371715, 5.086848], [6.3735094, 5.08768], [6.3756065, 5.088672], [6.3763328, 5.08902], [6.378094, 5.0898523], [6.378145, 5.0898743], [6.3781977, 5.0898914], [6.3782516, 5.0899034], [6.378314, 5.089914], [6.378708, 5.0899377], [6.37881, 5.0899463], [6.3789263, 5.0899563], [6.3793907, 5.0899954], [6.3818154, 5.090182], [6.3837733, 5.0903354], [6.3838906, 5.090342], [6.384936, 5.0904317], [6.386306, 5.0905333], [6.386398, 5.0905423], [6.388473, 5.0907], [6.390786, 5.090878], [6.3926353, 5.091026], [6.392749, 5.0910316], [6.394391, 5.091148], [6.3954744, 5.091231], [6.395937, 5.091262], [6.395975, 5.091266], [6.397599, 5.09138], [6.3993196, 5.0915046], [6.4007792, 5.0917015], [6.4024005, 5.0918097], [6.4048247, 5.0919743], [6.406472, 5.0920916], [6.4065886, 5.0921006], [6.409011, 5.0922713], [6.411187, 5.092427], [6.411302, 5.092437], [6.411361, 5.0924435], [6.4114146, 5.092464], [6.411463, 5.092493], [6.4115033, 5.092538], [6.411723, 5.0928073], [6.4117937, 5.0928993], [6.411813, 5.092923], [6.411822, 5.092939], [6.4118233, 5.092955], [6.4118195, 5.092973], [6.411805, 5.0929904], [6.4117374, 5.0930448], [6.4117255, 5.0930595], [6.4117217, 5.0930753], [6.411721, 5.093089], [6.4117317, 5.0931106], [6.4117904, 5.093176], [6.4118037, 5.093188], [6.4118223, 5.093192], [6.411839, 5.093191], [6.411857, 5.0931807], [6.4119205, 5.0931244], [6.411939, 5.0931134], [6.411952, 5.093112], [6.4119678, 5.0931144], [6.41198, 5.0931253], [6.4119883, 5.093135], [6.411998, 5.093146], [6.412025, 5.093182], [6.412029, 5.0931864]]}, "properties": {"admin_area_name": "Nigeria", "fluid": "OIL", "mps_created_time": "Sep 8, 2021 12:13:19 PM", "mps_datasource_tags": "Data derived from Shell World Map, 2019, (https://reports.shell.com/investors-handbook/2019/servicepages/worldmap.php). Last Accessed Jan 2021", "mps_est_elevation_end_m": "22.0", "mps_est_elevation_start_m": "19.0", "mps_est_length_km": "16.5036638415545", "mps_est_shore_status": "ONSHORE", "mps_uuid": "cfefb026-afd9-4f12-bdb0-56b2d5ffc73c", "name": "NIGERIA PIPELINE", "status": "OPERATIONAL", "updt": "May 28, 2025 9:01:23 PM"}}, {"type": "Feature", "id": "mps_mapping_pipeline.ae0f2fd1-68c7-4f34-9947-01b9657d9b57", "geometry": {"type": "LineString", "coordinates": [[6.68815627300006, 4.981476697000052], [6.692425, 5.0253806], [6.6931944, 5.0535833], [6.693419860386485, 5.059825372457716], [6.6800667, 5.0885783], [6.6747222, 5.0952778], [6.6717961270882045, 5.099569246823673], [6.6722340761170305, 5.108492458286002], [6.657617527279964, 5.131758500442382], [6.643876876500549, 5.1798234063560304], [6.642699888485579, 5.188171809718026], [6.642877805278539, 5.19448101291455], [6.635336870438442, 5.2130801607325035], [6.6289444, 5.2388333]]}, "properties": {"admin_area_name": "Nigeria", "fluid": "OIL", "mps_created_time": "Jan 1, 1900 12:00:00 AM", "mps_datasource_tags": "Inferred from satellite imagery and NG oil spill data.", "mps_est_elevation_end_m": "16.0", "mps_est_elevation_start_m": "13.0", "mps_est_length_km": "30.0627876861707", "mps_est_shore_status": "ONSHORE", "mps_uuid": "ae0f2fd1-68c7-4f34-9947-01b9657d9b57", "name": "OBAGI/RUMUEKPE", "status": "OPERATIONAL", "updt": "Aug 17, 2022 11:19:40 AM"}}, {"type": "Feature", "id": "mps_mapping_pipeline.ee03aa45-746e-4629-a73d-48cdd3272eb1", "geometry": {"type": "LineString", "coordinates": [[6.3000236, 5.013986], [6.300449, 5.0139875], [6.302311, 5.01401], [6.30363, 5.0140133], [6.3054304, 5.014018], [6.308064, 5.014004], [6.3081493, 5.0139933], [6.309955, 5.0109196], [6.310894, 5.0093207], [6.312274, 5.0069957], [6.3127165, 5.006205], [6.3135915, 5.0046334], [6.3140574, 5.0038614], [6.3149548, 5.0022936], [6.31586, 5.000727], [6.317203, 4.998381], [6.3176513, 4.9975977], [6.3183837, 4.9964714], [6.319455, 4.9944725], [6.320369, 4.9929194], [6.320815, 4.992132], [6.321258, 4.991345], [6.3221617, 4.9897804], [6.3226733, 4.989041], [6.3231893, 4.988309], [6.3237104, 4.98757], [6.324233, 4.98683], [6.3245144, 4.986468], [6.3253374, 4.986045], [6.327537, 4.9850216], [6.3284893, 4.9849186], [6.329394, 4.9848566], [6.331196, 4.984731], [6.3327794, 4.9846168], [6.3329926, 4.984603], [6.3338866, 4.9845448], [6.3347874, 4.9844856], [6.335687, 4.984423], [6.3365955, 4.984361], [6.337487, 4.9842978], [6.338376, 4.984229], [6.3392787, 4.984284], [6.3406076, 4.984453], [6.3412385, 4.9845076], [6.3415017, 4.984528], [6.342406, 4.984639], [6.3432965, 4.984749], [6.3450813, 4.984957], [6.34689, 4.98518], [6.3486767, 4.985378], [6.35046, 4.9856052], [6.35136, 4.9856973], [6.355886, 4.986267], [6.3576283, 4.9864507], [6.3585625, 4.986573], [6.35946, 4.986684], [6.3603525, 4.986787], [6.3612475, 4.9868674], [6.3621507, 4.9869623], [6.3639255, 4.9871826], [6.3657146, 4.98739], [6.3661823, 4.9874372], [6.3670654, 4.98753], [6.3675075, 4.987556], [6.368399, 4.987659], [6.3692994, 4.987759], [6.3701925, 4.9878683], [6.371998, 4.98806], [6.373004, 4.9882007], [6.373894, 4.988349], [6.3741164, 4.9883795], [6.3743434, 4.9883986], [6.374471, 4.9884014], [6.374564, 4.9884], [6.3748126, 4.988381], [6.375409, 4.9882736], [6.375925, 4.9881916], [6.376653, 4.9880753], [6.3775277, 4.9879346], [6.3816085, 4.987265], [6.382732, 4.9870763], [6.383618, 4.986933], [6.384409, 4.986799], [6.3844295, 4.9867496], [6.383911, 4.9833183], [6.383135, 4.9780865], [6.3827043, 4.9751863], [6.3820705, 4.9709153], [6.381552, 4.967407], [6.381292, 4.9655976], [6.3809843, 4.9637575], [6.380355, 4.962129], [6.379699, 4.960457], [6.378969, 4.958581], [6.378416, 4.9571548], [6.3772197, 4.9542108], [6.3757777, 4.950669], [6.3756485, 4.950344], [6.3743124, 4.9469895], [6.37364, 4.945307], [6.3722143, 4.9418087], [6.3709264, 4.938686], [6.370895, 4.938494], [6.371605, 4.9376335], [6.3722434, 4.9367175], [6.374958, 4.932865], [6.376916, 4.930121], [6.3782897, 4.928157], [6.379561, 4.9265423], [6.3806367, 4.9250326], [6.382699, 4.9220214], [6.3836684, 4.920452], [6.3844833, 4.9194374], [6.3861547, 4.917033], [6.3884287, 4.913791], [6.389514, 4.9122224], [6.391017, 4.910069], [6.3926506, 4.907748], [6.394734, 4.9047556], [6.396005, 4.902913], [6.3972793, 4.9010687], [6.3983088, 4.899579], [6.4003773, 4.896615], [6.4024363, 4.893622], [6.403461, 4.8921247], [6.404517, 4.8906302], [6.4055557, 4.889161], [6.4066052, 4.887676], [6.4078946, 4.8858175], [6.409172, 4.8839426], [6.410218, 4.882455], [6.4112306, 4.881004], [6.4116974, 4.8803935], [6.412713, 4.879067], [6.413833, 4.87765], [6.4149294, 4.8762145], [6.416031, 4.874772], [6.417106, 4.8733225], [6.419329, 4.8704433], [6.420399, 4.8689947], [6.4214983, 4.86756], [6.423216, 4.865338], [6.424803, 4.8633175], [6.426287, 4.861378], [6.42828, 4.8587627], [6.4291472, 4.857609], [6.430207, 4.856198], [6.4316545, 4.854253], [6.4321647, 4.853545], [6.4326324, 4.8528676], [6.4341116, 4.850751], [6.4350476, 4.8494186], [6.4361267, 4.84791], [6.4368806, 4.84684], [6.437376, 4.846135], [6.4378467, 4.845473], [6.4382515, 4.844908], [6.439206, 4.8435426], [6.439928, 4.842511], [6.440872, 4.841159], [6.4414706, 4.840291], [6.4419923, 4.8395605], [6.442383, 4.839018], [6.442917, 4.8382893], [6.4434414, 4.837528], [6.44394, 4.8367953], [6.444361, 4.836344], [6.444634, 4.836025], [6.44529, 4.8353004], [6.4459033, 4.8346334], [6.446506, 4.8339787], [6.447093, 4.8333335], [6.447722, 4.832648], [6.448263, 4.832049], [6.4495506, 4.830658], [6.451598, 4.82839], [6.453115, 4.8267198], [6.454331, 4.8253937], [6.455546, 4.8240643], [6.4567337, 4.8227725], [6.4583435, 4.821025], [6.4596205, 4.819613], [6.461639, 4.8173594], [6.4626937, 4.816223], [6.464338, 4.8143864], [6.4646363, 4.814053], [6.4655075, 4.8131037], [6.46817, 4.810183], [6.470136, 4.80806], [6.472081, 4.805943], [6.4736657, 4.804238], [6.4759502, 4.801745], [6.476624, 4.8010097], [6.4778438, 4.799657], [6.479068, 4.7983418], [6.480299, 4.7970185], [6.4827476, 4.7943625], [6.483967, 4.79303], [6.485181, 4.791696], [6.4871197, 4.7895994], [6.4888377, 4.787712], [6.490741, 4.7856345], [6.493745, 4.782375], [6.4950814, 4.7809234], [6.4971447, 4.7786856], [6.4985456, 4.7771683], [6.4998274, 4.7757835], [6.501701, 4.773717], [6.5029216, 4.7723904], [6.504775, 4.7703524], [6.506419, 4.7685986], [6.5076327, 4.7672715], [6.5082, 4.766596], [6.509586, 4.7650967], [6.5109234, 4.7635713], [6.5133862, 4.7608986], [6.5149136, 4.7592425], [6.5167317, 4.757276], [6.5192876, 4.754476], [6.5214725, 4.7521524], [6.523458, 4.7499905], [6.524886, 4.7484665], [6.526902, 4.746291], [6.527906, 4.7452235], [6.528956, 4.744089], [6.531609, 4.741225], [6.5325217, 4.7402544], [6.5334816, 4.739231], [6.534672, 4.7379074], [6.535874, 4.736547], [6.537991, 4.7342496], [6.5394263, 4.732653], [6.5406356, 4.7313356], [6.542392, 4.729465], [6.5443387, 4.727271], [6.54549, 4.726012], [6.548307, 4.722917], [6.5491037, 4.72204], [6.5509725, 4.7200255], [6.5526533, 4.7181835], [6.5531754, 4.71756], [6.5543714, 4.716251], [6.55512, 4.715446], [6.558862, 4.7113557], [6.5599036, 4.7101936], [6.5605845, 4.7094197], [6.562489, 4.7073307], [6.5646563, 4.705378], [6.5682874, 4.7021394], [6.5696955, 4.700664], [6.5705686, 4.699764], [6.573091, 4.697133], [6.574461, 4.695378], [6.5748167, 4.694925], [6.5763793, 4.692809], [6.5768623, 4.6921496], [6.5774527, 4.6913495], [6.578277, 4.6902556], [6.5784335, 4.690054], [6.578534, 4.689916], [6.579115, 4.689278], [6.57959, 4.688755], [6.580085, 4.6882014], [6.580838, 4.6873875], [6.5814776, 4.686688], [6.5821195, 4.686006], [6.5827756, 4.6852775], [6.5841646, 4.683791], [6.5858765, 4.6819105], [6.587099, 4.6805778], [6.587314, 4.680343], [6.5874457, 4.6802025], [6.588324, 4.679253], [6.589561, 4.677906], [6.5908475, 4.6765127], [6.592594, 4.6746], [6.593817, 4.673269], [6.5945244, 4.6725144], [6.5951095, 4.6718774], [6.595828, 4.671103], [6.597316, 4.6695046], [6.5983114, 4.668409], [6.599596, 4.6666613], [6.6005087, 4.66542], [6.602283, 4.662998], [6.604569, 4.660042], [6.607434, 4.656475], [6.6125007, 4.654511], [6.612796, 4.655512]]}, "properties": {"admin_area_name": "Nigeria", "fluid": "GAS", "mps_created_time": "Sep 8, 2021 12:13:31 PM", "mps_datasource_tags": "Data derived from Shell World Map, 2019, (https://reports.shell.com/investors-handbook/2019/servicepages/worldmap.php). Last Accessed Jan 2021", "mps_est_elevation_end_m": "5.0", "mps_est_elevation_start_m": "21.0", "mps_est_length_km": "58.312175278081", "mps_est_shore_status": "ONSHORE", "mps_uuid": "ee03aa45-746e-4629-a73d-48cdd3272eb1", "name": "NIGERIA PIPELINE", "status": "OPERATIONAL", "updt": "May 28, 2025 9:01:29 PM"}}, {"type": "Feature", "id": "mps_mapping_pipeline.faed29a4-0d29-4804-9f07-3902f231ea13", "geometry": {"type": "LineString", "coordinates": [[6.3002315, 5.0138097], [6.3004413, 5.013809], [6.3005524, 5.01381], [6.3005853, 5.0138054], [6.300598, 5.013795], [6.300611, 5.0137763], [6.3006134, 5.013758], [6.3006177, 5.0136695], [6.300628, 5.0136566], [6.300645, 5.0136447], [6.3006644, 5.0136414], [6.3013678, 5.0136495], [6.3013954, 5.013657], [6.3014045, 5.0136647], [6.301417, 5.0136833], [6.3014183, 5.013702], [6.301424, 5.0139], [6.3014293, 5.013921], [6.3014503, 5.013927], [6.301585, 5.0139294], [6.301862, 5.0139256], [6.3019743, 5.013922], [6.302085, 5.013923], [6.3021917, 5.0139217], [6.3032994, 5.0139294], [6.305384, 5.0139327], [6.307367, 5.0139356], [6.307479, 5.0139356], [6.30768, 5.013931], [6.3077426, 5.013925], [6.3077908, 5.013912], [6.307836, 5.013893], [6.3078814, 5.0138564], [6.307911, 5.0138173], [6.3079453, 5.0137644], [6.308054, 5.013551], [6.3091283, 5.011729], [6.3103, 5.009716], [6.311349, 5.007906], [6.3123617, 5.006178], [6.3124185, 5.006079], [6.31253, 5.005885], [6.3136926, 5.003885], [6.3147473, 5.002057], [6.315747, 5.000331], [6.3158045, 5.0002337], [6.3166866, 4.9986815], [6.317848, 4.996671], [6.3190184, 4.9946675], [6.3200707, 4.9928446], [6.321073, 4.99112], [6.321128, 4.9910235], [6.321351, 4.990633], [6.321462, 4.9904428], [6.321629, 4.990153], [6.3217907, 4.9898605], [6.321908, 4.989677], [6.322413, 4.988957], [6.322738, 4.9885054], [6.3231835, 4.987869], [6.323895, 4.9868746], [6.323959, 4.986784], [6.3247895, 4.985598], [6.324852, 4.985496], [6.3248806, 4.985457], [6.3249307, 4.9854155], [6.324973, 4.9853888], [6.325026, 4.985371], [6.325134, 4.9853435], [6.3252406, 4.9853168], [6.325671, 4.985205], [6.325994, 4.9851203], [6.3260984, 4.9850926], [6.3262515, 4.985058], [6.3263073, 4.9850163], [6.3263454, 4.9849815], [6.3263764, 4.984934], [6.3264327, 4.9848385], [6.326617, 4.984528], [6.3266554, 4.984441], [6.3266478, 4.9843173], [6.326621, 4.9842196], [6.3264565, 4.9835763], [6.326206, 4.9824967], [6.3262386, 4.9823666], [6.3263235, 4.982272], [6.3264055, 4.9821987], [6.326487, 4.9821258], [6.3265686, 4.9820523], [6.327066, 4.9816246], [6.327763, 4.9811025], [6.32921, 4.9800644], [6.3300147, 4.97947], [6.330104, 4.979401], [6.331765, 4.978104], [6.3329754, 4.97716], [6.333063, 4.9770913], [6.334466, 4.976016], [6.335443, 4.975274], [6.3363285, 4.9746013], [6.337208, 4.9739423], [6.3387885, 4.9727373], [6.3427167, 4.9697604], [6.3442965, 4.968554], [6.345084, 4.9679585], [6.346148, 4.967149], [6.34703, 4.966475], [6.3484416, 4.9654107], [6.3494034, 4.9646735], [6.350284, 4.9639983], [6.35114, 4.963302], [6.351228, 4.9632344], [6.35277, 4.961988], [6.353372, 4.961502], [6.354413, 4.960666], [6.3557835, 4.959545], [6.355866, 4.959474], [6.3560357, 4.9593325], [6.3562026, 4.9591804], [6.356368, 4.9590297], [6.3566003, 4.9588037], [6.356762, 4.958648], [6.356926, 4.9584947], [6.357082, 4.958351], [6.3572435, 4.9582033], [6.357285, 4.958159], [6.3573093, 4.958112], [6.3573284, 4.958058], [6.3573313, 4.9580026], [6.357333, 4.956544], [6.357333, 4.956324], [6.357427, 4.9547544], [6.35746, 4.954395], [6.35747, 4.9542828], [6.357478, 4.9541745], [6.3574862, 4.9540663], [6.3574944, 4.953958], [6.357499, 4.9538937], [6.357505, 4.953846], [6.3575225, 4.9537845], [6.357537, 4.9537406], [6.3575616, 4.953692], [6.357619, 4.9535947], [6.3576756, 4.953498], [6.3577323, 4.953401], [6.357789, 4.953304], [6.357845, 4.9532084], [6.3578978, 4.9531136], [6.35793, 4.953051], [6.357941, 4.953008], [6.3579507, 4.952982], [6.3579473, 4.952902], [6.3579035, 4.9521284], [6.3578563, 4.951349], [6.357817, 4.950679], [6.3577867, 4.9501286], [6.3577805, 4.950019], [6.3577094, 4.9487967], [6.3577023, 4.9486856], [6.357639, 4.9476943], [6.357633, 4.9475813], [6.3575687, 4.946362], [6.357554, 4.9462495], [6.35754, 4.946003], [6.357534, 4.9458914], [6.357452, 4.9444504], [6.3573523, 4.942678], [6.357348, 4.9425697], [6.3571463, 4.9394693], [6.3571405, 4.939357], [6.3570333, 4.937585], [6.356981, 4.936697], [6.3569155, 4.9355874], [6.3569093, 4.935476], [6.3569007, 4.9353676], [6.35689, 4.9351435], [6.356787, 4.933478], [6.356755, 4.9329224], [6.356644, 4.931149], [6.3565617, 4.929821], [6.356552, 4.9297094], [6.356529, 4.9293833], [6.35652, 4.9292545], [6.356518, 4.9291444], [6.3564405, 4.927927], [6.3563876, 4.927043], [6.356307, 4.9258256], [6.356204, 4.9242773], [6.3561974, 4.9241667], [6.356089, 4.9223804], [6.356018, 4.921171], [6.3559546, 4.9200773], [6.3558908, 4.918971], [6.355771, 4.9167666], [6.3557134, 4.9156575], [6.3556514, 4.9145513], [6.3555827, 4.9133286], [6.3555517, 4.912772], [6.355566, 4.9126263], [6.3555565, 4.9125147], [6.3555465, 4.912364], [6.35551, 4.9117627], [6.355442, 4.910526], [6.3553324, 4.9086475], [6.355319, 4.908536], [6.3553176, 4.908521], [6.355317, 4.9084706], [6.3553348, 4.90841], [6.3553767, 4.9083056], [6.355419, 4.908202], [6.3554635, 4.9080997], [6.3555093, 4.907999], [6.355555, 4.9078984], [6.3559895, 4.906863], [6.3560324, 4.906763], [6.3562074, 4.906356], [6.3569927, 4.904494], [6.357037, 4.904395], [6.357061, 4.9043407], [6.3570833, 4.9042883], [6.357095, 4.904236], [6.357127, 4.9040127], [6.3571434, 4.903905], [6.3572617, 4.90314], [6.35727, 4.9030986], [6.3573003, 4.9030366], [6.3573523, 4.902938], [6.3573804, 4.9028835], [6.3573895, 4.902873], [6.3574, 4.9028645], [6.357412, 4.902858], [6.35742, 4.9028563], [6.357428, 4.902856], [6.357436, 4.9028563], [6.3574443, 4.9028587], [6.357452, 4.9028616], [6.357501, 4.9028883], [6.3575935, 4.902937], [6.3576326, 4.9029574], [6.3576593, 4.9029717], [6.3576937, 4.90299]]}, "properties": {"admin_area_name": "Nigeria", "fluid": "OIL", "mps_created_time": "Sep 8, 2021 12:13:33 PM", "mps_datasource_tags": "Data derived from Shell World Map, 2019, (https://reports.shell.com/investors-handbook/2019/servicepages/worldmap.php). Last Accessed Jan 2021", "mps_est_elevation_end_m": "19.0", "mps_est_elevation_start_m": "21.0", "mps_est_length_km": "15.6158604566627", "mps_est_shore_status": "ONSHORE", "mps_uuid": "faed29a4-0d29-4804-9f07-3902f231ea13", "name": "NIGERIA PIPELINE", "status": "OPERATIONAL", "updt": "May 28, 2025 9:01:30 PM"}}, {"type": "Feature", "id": "mps_mapping_pipeline.fbcd27f6-5f2b-4329-8c0f-cfe55e06fd00", "geometry": {"type": "LineString", "coordinates": [[6.301084, 5.0164213], [6.301083, 5.0162835], [6.301102, 5.016266], [6.301123, 5.0162516], [6.301146, 5.0162396], [6.301171, 5.0162315], [6.301196, 5.0162272], [6.3025393, 5.0162272], [6.303063, 5.016234], [6.303086, 5.0162363], [6.3031087, 5.016242], [6.3031297, 5.016251], [6.3031497, 5.016264], [6.303167, 5.016279], [6.3031816, 5.0162973], [6.303193, 5.0163174], [6.3032017, 5.0163393], [6.3032064, 5.0163617], [6.3032074, 5.016385], [6.3032064, 5.0164156], [6.3032045, 5.016535], [6.3031936, 5.0168495], [6.30318, 5.01724], [6.3031454, 5.0181994], [6.303104, 5.019194], [6.303095, 5.019818], [6.3030934, 5.0199256], [6.3030653, 5.019999], [6.30294, 5.0202127], [6.302879, 5.02045], [6.3025723, 5.0211167], [6.302267, 5.021799], [6.301998, 5.022411], [6.3016667, 5.0231524], [6.301363, 5.023841], [6.3010817, 5.0244784], [6.300852, 5.0249977], [6.3007545, 5.025221], [6.3005424, 5.0256968], [6.300288, 5.026267], [6.3000364, 5.0268397], [6.30001, 5.0268955], [6.2997813, 5.0274224], [6.299711, 5.027577], [6.299437, 5.028201], [6.29927, 5.028569], [6.299094, 5.028963], [6.298975, 5.0292244], [6.2986135, 5.0300794], [6.298296, 5.0308294], [6.297798, 5.0319796], [6.297499, 5.0326953], [6.297343, 5.033077], [6.2967315, 5.034004], [6.2965784, 5.034177], [6.296121, 5.034725], [6.294897, 5.0361648], [6.2941213, 5.0370827], [6.2938423, 5.0374117], [6.2936845, 5.037614], [6.29362, 5.037705], [6.2935333, 5.0379443], [6.2935076, 5.0379806], [6.293473, 5.038006], [6.2933836, 5.0380597], [6.293362, 5.0380826], [6.29335, 5.0381064], [6.29331, 5.0382094], [6.293188, 5.0385795], [6.293045, 5.0390635], [6.2928724, 5.0397363], [6.2927423, 5.040183], [6.292431, 5.041085], [6.2921915, 5.041814], [6.2919044, 5.0426645], [6.2916756, 5.043345], [6.2912636, 5.044556], [6.290976, 5.0453396], [6.2905636, 5.0464807], [6.2902894, 5.0472693], [6.289952, 5.048266], [6.2896447, 5.049101], [6.289378, 5.049841], [6.2892118, 5.0503473], [6.288956, 5.051098], [6.2887926, 5.051534], [6.288665, 5.051922], [6.2883115, 5.052917], [6.2881484, 5.053409], [6.2878165, 5.0544486], [6.2876782, 5.054851], [6.2875485, 5.055253], [6.2872696, 5.0560217], [6.287067, 5.056586], [6.2869706, 5.0571966]]}, "properties": {"admin_area_name": "Nigeria", "fluid": "GAS", "mps_created_time": "Sep 8, 2021 12:13:27 PM", "mps_datasource_tags": "Data derived from Shell World Map, 2019, (https://reports.shell.com/investors-handbook/2019/servicepages/worldmap.php). Last Accessed Jan 2021", "mps_est_elevation_end_m": "22.0", "mps_est_elevation_start_m": "21.0", "mps_est_length_km": "5.18472468499248", "mps_est_shore_status": "ONSHORE", "mps_uuid": "fbcd27f6-5f2b-4329-8c0f-cfe55e06fd00", "name": "NIGERIA PIPELINE", "status": "OPERATIONAL", "updt": "May 28, 2025 9:01:27 PM"}}, {"type": "Feature", "id": "mps_mapping_pipeline.9a09bf3e-936f-464b-bd07-e43e8a07b29c", "geometry": {"type": "LineString", "coordinates": [[6.6332784, 4.649886], [6.6335087, 4.649856], [6.6337686, 4.6498165]]}, "properties": {"admin_area_name": "Nigeria", "fluid": "OIL", "mps_created_time": "Sep 8, 2021 12:13:16 PM", "mps_datasource_tags": "Data derived from Shell World Map, 2019, (https://reports.shell.com/investors-handbook/2019/servicepages/worldmap.php). Last Accessed Jan 2021", "mps_est_elevation_end_m": "4.0", "mps_est_elevation_start_m": "4.0", "mps_est_length_km": "0.0549337857543761", "mps_est_shore_status": "ONSHORE", "mps_uuid": "9a09bf3e-936f-464b-bd07-e43e8a07b29c", "name": "NIGERIA PIPELINE", "status": "OPERATIONAL", "updt": "May 28, 2025 9:01:21 PM"}}, {"type": "Feature", "id": "mps_mapping_pipeline.9ce823b1-72d6-4769-bb10-c88fd2c816c3", "geometry": {"type": "LineString", "coordinates": [[6.3264694, 4.9823227], [6.326311, 4.982322], [6.3262725, 4.9823585], [6.326246, 4.9824066], [6.326231, 4.9825225], [6.3265615, 4.9838967], [6.326592, 4.9840107], [6.3266745, 4.9843388], [6.3266788, 4.984465], [6.326628, 4.984565], [6.3265767, 4.9846463], [6.326514, 4.984749], [6.3264513, 4.9848537], [6.3263907, 4.9849577], [6.3263783, 4.984981], [6.3263144, 4.9850655], [6.3262076, 4.985099], [6.326116, 4.985122], [6.325655, 4.985243], [6.3251905, 4.985356], [6.3250737, 4.985388], [6.324966, 4.985433], [6.324881, 4.9855185], [6.324825, 4.985594], [6.321669, 4.9901733], [6.321491, 4.9904895], [6.3213716, 4.9906955], [6.3201704, 4.992771], [6.319093, 4.9946375], [6.3180246, 4.996474], [6.308141, 5.013507], [6.308088, 5.013632], [6.3080297, 5.013737], [6.3079896, 5.013804], [6.307959, 5.0138535], [6.307914, 5.013897], [6.3078117, 5.013959], [6.307759, 5.013976], [6.3076963, 5.0139813], [6.307602, 5.0139794], [6.307482, 5.013979], [6.305336, 5.0139685], [6.3035445, 5.0139623], [6.303434, 5.013962], [6.3033123, 5.0139604], [6.302241, 5.013946], [6.3020062, 5.013943], [6.3018885, 5.013942], [6.3017683, 5.01394], [6.301652, 5.013938], [6.30156, 5.0139394], [6.30144, 5.013939], [6.301419, 5.013932], [6.3014135, 5.0139117], [6.3014054, 5.0137925], [6.301398, 5.0136833], [6.30139, 5.013663], [6.3013697, 5.0136576], [6.300678, 5.013653], [6.300659, 5.0136576], [6.3006496, 5.0136795], [6.3006477, 5.013799], [6.3006454, 5.01386], [6.3006406, 5.013879], [6.3005433, 5.0138855], [6.3004236, 5.013883], [6.3002286, 5.013882]]}, "properties": {"admin_area_name": "Nigeria", "fluid": "GAS", "mps_created_time": "Sep 8, 2021 12:13:43 PM", "mps_datasource_tags": "Data derived from Shell World Map, 2019, (https://reports.shell.com/investors-handbook/2019/servicepages/worldmap.php). Last Accessed Jan 2021", "mps_est_elevation_end_m": "21.0", "mps_est_elevation_start_m": "10.0", "mps_est_length_km": "5.07494329996067", "mps_est_shore_status": "ONSHORE", "mps_uuid": "9ce823b1-72d6-4769-bb10-c88fd2c816c3", "name": "NIGERIA PIPELINE", "status": "OPERATIONAL", "updt": "May 28, 2025 9:01:34 PM"}}, {"type": "Feature", "id": "mps_mapping_pipeline.f0819540-3815-413e-8f6c-0527a1355a43", "geometry": {"type": "LineString", "coordinates": [[6.61513003131868, 4.655112642646459], [6.6447774454288036, 4.791873294831866], [6.695464959875144, 4.927677578820174], [6.722243269393965, 4.968801411295507]]}, "properties": {"admin_area_name": "Nigeria", "fluid": "GAS", "mps_created_time": "Jan 1, 1900 12:00:00 AM", "mps_datasource_tags": "Inferred from satellite imagery and NG oil spill data.", "mps_est_elevation_end_m": "13.0", "mps_est_elevation_start_m": "5.0", "mps_est_length_km": "36.9437709347391", "mps_est_shore_status": "ONSHORE", "mps_uuid": "f0819540-3815-413e-8f6c-0527a1355a43", "name": "RUMUEKPE - SOKU", "status": "OPERATIONAL", "updt": "Aug 17, 2022 11:19:36 AM"}}, {"type": "Feature", "id": "mps_mapping_pipeline.fa6d1d05-d2e8-431f-9031-f106480cfa3a", "geometry": {"type": "LineString", "coordinates": [[6.5031667, 4.5386389], [6.494645744928116, 4.5142093120763285], [6.489554587468014, 4.506380973186064], [6.4900556, 4.5043056], [6.494970821923411, 4.482966834244357]]}, "properties": {"admin_area_name": "Nigeria", "fluid": "OIL", "mps_created_time": "Jan 1, 1900 12:00:00 AM", "mps_datasource_tags": "Inferred from satellite imagery and NG oil spill data.", "mps_est_elevation_end_m": "5.0", "mps_est_elevation_start_m": "4.0", "mps_est_length_km": "6.55393622593864", "mps_est_shore_status": "ONSHORE", "mps_uuid": "fa6d1d05-d2e8-431f-9031-f106480cfa3a", "name": "SANTA BARBARA-TORA PIPELINE", "status": "OPERATIONAL", "updt": "Aug 17, 2022 11:19:39 AM"}}, {"type": "Feature", "id": "mps_mapping_pipeline.909085b9-587f-45ea-8f6c-9e94326e699d", "geometry": {"type": "LineString", "coordinates": [[6.6491413, 4.401569], [6.649431, 4.4011693], [6.6495214, 4.4004292], [6.6495414, 4.400399], [6.6495614, 4.400379], [6.6499214, 4.4001994], [6.6503916, 4.399989], [6.6505914, 4.399929], [6.6507416, 4.3998694], [6.6507816, 4.3998594], [6.6507916, 4.3998594], [6.6508017, 4.3998694], [6.6508217, 4.399939], [6.6508813, 4.4000993], [6.6509414, 4.400309], [6.6516314, 4.402119], [6.6518316, 4.402689], [6.6519113, 4.402849], [6.6522512, 4.403599], [6.6523414, 4.403809], [6.6531415, 4.4058585], [6.6543713, 4.4089885], [6.6575413, 4.417058], [6.6584415, 4.4193377], [6.6584616, 4.4194274], [6.658531, 4.4199877], [6.658541, 4.4200473], [6.658551, 4.4200573], [6.6586113, 4.4201074], [6.6600313, 4.4212375], [6.6600513, 4.4212575], [6.6600614, 4.4212976], [6.6600614, 4.4213276], [6.6600614, 4.421377], [6.6597815, 4.4276967], [6.659581, 4.4320164], [6.659541, 4.4328065], [6.659541, 4.4329762], [6.659541, 4.4329963], [6.659521, 4.4330163], [6.6590815, 4.4334464], [6.658831, 4.4336963], [6.658771, 4.4337463], [6.6587415, 4.4337764], [6.6587415, 4.4338164], [6.658551, 4.436926], [6.658551, 4.437086], [6.6587214, 4.437396], [6.6592813, 4.4384556], [6.6592913, 4.4384656], [6.6592913, 4.4384956], [6.6592813, 4.4385257], [6.6592813, 4.4385657], [6.659251, 4.439326], [6.659101, 4.4427156], [6.658851, 4.448265], [6.658731, 4.4509945], [6.6585813, 4.4543643], [6.6582108, 4.4626737], [6.658061, 4.4660134], [6.657691, 4.4743223], [6.657541, 4.477692], [6.657261, 4.4840817], [6.657251, 4.4842715], [6.657241, 4.484482], [6.657181, 4.4859815], [6.6570506, 4.4893413], [6.656821, 4.494971], [6.656821, 4.4950304], [6.656821, 4.4950404], [6.656851, 4.4950604], [6.6569805, 4.4951806]]}, "properties": {"admin_area_name": "Nigeria", "fluid": "OIL", "mps_created_time": "Sep 8, 2021 12:13:35 PM", "mps_datasource_tags": "Data derived from Shell World Map, 2019, (https://reports.shell.com/investors-handbook/2019/servicepages/worldmap.php). Last Accessed Jan 2021", "mps_est_elevation_end_m": "8.0", "mps_est_elevation_start_m": "4.0", "mps_est_length_km": "11.1515259781241", "mps_est_shore_status": "ONSHORE", "mps_uuid": "909085b9-587f-45ea-8f6c-9e94326e699d", "name": "NIGERIA PIPELINE", "status": "OPERATIONAL", "updt": "May 28, 2025 9:01:32 PM"}}, {"type": "Feature", "id": "mps_mapping_pipeline.9dfcd2ce-f984-4d49-8029-c92d105c3f69", "geometry": {"type": "LineString", "coordinates": [[6.3728013, 4.887382], [6.3731112, 4.887132], [6.373661, 4.887302], [6.373671, 4.8872323], [6.3746214, 4.884322], [6.3747215, 4.883302], [6.374771, 4.8828025], [6.3750815, 4.878893], [6.3751016, 4.8784027], [6.3752813, 4.876123], [6.3754616, 4.875103], [6.3756514, 4.874143], [6.374481, 4.873863], [6.374851, 4.8720837], [6.3750415, 4.8721433]]}, "properties": {"admin_area_name": "Nigeria", "fluid": "GAS", "mps_created_time": "Sep 8, 2021 12:13:25 PM", "mps_datasource_tags": "Data derived from Shell World Map, 2019, (https://reports.shell.com/investors-handbook/2019/servicepages/worldmap.php). Last Accessed Jan 2021", "mps_est_elevation_end_m": "13.0", "mps_est_elevation_start_m": "14.0", "mps_est_length_km": "1.9434182633706", "mps_est_shore_status": "ONSHORE", "mps_uuid": "9dfcd2ce-f984-4d49-8029-c92d105c3f69", "name": "NIGERIA PIPELINE", "status": "OPERATIONAL", "updt": "May 28, 2025 9:01:26 PM"}}, {"type": "Feature", "id": "mps_mapping_pipeline.545c0ea8-3eba-498a-aba9-d74266139a7d", "geometry": {"type": "LineString", "coordinates": [[6.2825833, 4.4021667], [6.2694167, 4.43175], [6.2635556, 4.4545833], [6.2584444, 4.4753056], [6.2573889, 4.4991389], [6.25675, 4.526], [6.2605556, 4.5388889], [6.272090858802243, 4.568198252342242], [6.2761111, 4.5769444], [6.276627245156507, 4.587585923216673], [6.265290211289896, 4.630116425666292]]}, "properties": {"admin_area_name": "Nigeria", "fluid": "OIL", "mps_created_time": "Jan 1, 1900 12:00:00 AM", "mps_datasource_tags": "Inferred from satellite imagery and NG oil spill data.", "mps_est_elevation_end_m": "8.0", "mps_est_elevation_start_m": "11.0", "mps_est_length_km": "26.2431281170416", "mps_est_shore_status": "BOTH", "mps_uuid": "545c0ea8-3eba-498a-aba9-d74266139a7d", "name": "OBAMA/BRASS PIPELINE", "status": "OPERATIONAL", "updt": "Feb 13, 2023 12:48:58 PM"}}, {"type": "Feature", "id": "mps_mapping_pipeline.93dafeec-57e4-4498-9f47-e919dc672faf", "geometry": {"type": "LineString", "coordinates": [[6.355491731235793, 4.444683752139914], [6.373881300229355, 4.442002465948648], [6.442858272269445, 4.465323251733631], [6.4943720267851, 4.48284121288667], [6.502200365675365, 4.484483521744767], [6.579717343777562, 4.480213518713715], [6.592253634727705, 4.491052757177157], [6.602764411419528, 4.500359174039709], [6.642836747557104, 4.496362889151673], [6.6566222017541135, 4.49504892372935]]}, "properties": {"admin_area_name": "Nigeria", "fluid": "OIL", "mps_created_time": "Jan 1, 1900 12:00:00 AM", "mps_datasource_tags": "Inferred from satellite imagery and NG oil spill data.", "mps_est_elevation_end_m": "8.0", "mps_est_elevation_start_m": "10.0", "mps_est_length_km": "35.0782440016805", "mps_est_shore_status": "BOTH", "mps_uuid": "93dafeec-57e4-4498-9f47-e919dc672faf", "name": "OLD NEMBE CREEKLINE TRUNK", "status": "OPERATIONAL", "updt": "Aug 17, 2022 11:19:38 AM"}}, {"type": "Feature", "id": "mps_mapping_pipeline.265a6d2a-9c88-4f65-97a0-c3c7efc32a67", "geometry": {"type": "LineString", "coordinates": [[6.193454642153279, 4.616761711235253], [6.202936525023534, 4.632170974760472], [6.229939278414917, 4.643470888007996], [6.25158270670572, 4.639978206856582], [6.264981019457169, 4.630321880844251]]}, "properties": {"admin_area_name": "Nigeria", "fluid": "OIL", "mps_created_time": "Feb 13, 2023 12:48:59 PM", "mps_datasource_tags": "Various Sources including satellite observations", "mps_est_elevation_end_m": "8.0", "mps_est_elevation_start_m": "10.0", "mps_est_length_km": "9.51163919702808", "mps_est_shore_status": "ONSHORE", "mps_uuid": "265a6d2a-9c88-4f65-97a0-c3c7efc32a67", "name": "PERIGRENE TO OBAMA", "status": "OPERATIONAL", "updt": "Feb 14, 2023 9:36:01 AM"}}, {"type": "Feature", "id": "mps_mapping_pipeline.7ad1993b-dbc9-42aa-8bcf-60858f5041d3", "geometry": {"type": "LineString", "coordinates": [[6.683974823403406, 4.535847179731128], [6.713855633941293, 4.565275171628266]]}, "properties": {"admin_area_name": "Nigeria", "category": "Hydrocarbon", "fluid": "OIL", "mps_created_time": "Jan 1, 1900 12:00:00 AM", "mps_datasource_tags": "Sourced from Shell Handbook 2018", "mps_est_elevation_end_m": "4.0", "mps_est_elevation_start_m": "9.0", "mps_est_length_km": "4.64595697576562", "mps_est_shore_status": "BOTH", "mps_uuid": "7ad1993b-dbc9-42aa-8bcf-60858f5041d3", "name": "10\" EKULAMA 1 FS TO NEW EKULAMA 1 JUNCTION MFD", "operator_group_name": "SHELL PLC (GROUP)", "optr_name": "ROYAL DUTCH SHELL NIGERIA", "status": "OPERATIONAL", "updt": "May 29, 2025 12:40:42 PM"}}, {"type": "Feature", "id": "mps_mapping_pipeline.f2f3eb4e-0ebc-4166-ad3e-104f6ed70bed", "geometry": {"type": "LineString", "coordinates": [[6.800054449000072, 5.369122678000048], [6.760155437000037, 5.19769781800005], [6.747205706000045, 5.14767222900003], [6.703495769000029, 5.0599997260000515], [6.698776280000061, 5.001874969000028], [6.692286299000045, 4.986416305000038], [6.68740624000003, 4.9839164860000364], [6.687176248000071, 4.983646518000056], [6.686756231000061, 4.981986676000077], [6.68835628100004, 4.9813067490000495]]}, "properties": {"admin_area_name": "Nigeria", "category": "Hydrocarbon", "fluid": "OIL", "mps_created_time": "Jan 1, 1900 12:00:00 AM", "mps_datasource_tags": "Sourced from Shell Handbook 2018", "mps_est_elevation_end_m": "13.0", "mps_est_elevation_start_m": "48.0", "mps_est_length_km": "45.3529265098823", "mps_est_shore_status": "ONSHORE", "mps_uuid": "f2f3eb4e-0ebc-4166-ad3e-104f6ed70bed", "name": "18\" ASSA TO RUMUEKPE TRUNKLINE", "operator_group_name": "SHELL PLC (GROUP)", "optr_name": "ROYAL DUTCH SHELL NIGERIA", "status": "OPERATIONAL", "updt": "May 29, 2025 12:48:48 PM"}}, {"type": "Feature", "id": "mps_mapping_pipeline.293c55c3-5108-4735-bc26-560d0f9ef914", "geometry": {"type": "LineString", "coordinates": [[6.68784594011187, 4.504878246063413], [6.683857916810164, 4.536782432477059], [6.681707410506191, 4.54727583536164], [6.658857230883399, 4.54956085332392], [6.679270660231762, 4.577044600072671], [6.61457234277427, 4.649562674176512]]}, "properties": {"admin_area_name": "Nigeria", "category": "Hydrocarbon", "fluid": "OIL", "mps_created_time": "Jan 1, 1900 12:00:00 AM", "mps_datasource_tags": "Sourced from Shell Handbook 2018", "mps_est_elevation_end_m": "3.0", "mps_est_elevation_start_m": "7.0", "mps_est_length_km": "21.8422360428928", "mps_est_shore_status": "ONSHORE", "mps_uuid": "293c55c3-5108-4735-bc26-560d0f9ef914", "name": "12\" SOKU GP TO SAN BARTH MF PIPELINE", "operator_group_name": "SHELL PLC (GROUP)", "optr_name": "ROYAL DUTCH SHELL NIGERIA", "status": "OPERATIONAL", "updt": "May 29, 2025 9:21:13 AM"}}, {"type": "Feature", "id": "mps_mapping_pipeline.7ce51584-c8c9-4389-89f3-32b6edb1a3c5", "geometry": {"type": "LineString", "coordinates": [[6.647211337000044, 4.402908913000031], [6.657553933330828, 4.416783471285307], [6.656731055028328, 4.485905248695268], [6.684517873384914, 4.505519346736028], [6.687949647573617, 4.504048586369441], [6.6825568595627995, 4.54719089045598], [6.6580441867863565, 4.549642157733624], [6.679270660231762, 4.577044600072671], [6.6128519765421885, 4.655678896404476]]}, "properties": {"admin_area_name": "Nigeria", "category": "Hydrocarbon", "fluid": "GAS", "mps_created_time": "Jan 1, 1900 12:00:00 AM", "mps_datasource_tags": "Sourced from Shell Handbook 2018", "mps_est_elevation_end_m": "5.0", "mps_est_elevation_start_m": "4.0", "mps_est_length_km": "36.5228800104168", "mps_est_shore_status": "BOTH", "mps_uuid": "7ce51584-c8c9-4389-89f3-32b6edb1a3c5", "name": "8\" BELEMA GP TO SOKU GAS PLANT", "operator_group_name": "SHELL PLC (GROUP)", "optr_name": "ROYAL DUTCH SHELL NIGERIA", "status": "OPERATIONAL", "updt": "May 29, 2025 12:41:08 PM"}}, {"type": "Feature", "id": "mps_mapping_pipeline.25cb4d62-338d-4cfe-904d-c962ba9d2fc8", "geometry": {"type": "LineString", "coordinates": [[6.688343754000073, 4.981278904000022], [6.685404387000062, 4.982271760000049], [6.667127213000072, 4.9952706770000646], [6.665994259000058, 4.997676193000069], [6.665898469000069, 4.997876502000055], [6.665275109000049, 4.999184978000081], [6.6635648790000355, 5.0001564740000495], [6.660740806000036, 5.001769723000043], [6.660333901000057, 5.002002667000048], [6.659129950000022, 5.002696474000067], [6.658571050000035, 5.003017186000011], [6.6568620760000385, 5.003996599000065], [6.652415692000035, 5.006538227000024], [6.651309999000034, 5.007168804000056], [6.646093810000025, 5.010145732000049], [6.644929442000034, 5.01081183400003], [6.605882910000048, 5.033061784000046], [6.600142561000041, 5.036332885000044], [6.598730548000048, 5.037146446000065], [6.597686881000072, 5.037752020000011], [6.5957420450000654, 5.038887552000067], [6.595658876000074, 5.038936580000032], [6.5952231920000495, 5.039188615000042], [6.59516293300004, 5.039220742000048], [6.595113852000055, 5.03925040100005], [6.59491514900003, 5.0393648960000474], [6.593926805000024, 5.039939086000066], [6.591929943000025, 5.042008649000025], [6.590362295000034, 5.043639371000042], [6.589618798000061, 5.044417924000067], [6.589388429000054, 5.0446567840000425], [6.588677855000072, 5.045392688000047], [6.582399111000028, 5.051902630000027], [6.578880237000021, 5.055553326000051], [6.574224650000077, 5.060378581000062], [6.571910618000061, 5.062784550000045], [6.5696886030000305, 5.065096512000006], [6.568812249000075, 5.0660159600000725], [6.5669355380000525, 5.067306824000066], [6.566646215000048, 5.067505686000058], [6.5648226380000665, 5.068760138000067], [6.56295687100004, 5.070039035000036], [6.560856132000026, 5.070698284000049], [6.547881076000068, 5.079371049000028], [6.543394593000073, 5.082336903000048], [6.540808801000026, 5.08414813400003], [6.5384619480000765, 5.0857006700000476], [6.536328186000048, 5.087118086000028], [6.534747598000024, 5.088171346000008], [6.528668326000059, 5.092212810000036], [6.523649857000066, 5.095549711000044], [6.52224962400004, 5.0964741820000565], [6.521856456000023, 5.0967158340000625], [6.521806628000036, 5.096747031000053], [6.520917380000071, 5.097296033000006], [6.520809297000028, 5.097363826000044], [6.520705125000063, 5.097433714000027], [6.519928848000063, 5.097952173000058], [6.512863047000052, 5.102648194000032], [6.5091216410000365, 5.105145131000026], [6.505147492000049, 5.107802564000051], [6.48887737900003, 5.118589206000016], [6.487349044000041, 5.119010761000025], [6.487317612000027, 5.119019515000046], [6.487224523000067, 5.119045123000029], [6.487222149000047, 5.119045775000075], [6.486294904000034, 5.119314660000041], [6.4861343410000245, 5.119356750000071], [6.485385354000073, 5.119560311000034], [6.485321278000072, 5.119577073000059], [6.484559020000063, 5.119783614000032], [6.4838349480000375, 5.11998335700002], [6.481587571000034, 5.1206182990000535], [6.464318503000072, 5.140367025000037], [6.463586787000054, 5.14120420000006], [6.461628760000053, 5.143457497000056], [6.461133747000077, 5.144027363000019], [6.46112978900004, 5.144031786000017], [6.4611283920000355, 5.144033509000047], [6.461117216000048, 5.144046546000025], [6.460879488000046, 5.144320002000016], [6.459444323000071, 5.1459731680000695], [6.452585154000076, 5.153863104000034], [6.452460027000029, 5.154007677000035], [6.452374482000039, 5.1541059220000385], [6.452298624000036, 5.154193691000046], [6.4521984570000654, 5.154308790000074]]}, "properties": {"admin_area_name": "Nigeria", "category": "Hydrocarbon", "fluid": "OIL", "mps_created_time": "Jan 1, 1900 12:00:00 AM", "mps_datasource_tags": "Sourced from Shell Handbook 2018", "mps_est_elevation_end_m": "19.0", "mps_est_elevation_start_m": "13.0", "mps_est_length_km": "32.8208654063459", "mps_est_shore_status": "ONSHORE", "mps_uuid": "25cb4d62-338d-4cfe-904d-c962ba9d2fc8", "name": "14\" OKORDIA-RUMUEKPE TRUNKLINE", "operator_group_name": "SHELL PLC (GROUP)", "optr_name": "ROYAL DUTCH SHELL NIGERIA", "status": "OPERATIONAL", "updt": "May 29, 2025 3:22:05 PM"}}, {"type": "Feature", "id": "mps_mapping_pipeline.5d611954-a295-455b-b9bf-ef41d95e7eac", "geometry": {"type": "LineString", "coordinates": [[6.803372015000036, 4.9544445940000355], [6.807326363994893, 4.976162664043721], [6.809777631272537, 4.982658522329478], [6.806713547175482, 5.013544490027796]]}, "properties": {"admin_area_name": "Nigeria", "category": "Hydrocarbon", "fluid": "OIL", "mps_created_time": "Jan 1, 1900 12:00:00 AM", "mps_datasource_tags": "Sourced from Shell Handbook 2018", "mps_est_elevation_end_m": "20.0", "mps_est_elevation_start_m": "13.0", "mps_est_length_km": "6.64171873967451", "mps_est_shore_status": "ONSHORE", "mps_uuid": "5d611954-a295-455b-b9bf-ef41d95e7eac", "name": "8\" OBELE TO IBAA DELIVERY LINE", "operator_group_name": "SHELL PLC (GROUP)", "optr_name": "ROYAL DUTCH SHELL NIGERIA", "status": "OPERATIONAL", "updt": "May 29, 2025 12:40:47 PM"}}, {"type": "Feature", "id": "mps_mapping_pipeline.70639a1b-9669-4e9c-8d6b-f6e6f9d3fc88", "geometry": {"type": "LineString", "coordinates": [[6.100496895000049, 4.80572669000003], [6.101906893000034, 4.806256671000042], [6.108287078000046, 4.802407092000084], [6.0998176840000715, 4.7261039410000745], [6.099487676000023, 4.724864042000034], [6.0988176800000256, 4.72378412500006], [6.097897664000072, 4.722954196000042], [6.096717662000061, 4.72239423100006], [6.095467619000033, 4.722214257000065], [6.086167441000043, 4.72226417000007], [6.084797441000035, 4.722104168000039], [6.08358740400007, 4.721464210000015], [6.082607410000038, 4.7205542870000246], [6.081977418000065, 4.719354381000072], [6.081697424000027, 4.71803448800006], [6.078677937000066, 4.661579610000045], [6.078397934000066, 4.661139644000063]]}, "properties": {"admin_area_name": "Nigeria", "category": "Hydrocarbon", "fluid": "OIL", "mps_created_time": "Jan 1, 1900 12:00:00 AM", "mps_datasource_tags": "Sourced from Shell Handbook 2018", "mps_est_elevation_end_m": "9.0", "mps_est_elevation_start_m": "15.0", "mps_est_length_km": "18.2811287255635", "mps_est_shore_status": "ONSHORE", "mps_uuid": "70639a1b-9669-4e9c-8d6b-f6e6f9d3fc88", "name": "10\" DIEBU CREEK TO NUN RIVER TRUNKLINE", "operator_group_name": "SHELL PLC (GROUP)", "optr_name": "ROYAL DUTCH SHELL NIGERIA", "status": "OPERATIONAL", "updt": "May 29, 2025 12:38:39 PM"}}, {"type": "Feature", "id": "mps_mapping_pipeline.b7c2cfe8-c769-4c7e-9a4f-dbeed3a1c26d", "geometry": {"type": "LineString", "coordinates": [[6.800054449000072, 5.369122678000048], [6.760155437000037, 5.19769781800005], [6.747205706000045, 5.14767222900003], [6.703495769000029, 5.0599997260000515], [6.698776280000061, 5.001874969000028], [6.692286299000045, 4.986416305000038], [6.68740624000003, 4.9839164860000364], [6.687176248000071, 4.983646518000056], [6.686756231000061, 4.981986676000077], [6.68835628100004, 4.9813067490000495]]}, "properties": {"admin_area_name": "Nigeria", "category": "Hydrocarbon", "fluid": "OIL", "mps_created_time": "Jan 1, 1900 12:00:00 AM", "mps_datasource_tags": "Sourced from Shell Handbook 2018", "mps_est_elevation_end_m": "13.0", "mps_est_elevation_start_m": "48.0", "mps_est_length_km": "45.3529265098823", "mps_est_shore_status": "ONSHORE", "mps_uuid": "b7c2cfe8-c769-4c7e-9a4f-dbeed3a1c26d", "name": "18\" ASSA TO RUMUEKPE TRUNKLINE", "operator_group_name": "SHELL PLC (GROUP)", "optr_name": "ROYAL DUTCH SHELL NIGERIA", "status": "OPERATIONAL", "updt": "May 29, 2025 12:49:24 PM"}}, {"type": "Feature", "id": "mps_mapping_pipeline.aca9c227-d141-4ded-86af-79a3fb045d19", "geometry": {"type": "LineString", "coordinates": [[8.485334, 4.1150966], [8.484489, 4.1310334], [8.475676, 4.1367083], [8.46976, 4.138157], [8.465051, 4.137553], [8.460825, 4.1364665], [8.45841, 4.135259], [8.45672, 4.13369], [8.455272, 4.131758], [8.454668, 4.1387606]]}, "properties": {"admin_area_name": "Cameroon", "fluid": "OIL", "mps_created_time": "Jan 1, 1900 12:00:00 AM", "mps_datasource_tags": "Data derived from Tower Resources Presentation, 2020, (https://www.towerresources.co.uk/wp-content/uploads/2020/02/TRP-Corporate-Presentation-18-February-2020.pdf) Last Accessed March 21", "mps_est_elevation_end_m": "-53.0", "mps_est_elevation_start_m": "-58.0", "mps_est_length_km": "6.21454208870329", "mps_est_shore_status": "OFFSHORE", "mps_uuid": "aca9c227-d141-4ded-86af-79a3fb045d19", "name": "VICTORIA - MOUDI TERMINAL", "status": "OPERATIONAL", "updt": "Aug 17, 2022 11:19:29 AM"}}, {"type": "Feature", "id": "mps_mapping_pipeline.ec2d014d-6f24-43bb-8e7e-68b7ceead572", "geometry": {"type": "LineString", "coordinates": [[8.42056, 4.275555], [8.419956, 4.2700615], [8.430822, 4.262274], [8.434626, 4.2571425], [8.437403, 4.2475443], [8.44851, 4.2349877]]}, "properties": {"admin_area_name": "Cameroon", "fluid": "OIL", "mps_created_time": "Jan 1, 1900 12:00:00 AM", "mps_datasource_tags": "Data derived from Tower Resources Presentation, 2020, (https://www.towerresources.co.uk/wp-content/uploads/2020/02/TRP-Corporate-Presentation-18-February-2020.pdf) Last Accessed March 21", "mps_est_elevation_end_m": "-38.0", "mps_est_elevation_start_m": "-22.0", "mps_est_length_km": "5.76284142865121", "mps_est_shore_status": "OFFSHORE", "mps_uuid": "ec2d014d-6f24-43bb-8e7e-68b7ceead572", "name": "BAROMBI - EKOUNDOU CENTRE", "status": "OPERATIONAL", "updt": "Aug 17, 2022 11:19:29 AM"}}, {"type": "Feature", "id": "mps_mapping_pipeline.4a45fb84-882b-4ae4-aee7-161cfa53c872", "geometry": {"type": "LineString", "coordinates": [[8.420832, 4.275585], [8.433086, 4.27637], [8.444676, 4.2794485], [8.472446, 4.280475], [8.5173, 4.2814407], [8.558953, 4.282467], [8.569458, 4.285425]]}, "properties": {"admin_area_name": "Cameroon", "fluid": "OIL", "mps_created_time": "Jan 1, 1900 12:00:00 AM", "mps_datasource_tags": "Data derived from Tower Resources Presentation, 2020, (https://www.towerresources.co.uk/wp-content/uploads/2020/02/TRP-Corporate-Presentation-18-February-2020.pdf) Last Accessed March 21", "mps_est_elevation_end_m": "-17.0", "mps_est_elevation_start_m": "-22.0", "mps_est_length_km": "16.5957974108243", "mps_est_shore_status": "OFFSHORE", "mps_uuid": "4a45fb84-882b-4ae4-aee7-161cfa53c872", "name": "KOLE - EKOUNDO CENTRAL", "status": "OPERATIONAL", "updt": "Aug 17, 2022 11:19:29 AM"}}, {"type": "Feature", "id": "mps_mapping_pipeline.3c06c373-96dc-4ae2-a9e6-b97b7bbb11a7", "geometry": {"type": "LineString", "coordinates": [[8.034504567426461, 4.1266666544955966], [7.999951974110638, 4.221110409558849]]}, "properties": {"admin_area_name": "Nigeria", "fluid": "OIL", "mps_created_time": "Jan 1, 1900 12:00:00 AM", "mps_datasource_tags": "https://www.google.com/url?sa=i&url=http%3A%2F%2Fwww.oriental-er.com%2Febok%2F&psig=AOvVaw2xUTgXHx99iWSKAYQ47S4-&ust=1581611279836000&source=images&cd=vfe&ved=0CAIQjRxqFwoTCJjNxKW3zOcCFQAAAAAdAAAAABAJ", "mps_est_elevation_end_m": "-27.0", "mps_est_elevation_start_m": "-39.0", "mps_est_length_km": "11.1259001793437", "mps_est_shore_status": "OFFSHORE", "mps_uuid": "3c06c373-96dc-4ae2-a9e6-b97b7bbb11a7", "name": "ETIM - INIM", "status": "OPERATIONAL", "updt": "Aug 17, 2022 11:19:35 AM"}}, {"type": "Feature", "id": "mps_mapping_pipeline.37f233a7-ec5a-4c2b-ac5e-721be1cff299", "geometry": {"type": "LineString", "coordinates": [[8.230715, 5.0157614], [8.229267, 5.020383], [8.227819, 5.0384774], [8.231257, 5.0603714], [8.237772, 5.087513], [8.243019, 5.10235], [8.259485, 5.152291], [8.260752, 5.1595287], [8.260571, 5.16369], [8.261294, 5.1698422], [8.263827, 5.1752706], [8.273038, 5.1903777]]}, "properties": {"admin_area_name": "Nigeria", "fluid": "GAS", "mps_created_time": "Oct 6, 2021 10:27:11 AM", "mps_datasource_tags": "Data derived from Savannah Energy, 2021, (https://wp-savannah-2020.s3.eu-west-2.amazonaws.com/media/2021/10/05092546/30.09.21-H1-2021-Results-V5-Final.pdf)", "mps_est_elevation_end_m": "11.0", "mps_est_elevation_start_m": "34.0", "mps_est_length_km": "20.2174911176862", "mps_est_shore_status": "ONSHORE", "mps_uuid": "37f233a7-ec5a-4c2b-ac5e-721be1cff299", "name": "UQUO - CALABAR POWER STATION", "status": "OPERATIONAL", "updt": "Aug 17, 2022 1:23:05 PM"}}, {"type": "Feature", "id": "mps_mapping_pipeline.0d3affa8-2b9d-44e3-9f25-3b762e09be70", "geometry": {"type": "LineString", "coordinates": [[8.666952, 4.318024], [8.662425, 4.3185067], [8.64196, 4.307218], [8.627411, 4.296895]]}, "properties": {"admin_area_name": "Cameroon", "fluid": "OIL", "mps_created_time": "Jan 1, 1900 12:00:00 AM", "mps_datasource_tags": "Data derived from Tower Resources Presentation, 2020, (https://www.towerresources.co.uk/wp-content/uploads/2020/02/TRP-Corporate-Presentation-18-February-2020.pdf) Last Accessed March 21", "mps_est_elevation_end_m": "-12.0", "mps_est_elevation_start_m": "-8.0", "mps_est_length_km": "5.0752179459566", "mps_est_shore_status": "OFFSHORE", "mps_uuid": "0d3affa8-2b9d-44e3-9f25-3b762e09be70", "name": "LIPENJA - ASOMA CENTRAL", "status": "OPERATIONAL", "updt": "Aug 17, 2022 11:19:30 AM"}}, {"type": "Feature", "id": "mps_mapping_pipeline.2f2e2d8a-2ca2-40bb-b81a-a7062074a2ae", "geometry": {"type": "LineString", "coordinates": [[8.378516, 4.318321], [8.404852, 4.3173842], [8.408599, 4.313383]]}, "properties": {"admin_area_name": "Cameroon", "fluid": "OIL", "mps_created_time": "Jan 1, 1900 12:00:00 AM", "mps_datasource_tags": "Data derived from Tower Resources Presentation, 2020, (https://www.towerresources.co.uk/wp-content/uploads/2020/02/TRP-Corporate-Presentation-18-February-2020.pdf) Last Accessed March 21", "mps_est_elevation_end_m": "-9.0", "mps_est_elevation_start_m": "-8.0", "mps_est_length_km": "3.53254541081279", "mps_est_shore_status": "OFFSHORE", "mps_uuid": "2f2e2d8a-2ca2-40bb-b81a-a7062074a2ae", "name": "BIBOUNDI - EKOUNDOU CENTRAL", "status": "OPERATIONAL", "updt": "Aug 17, 2022 11:19:28 AM"}}, {"type": "Feature", "id": "mps_mapping_pipeline.822680a5-de97-4fe1-95de-1ca91c12a8b9", "geometry": {"type": "LineString", "coordinates": [[8.404743, 4.1744385], [8.413316, 4.180475], [8.444586, 4.197197]]}, "properties": {"admin_area_name": "Cameroon", "fluid": "OIL", "mps_created_time": "Jan 1, 1900 12:00:00 AM", "mps_datasource_tags": "Data derived from Tower Resources Presentation, 2020, (https://www.towerresources.co.uk/wp-content/uploads/2020/02/TRP-Corporate-Presentation-18-February-2020.pdf) Last Accessed March 21", "mps_est_elevation_end_m": "-47.0", "mps_est_elevation_start_m": "-47.0", "mps_est_length_km": "5.0960220249257", "mps_est_shore_status": "OFFSHORE", "mps_uuid": "822680a5-de97-4fe1-95de-1ca91c12a8b9", "name": "MOKOKO SOUTH - ABANA", "status": "OPERATIONAL", "updt": "Aug 17, 2022 11:19:30 AM"}}, {"type": "Feature", "id": "mps_mapping_pipeline.b53f9d98-4383-4581-bc58-a407a86a3557", "geometry": {"type": "LineString", "coordinates": [[8.618929, 4.336044], [8.610176, 4.3346553], [8.599189, 4.3338103], [8.5917635, 4.323306], [8.577517, 4.302057], [8.569971, 4.285395]]}, "properties": {"admin_area_name": "Cameroon", "fluid": "OIL", "mps_created_time": "Jan 1, 1900 12:00:00 AM", "mps_datasource_tags": "Data derived from Tower Resources Presentation, 2020, (https://www.towerresources.co.uk/wp-content/uploads/2020/02/TRP-Corporate-Presentation-18-February-2020.pdf) Last Accessed March 21", "mps_est_elevation_end_m": "-17.0", "mps_est_elevation_start_m": "-11.0", "mps_est_length_km": "8.48747166826067", "mps_est_shore_status": "OFFSHORE", "mps_uuid": "b53f9d98-4383-4581-bc58-a407a86a3557", "name": "BRAVO SOUTH - KOLE", "status": "OPERATIONAL", "updt": "Aug 17, 2022 11:19:30 AM"}}, {"type": "Feature", "id": "mps_mapping_pipeline.4e2419db-56ff-4135-874b-91f59c77406d", "geometry": {"type": "LineString", "coordinates": [[8.56991, 4.2851534], [8.581501, 4.301755]]}, "properties": {"admin_area_name": "Cameroon", "fluid": "OIL", "mps_created_time": "Jan 1, 1900 12:00:00 AM", "mps_datasource_tags": "Data derived from Tower Resources Presentation, 2020, (https://www.towerresources.co.uk/wp-content/uploads/2020/02/TRP-Corporate-Presentation-18-February-2020.pdf) Last Accessed March 21", "mps_est_elevation_end_m": "-13.0", "mps_est_elevation_start_m": "-17.0", "mps_est_length_km": "2.24183540967137", "mps_est_shore_status": "OFFSHORE", "mps_uuid": "4e2419db-56ff-4135-874b-91f59c77406d", "name": "DIKOME - KOLE", "status": "OPERATIONAL", "updt": "Aug 17, 2022 11:19:30 AM"}}, {"type": "Feature", "id": "mps_mapping_pipeline.5edfdcfa-486a-4e67-a3e7-c375ef55df06", "geometry": {"type": "LineString", "coordinates": [[8.005710739663275, 4.096260372377671], [8.034274216804356, 4.126205953251385]]}, "properties": {"admin_area_name": "Nigeria", "fluid": "OIL", "mps_created_time": "Jan 1, 1900 12:00:00 AM", "mps_datasource_tags": "https://www.google.com/url?sa=i&url=http%3A%2F%2Fwww.oriental-er.com%2Febok%2F&psig=AOvVaw2xUTgXHx99iWSKAYQ47S4-&ust=1581611279836000&source=images&cd=vfe&ved=0CAIQjRxqFwoTCJjNxKW3zOcCFQAAAAAdAAAAABAJ", "mps_est_elevation_end_m": "-39.0", "mps_est_elevation_start_m": "-34.0", "mps_est_length_km": "4.5851872306793", "mps_est_shore_status": "OFFSHORE", "mps_uuid": "5edfdcfa-486a-4e67-a3e7-c375ef55df06", "name": "UNKNOWN - ETIM", "status": "OPERATIONAL", "updt": "Aug 17, 2022 11:19:35 AM"}}, {"type": "Feature", "id": "mps_mapping_pipeline.b96c115c-ae0e-4493-b86e-5cfdda5b6d1b", "geometry": {"type": "LineString", "coordinates": [[8.385697, 4.275404], [8.4206505, 4.275555]]}, "properties": {"admin_area_name": "Cameroon", "fluid": "OIL", "mps_created_time": "Jan 1, 1900 12:00:00 AM", "mps_datasource_tags": "Data derived from Tower Resources Presentation, 2020, (https://www.towerresources.co.uk/wp-content/uploads/2020/02/TRP-Corporate-Presentation-18-February-2020.pdf) Last Accessed March 21", "mps_est_elevation_end_m": "-22.0", "mps_est_elevation_start_m": "-15.0", "mps_est_length_km": "3.88028577350915", "mps_est_shore_status": "OFFSHORE", "mps_uuid": "b96c115c-ae0e-4493-b86e-5cfdda5b6d1b", "name": "BETIKA - EKOUNDOU CENTRE", "status": "OPERATIONAL", "updt": "Aug 17, 2022 11:19:31 AM"}}, {"type": "Feature", "id": "mps_mapping_pipeline.c77493df-bde4-402a-bdb6-55cbe0b76926", "geometry": {"type": "LineString", "coordinates": [[8.415096, 4.2143717], [8.444495, 4.1974688]]}, "properties": {"admin_area_name": "Cameroon", "fluid": "OIL", "mps_created_time": "Jan 1, 1900 12:00:00 AM", "mps_datasource_tags": "Data derived from Tower Resources Presentation, 2020, (https://www.towerresources.co.uk/wp-content/uploads/2020/02/TRP-Corporate-Presentation-18-February-2020.pdf) Last Accessed March 21", "mps_est_elevation_end_m": "-47.0", "mps_est_elevation_start_m": "-47.0", "mps_est_length_km": "3.76123032791564", "mps_est_shore_status": "OFFSHORE", "mps_uuid": "c77493df-bde4-402a-bdb6-55cbe0b76926", "name": "MOKOKO NE - ABANA", "status": "OPERATIONAL", "updt": "Aug 17, 2022 11:19:29 AM"}}, {"type": "Feature", "id": "mps_mapping_pipeline.bc3e7829-2ef3-4d91-9857-a30bf002b6de", "geometry": {"type": "LineString", "coordinates": [[8.404834, 4.1744385], [8.4099045, 4.2154884], [8.417149, 4.220439], [8.448298, 4.223578], [8.465685, 4.230581], [8.5698805, 4.285516]]}, "properties": {"admin_area_name": "Cameroon", "fluid": "OIL", "mps_created_time": "Jan 1, 1900 12:00:00 AM", "mps_datasource_tags": "Data derived from Tower Resources Presentation, 2020, (https://www.towerresources.co.uk/wp-content/uploads/2020/02/TRP-Corporate-Presentation-18-February-2020.pdf) Last Accessed March 21", "mps_est_elevation_end_m": "-17.0", "mps_est_elevation_start_m": "-47.0", "mps_est_length_km": "24.1676468475017", "mps_est_shore_status": "OFFSHORE", "mps_uuid": "bc3e7829-2ef3-4d91-9857-a30bf002b6de", "name": "MOKOKO SOUTH - KOLE", "status": "OPERATIONAL", "updt": "Aug 17, 2022 11:19:29 AM"}}, {"type": "Feature", "id": "mps_mapping_pipeline.89f7f5a1-6a1c-4b44-8f7c-3109991607e2", "geometry": {"type": "LineString", "coordinates": [[8.169490031980283, 4.2706357933115315], [8.194137548545571, 4.271557195799953]]}, "properties": {"admin_area_name": "Nigeria", "fluid": "OIL", "mps_created_time": "Jan 1, 1900 12:00:00 AM", "mps_datasource_tags": "https://www.google.com/url?sa=i&url=http%3A%2F%2Fwww.oriental-er.com%2Febok%2F&psig=AOvVaw2xUTgXHx99iWSKAYQ47S4-&ust=1581611279836000&source=images&cd=vfe&ved=0CAIQjRxqFwoTCJjNxKW3zOcCFQAAAAAdAAAAABAJ", "mps_est_elevation_end_m": "-28.0", "mps_est_elevation_start_m": "-23.0", "mps_est_length_km": "2.73807633775922", "mps_est_shore_status": "OFFSHORE", "mps_uuid": "89f7f5a1-6a1c-4b44-8f7c-3109991607e2", "name": "UBIT A - UBIT B", "status": "OPERATIONAL", "updt": "Aug 17, 2022 11:19:35 AM"}}, {"type": "Feature", "id": "mps_mapping_pipeline.1aecbdf5-741f-420f-b96c-2d4610b1f4c5", "geometry": {"type": "LineString", "coordinates": [[8.076658731271769, 4.258196859717835], [8.113514830808647, 4.219958656448322], [8.14253900919394, 4.190473776818819], [8.183541419928718, 4.165595909631425]]}, "properties": {"admin_area_name": "Nigeria", "fluid": "OIL", "mps_created_time": "Jan 1, 1900 12:00:00 AM", "mps_datasource_tags": "https://www.google.com/url?sa=i&url=http%3A%2F%2Fwww.oriental-er.com%2Febok%2F&psig=AOvVaw2xUTgXHx99iWSKAYQ47S4-&ust=1581611279836000&source=images&cd=vfe&ved=0CAIQjRxqFwoTCJjNxKW3zOcCFQAAAAAdAAAAABAJ", "mps_est_elevation_end_m": "-40.0", "mps_est_elevation_start_m": "-24.0", "mps_est_length_km": "15.7870244513203", "mps_est_shore_status": "OFFSHORE", "mps_uuid": "1aecbdf5-741f-420f-b96c-2d4610b1f4c5", "name": "EKU - IYAK SE", "status": "OPERATIONAL", "updt": "Aug 17, 2022 11:19:35 AM"}}, {"type": "Feature", "id": "mps_mapping_pipeline.6aca2e56-ee34-46ab-963b-9bfceeddc64f", "geometry": {"type": "LineString", "coordinates": [[7.999491272866426, 4.221110409558849], [8.00548038904117, 4.368995508950578]]}, "properties": {"admin_area_name": "Nigeria", "fluid": "OIL", "mps_created_time": "Jan 1, 1900 12:00:00 AM", "mps_datasource_tags": "https://www.google.com/url?sa=i&url=http%3A%2F%2Fwww.oriental-er.com%2Febok%2F&psig=AOvVaw2xUTgXHx99iWSKAYQ47S4-&ust=1581611279836000&source=images&cd=vfe&ved=0CAIQjRxqFwoTCJjNxKW3zOcCFQAAAAAdAAAAABAJ", "mps_est_elevation_end_m": "-17.0", "mps_est_elevation_start_m": "-27.0", "mps_est_length_km": "16.366718076604", "mps_est_shore_status": "OFFSHORE", "mps_uuid": "6aca2e56-ee34-46ab-963b-9bfceeddc64f", "name": "INIM -IDOHO", "status": "OPERATIONAL", "updt": "Aug 17, 2022 11:19:35 AM"}}, {"type": "Feature", "id": "mps_mapping_pipeline.a09d4108-a507-4af1-8465-252fa2b78ed8", "geometry": {"type": "LineString", "coordinates": [[8.569975, 4.284969], [8.576442, 4.2911544], [8.584314, 4.2914357], [8.611399, 4.296215], [8.620958, 4.2980895], [8.627144, 4.296871]]}, "properties": {"admin_area_name": "Cameroon", "fluid": "OIL", "mps_created_time": "Jan 1, 1900 12:00:00 AM", "mps_datasource_tags": "Data derived from Tower Resources Presentation, 2020, (https://www.towerresources.co.uk/wp-content/uploads/2020/02/TRP-Corporate-Presentation-18-February-2020.pdf) Last Accessed March 21", "mps_est_elevation_end_m": "-12.0", "mps_est_elevation_start_m": "-17.0", "mps_est_length_km": "6.69975145000846", "mps_est_shore_status": "OFFSHORE", "mps_uuid": "a09d4108-a507-4af1-8465-252fa2b78ed8", "name": "ASOMA - KOLE 2", "status": "OPERATIONAL", "updt": "Aug 17, 2022 11:19:31 AM"}}, {"type": "Feature", "id": "mps_mapping_pipeline.68a69ce0-042d-448f-8bd2-7e6b47a24d3b", "geometry": {"type": "LineString", "coordinates": [[8.570876, 4.2579274], [8.570756, 4.270484], [8.569125, 4.2760377], [8.569669, 4.285455]]}, "properties": {"admin_area_name": "Cameroon", "fluid": "OIL", "mps_created_time": "Jan 1, 1900 12:00:00 AM", "mps_datasource_tags": "Data derived from Tower Resources Presentation, 2020, (https://www.towerresources.co.uk/wp-content/uploads/2020/02/TRP-Corporate-Presentation-18-February-2020.pdf) Last Accessed March 21", "mps_est_elevation_end_m": "-17.0", "mps_est_elevation_start_m": "-23.0", "mps_est_length_km": "3.07196197588716", "mps_est_shore_status": "OFFSHORE", "mps_uuid": "68a69ce0-042d-448f-8bd2-7e6b47a24d3b", "name": "KOLE S - KOLE", "status": "OPERATIONAL", "updt": "Aug 17, 2022 11:19:30 AM"}}, {"type": "Feature", "id": "mps_mapping_pipeline.c161c191-dc65-46f0-ab82-f9d533a5139a", "geometry": {"type": "LineString", "coordinates": [[8.66001, 4.2470613], [8.631758, 4.26161], [8.633509, 4.27797]]}, "properties": {"admin_area_name": "Cameroon", "fluid": "OIL", "mps_created_time": "Jan 1, 1900 12:00:00 AM", "mps_datasource_tags": "Data derived from Tower Resources Presentation, 2020, (https://www.towerresources.co.uk/wp-content/uploads/2020/02/TRP-Corporate-Presentation-18-February-2020.pdf) Last Accessed March 21", "mps_est_elevation_end_m": "-15.0", "mps_est_elevation_start_m": "-16.0", "mps_est_length_km": "5.34444629685776", "mps_est_shore_status": "OFFSHORE", "mps_uuid": "c161c191-dc65-46f0-ab82-f9d533a5139a", "name": "AKONO - ASOMA CENTRAL", "status": "OPERATIONAL", "updt": "Aug 17, 2022 11:19:29 AM"}}, {"type": "Feature", "id": "mps_mapping_pipeline.51b7646b-8e7a-47b2-88ec-0630aefa7cc1", "geometry": {"type": "LineString", "coordinates": [[8.005953335644891, 4.3687281907190245], [8.169682874561977, 4.271545956534748]]}, "properties": {"admin_area_name": "Nigeria", "fluid": "OIL", "mps_created_time": "Jan 1, 1900 12:00:00 AM", "mps_datasource_tags": "https://www.google.com/url?sa=i&url=http%3A%2F%2Fwww.oriental-er.com%2Febok%2F&psig=AOvVaw2xUTgXHx99iWSKAYQ47S4-&ust=1581611279836000&source=images&cd=vfe&ved=0CAIQjRxqFwoTCJjNxKW3zOcCFQAAAAAdAAAAABAJ", "mps_est_elevation_end_m": "-23.0", "mps_est_elevation_start_m": "-17.0", "mps_est_length_km": "21.1142508089414", "mps_est_shore_status": "OFFSHORE", "mps_uuid": "51b7646b-8e7a-47b2-88ec-0630aefa7cc1", "name": "UBIT - IDOHO", "status": "OPERATIONAL", "updt": "Aug 17, 2022 11:19:36 AM"}}, {"type": "Feature", "id": "mps_mapping_pipeline.072aa67e-9247-4ee4-8684-cf723313d440", "geometry": {"type": "LineString", "coordinates": [[8.42385, 4.420469], [8.419353, 4.365051], [8.408607, 4.313436]]}, "properties": {"admin_area_name": "Cameroon", "fluid": "OIL", "mps_created_time": "Jan 1, 1900 12:00:00 AM", "mps_datasource_tags": "Data derived from Tower Resources Presentation, 2020, (https://www.towerresources.co.uk/wp-content/uploads/2020/02/TRP-Corporate-Presentation-18-February-2020.pdf) Last Accessed March 21", "mps_est_elevation_end_m": "-9.0", "mps_est_elevation_start_m": "-4.0", "mps_est_length_km": "11.9793924964928", "mps_est_shore_status": "OFFSHORE", "mps_uuid": "072aa67e-9247-4ee4-8684-cf723313d440", "name": "KITA EAST - EKOUNDOU CENTRAL", "status": "OPERATIONAL", "updt": "Aug 17, 2022 11:19:28 AM"}}, {"type": "Feature", "id": "mps_mapping_pipeline.4c4e8aa4-3360-412e-a4a7-514c1e3b22c1", "geometry": {"type": "LineString", "coordinates": [[8.604622, 4.3099647], [8.602328, 4.3180842], [8.598313, 4.324302], [8.599038, 4.333931]]}, "properties": {"admin_area_name": "Cameroon", "fluid": "OIL", "mps_created_time": "Jan 1, 1900 12:00:00 AM", "mps_datasource_tags": "Data derived from Tower Resources Presentation, 2020, (https://www.towerresources.co.uk/wp-content/uploads/2020/02/TRP-Corporate-Presentation-18-February-2020.pdf) Last Accessed March 21", "mps_est_elevation_end_m": "-13.0", "mps_est_elevation_start_m": "-13.0", "mps_est_length_km": "2.8204705153929", "mps_est_shore_status": "OFFSHORE", "mps_uuid": "4c4e8aa4-3360-412e-a4a7-514c1e3b22c1", "name": "BAVO SOUTH PIPELINE", "status": "OPERATIONAL", "updt": "Aug 17, 2022 11:19:31 AM"}}, {"type": "Feature", "id": "mps_mapping_pipeline.dc50e07f-9e36-4451-9d64-f5546af343f0", "geometry": {"type": "LineString", "coordinates": [[8.746276, 4.2936954], [8.642503, 4.2925487], [8.635199, 4.2926693], [8.62723, 4.2969556]]}, "properties": {"admin_area_name": "Cameroon", "fluid": "OIL", "mps_created_time": "Jan 1, 1900 12:00:00 AM", "mps_datasource_tags": "Data derived from Tower Resources Presentation, 2020, (https://www.towerresources.co.uk/wp-content/uploads/2020/02/TRP-Corporate-Presentation-18-February-2020.pdf) Last Accessed March 21", "mps_est_elevation_end_m": "-12.0", "mps_est_elevation_start_m": "-5.0", "mps_est_length_km": "13.3349879141926", "mps_est_shore_status": "OFFSHORE", "mps_uuid": "dc50e07f-9e36-4451-9d64-f5546af343f0", "name": "DISSONI NORTH - ASOMA CENTRAL", "status": "OPERATIONAL", "updt": "Aug 17, 2022 11:19:30 AM"}}, {"type": "Feature", "id": "mps_mapping_pipeline.cb920675-dde8-4a10-a4dc-03c1cd91469e", "geometry": {"type": "LineString", "coordinates": [[8.389168, 4.2523737], [8.385667, 4.2752833]]}, "properties": {"admin_area_name": "Cameroon", "fluid": "OIL", "mps_created_time": "Jan 1, 1900 12:00:00 AM", "mps_datasource_tags": "Data derived from Tower Resources Presentation, 2020, (https://www.towerresources.co.uk/wp-content/uploads/2020/02/TRP-Corporate-Presentation-18-February-2020.pdf) Last Accessed March 21", "mps_est_elevation_end_m": "-15.0", "mps_est_elevation_start_m": "-30.0", "mps_est_length_km": "2.56299293003302", "mps_est_shore_status": "OFFSHORE", "mps_uuid": "cb920675-dde8-4a10-a4dc-03c1cd91469e", "name": "BETIKA SOUTH - BETIKA", "status": "OPERATIONAL", "updt": "Aug 17, 2022 11:19:30 AM"}}, {"type": "Feature", "id": "mps_mapping_pipeline.c21c973b-4f7f-46b4-81be-c6448d9333d0", "geometry": {"type": "LineString", "coordinates": [[8.3808975, 4.2157903], [8.4045925, 4.174589]]}, "properties": {"admin_area_name": "Cameroon", "fluid": "OIL", "mps_created_time": "Jan 1, 1900 12:00:00 AM", "mps_datasource_tags": "Data derived from Tower Resources Presentation, 2020, (https://www.towerresources.co.uk/wp-content/uploads/2020/02/TRP-Corporate-Presentation-18-February-2020.pdf) Last Accessed March 21", "mps_est_elevation_end_m": "-47.0", "mps_est_elevation_start_m": "-42.0", "mps_est_length_km": "5.26100144076051", "mps_est_shore_status": "OFFSHORE", "mps_uuid": "c21c973b-4f7f-46b4-81be-c6448d9333d0", "name": "MOKOKO WEST - MOKOKO SOUTH", "status": "OPERATIONAL", "updt": "Aug 17, 2022 11:19:29 AM"}}, {"type": "Feature", "id": "mps_mapping_pipeline.ba714a51-a20c-4bd7-bc0c-7c26d7ef455f", "geometry": {"type": "LineString", "coordinates": [[8.33379856805198, 4.231257162760339], [8.357096560618013, 4.331142478955039]]}, "properties": {"admin_area_name": "Nigeria", "fluid": "OIL", "mps_created_time": "Jan 1, 1900 12:00:00 AM", "mps_datasource_tags": "https://www.google.com/url?sa=i&url=http%3A%2F%2Fwww.oriental-er.com%2Febok%2F&psig=AOvVaw2xUTgXHx99iWSKAYQ47S4-&ust=1581611279836000&source=images&cd=vfe&ved=0CAIQjRxqFwoTCJjNxKW3zOcCFQAAAAAdAAAAABAJ", "mps_est_elevation_end_m": "-8.0", "mps_est_elevation_start_m": "-37.0", "mps_est_length_km": "11.3441258843846", "mps_est_shore_status": "OFFSHORE", "mps_uuid": "ba714a51-a20c-4bd7-bc0c-7c26d7ef455f", "name": "MIMBO - ADANGA", "status": "OPERATIONAL", "updt": "Aug 17, 2022 11:19:36 AM"}}, {"type": "Feature", "id": "mps_mapping_pipeline.4bea06b7-a08b-4d8c-bc07-ca254e8b96ca", "geometry": {"type": "LineString", "coordinates": [[8.404683, 4.174619], [8.460342, 4.157354], [8.472778, 4.151559], [8.47646, 4.136346], [8.4845495, 4.131154], [8.485516, 4.1156397]]}, "properties": {"admin_area_name": "Cameroon", "fluid": "OIL", "mps_created_time": "Jan 1, 1900 12:00:00 AM", "mps_datasource_tags": "Data derived from Tower Resources Presentation, 2020, (https://www.towerresources.co.uk/wp-content/uploads/2020/02/TRP-Corporate-Presentation-18-February-2020.pdf) Last Accessed March 21", "mps_est_elevation_end_m": "-58.0", "mps_est_elevation_start_m": "-47.0", "mps_est_length_km": "12.5062226660727", "mps_est_shore_status": "OFFSHORE", "mps_uuid": "4bea06b7-a08b-4d8c-bc07-ca254e8b96ca", "name": "MOKOKO SOUTH - MOUDI TERMINAL", "status": "OPERATIONAL", "updt": "Aug 17, 2022 11:19:29 AM"}}, {"type": "Feature", "id": "mps_mapping_pipeline.6cff0b79-6fde-48b1-8d31-6261c0d32eec", "geometry": {"type": "LineString", "coordinates": [[8.633659, 4.2779093], [8.671752, 4.2925787], [8.745944, 4.293545]]}, "properties": {"admin_area_name": "Cameroon", "fluid": "OIL", "mps_created_time": "Jan 1, 1900 12:00:00 AM", "mps_datasource_tags": "Data derived from Tower Resources Presentation, 2020, (https://www.towerresources.co.uk/wp-content/uploads/2020/02/TRP-Corporate-Presentation-18-February-2020.pdf) Last Accessed March 21", "mps_est_elevation_end_m": "-5.0", "mps_est_elevation_start_m": "-15.0", "mps_est_length_km": "12.7658646579984", "mps_est_shore_status": "OFFSHORE", "mps_uuid": "6cff0b79-6fde-48b1-8d31-6261c0d32eec", "name": "DISSONI NORTH - ASOMA CENTRAL 2", "status": "OPERATIONAL", "updt": "Aug 17, 2022 11:19:30 AM"}}, {"type": "Feature", "id": "mps_mapping_pipeline.f098c5dc-7fba-41e1-8e48-af049a920898", "geometry": {"type": "LineString", "coordinates": [[8.312688784732483, 4.359074326396083], [8.357096560618013, 4.331142478955039]]}, "properties": {"admin_area_name": "Nigeria", "fluid": "OIL", "mps_created_time": "Jan 1, 1900 12:00:00 AM", "mps_datasource_tags": "https://www.google.com/url?sa=i&url=http%3A%2F%2Fwww.oriental-er.com%2Febok%2F&psig=AOvVaw2xUTgXHx99iWSKAYQ47S4-&ust=1581611279836000&source=images&cd=vfe&ved=0CAIQjRxqFwoTCJjNxKW3zOcCFQAAAAAdAAAAABAJ", "mps_est_elevation_end_m": "-8.0", "mps_est_elevation_start_m": "-13.0", "mps_est_length_km": "5.81709269875614", "mps_est_shore_status": "OFFSHORE", "mps_uuid": "f098c5dc-7fba-41e1-8e48-af049a920898", "name": "UKPAM - ADANGA", "status": "OPERATIONAL", "updt": "Aug 17, 2022 11:19:36 AM"}}, {"type": "Feature", "id": "mps_mapping_pipeline.5a12d083-b07d-4c86-afb3-546d2dd88145", "geometry": {"type": "LineString", "coordinates": [[8.63375, 4.27803], [8.590043, 4.265594], [8.584066, 4.2661977], [8.5770035, 4.270967], [8.570967, 4.2800827], [8.569819, 4.285516]]}, "properties": {"admin_area_name": "Cameroon", "fluid": "OIL", "mps_created_time": "Jan 1, 1900 12:00:00 AM", "mps_datasource_tags": "Data derived from Tower Resources Presentation, 2020, (https://www.towerresources.co.uk/wp-content/uploads/2020/02/TRP-Corporate-Presentation-18-February-2020.pdf) Last Accessed March 21", "mps_est_elevation_end_m": "-17.0", "mps_est_elevation_start_m": "-15.0", "mps_est_length_km": "8.4795316801782", "mps_est_shore_status": "OFFSHORE", "mps_uuid": "5a12d083-b07d-4c86-afb3-546d2dd88145", "name": "ASOMA CENTRAL - KOLE", "status": "OPERATIONAL", "updt": "Aug 17, 2022 11:19:29 AM"}}, {"type": "Feature", "id": "mps_mapping_pipeline.83ecb4df-b865-4e02-8035-39fb138c8029", "geometry": {"type": "LineString", "coordinates": [[8.536316, 4.321435], [8.569699, 4.285395]]}, "properties": {"admin_area_name": "Cameroon", "fluid": "OIL", "mps_created_time": "Jan 1, 1900 12:00:00 AM", "mps_datasource_tags": "Data derived from Tower Resources Presentation, 2020, (https://www.towerresources.co.uk/wp-content/uploads/2020/02/TRP-Corporate-Presentation-18-February-2020.pdf) Last Accessed March 21", "mps_est_elevation_end_m": "-17.0", "mps_est_elevation_start_m": "-5.0", "mps_est_length_km": "5.44201556177307", "mps_est_shore_status": "OFFSHORE", "mps_uuid": "83ecb4df-b865-4e02-8035-39fb138c8029", "name": "NYANGASA - KOLE", "status": "OPERATIONAL", "updt": "Aug 17, 2022 11:19:29 AM"}}, {"type": "Feature", "id": "mps_mapping_pipeline.274ca92e-4d18-41a1-a6fd-b3536738b034", "geometry": {"type": "LineString", "coordinates": [[8.570122, 4.285425], [8.579418, 4.305105], [8.587568, 4.309995], [8.604169, 4.3100553]]}, "properties": {"admin_area_name": "Cameroon", "fluid": "OIL", "mps_created_time": "Jan 1, 1900 12:00:00 AM", "mps_datasource_tags": "Data derived from Tower Resources Presentation, 2020, (https://www.towerresources.co.uk/wp-content/uploads/2020/02/TRP-Corporate-Presentation-18-February-2020.pdf) Last Accessed March 21", "mps_est_elevation_end_m": "-13.0", "mps_est_elevation_start_m": "-17.0", "mps_est_length_km": "5.30532120197697", "mps_est_shore_status": "OFFSHORE", "mps_uuid": "274ca92e-4d18-41a1-a6fd-b3536738b034", "name": "BAVO SOUTH - DIKOME 2 PIPELINE", "status": "OPERATIONAL", "updt": "Aug 17, 2022 11:19:31 AM"}}, {"type": "Feature", "id": "mps_mapping_pipeline.0f3a6da4-213f-486a-b9de-5897793c83c4", "geometry": {"type": "LineString", "coordinates": [[7.98178018497566, 4.153497523267109], [8.029598594830698, 4.15397570736566], [8.087937054853844, 4.184101305574334], [8.13192999192048, 4.236701556414876]]}, "properties": {"admin_area_name": "Nigeria", "fluid": "OIL", "mps_created_time": "Jan 1, 1900 12:00:00 AM", "mps_datasource_tags": "Inferred from satellite imagery and NG oil spill data.", "mps_est_elevation_end_m": "-26.0", "mps_est_elevation_start_m": "-29.0", "mps_est_length_km": "20.188297325163", "mps_est_shore_status": "OFFSHORE", "mps_uuid": "0f3a6da4-213f-486a-b9de-5897793c83c4", "name": "EDOP - UBIT", "status": "OPERATIONAL", "updt": "Aug 17, 2022 11:19:37 AM"}}, {"type": "Feature", "id": "mps_mapping_pipeline.73ff0165-bb95-4db6-8e18-c31d0fa9c1b8", "geometry": {"type": "LineString", "coordinates": [[8.558621, 4.234263], [8.553792, 4.252615], [8.56985, 4.285697]]}, "properties": {"admin_area_name": "Cameroon", "fluid": "OIL", "mps_created_time": "Jan 1, 1900 12:00:00 AM", "mps_datasource_tags": "Data derived from Tower Resources Presentation, 2020, (https://www.towerresources.co.uk/wp-content/uploads/2020/02/TRP-Corporate-Presentation-18-February-2020.pdf) Last Accessed March 21", "mps_est_elevation_end_m": "-17.0", "mps_est_elevation_start_m": "-25.0", "mps_est_length_km": "6.1684338123816", "mps_est_shore_status": "OFFSHORE", "mps_uuid": "73ff0165-bb95-4db6-8e18-c31d0fa9c1b8", "name": "KOLE - KOLE TERMINAL", "status": "OPERATIONAL", "updt": "Aug 17, 2022 11:19:29 AM"}}, {"type": "Feature", "id": "mps_mapping_pipeline.08b8a98f-7c72-42ea-8bde-0f1bb6c08811", "geometry": {"type": "LineString", "coordinates": [[8.425932, 4.306192], [8.408637, 4.3133755]]}, "properties": {"admin_area_name": "Cameroon", "fluid": "OIL", "mps_created_time": "Jan 1, 1900 12:00:00 AM", "mps_datasource_tags": "Data derived from Tower Resources Presentation, 2020, (https://www.towerresources.co.uk/wp-content/uploads/2020/02/TRP-Corporate-Presentation-18-February-2020.pdf) Last Accessed March 21", "mps_est_elevation_end_m": "-9.0", "mps_est_elevation_start_m": "-11.0", "mps_est_length_km": "2.07770876263364", "mps_est_shore_status": "OFFSHORE", "mps_uuid": "08b8a98f-7c72-42ea-8bde-0f1bb6c08811", "name": "KOMBO NORTH - EKOUNDOU CENTRAL", "status": "OPERATIONAL", "updt": "Aug 17, 2022 11:19:28 AM"}}, {"type": "Feature", "id": "mps_mapping_pipeline.b09a7a10-eb01-4359-9cfd-f8a80d20f3b9", "geometry": {"type": "LineString", "coordinates": [[7.977607963766404, 4.154539079770362], [7.999260922244321, 4.221110409558849]]}, "properties": {"admin_area_name": "Nigeria", "fluid": "OIL", "mps_created_time": "Jan 1, 1900 12:00:00 AM", "mps_datasource_tags": "https://www.google.com/url?sa=i&url=http%3A%2F%2Fwww.oriental-er.com%2Febok%2F&psig=AOvVaw2xUTgXHx99iWSKAYQ47S4-&ust=1581611279836000&source=images&cd=vfe&ved=0CAIQjRxqFwoTCJjNxKW3zOcCFQAAAAAdAAAAABAJ", "mps_est_elevation_end_m": "-27.0", "mps_est_elevation_start_m": "-29.0", "mps_est_length_km": "7.74406123793317", "mps_est_shore_status": "OFFSHORE", "mps_uuid": "b09a7a10-eb01-4359-9cfd-f8a80d20f3b9", "name": "EDOP - INIM", "status": "OPERATIONAL", "updt": "Aug 17, 2022 11:19:35 AM"}}, {"type": "Feature", "id": "mps_mapping_pipeline.10a908a7-e118-4e1d-9381-7a82d54209ac", "geometry": {"type": "LineString", "coordinates": [[8.12917867311182, 4.235622498751495], [8.169490031980283, 4.2717875464220585]]}, "properties": {"admin_area_name": "Nigeria", "fluid": "OIL", "mps_created_time": "Jan 1, 1900 12:00:00 AM", "mps_datasource_tags": "https://www.google.com/url?sa=i&url=http%3A%2F%2Fwww.oriental-er.com%2Febok%2F&psig=AOvVaw2xUTgXHx99iWSKAYQ47S4-&ust=1581611279836000&source=images&cd=vfe&ved=0CAIQjRxqFwoTCJjNxKW3zOcCFQAAAAAdAAAAABAJ", "mps_est_elevation_end_m": "-23.0", "mps_est_elevation_start_m": "-26.0", "mps_est_length_km": "6.00168534800262", "mps_est_shore_status": "OFFSHORE", "mps_uuid": "10a908a7-e118-4e1d-9381-7a82d54209ac", "name": "? - UBIT", "status": "OPERATIONAL", "updt": "Aug 17, 2022 11:19:35 AM"}}, {"type": "Feature", "id": "mps_mapping_pipeline.136face4-a11a-47b8-91f4-4cd235c4d0b2", "geometry": {"type": "LineString", "coordinates": [[8.536557, 4.321435], [8.549657, 4.312621], [8.568492, 4.3025393], [8.57151, 4.296623], [8.570001, 4.285757]]}, "properties": {"admin_area_name": "Cameroon", "fluid": "OIL", "mps_created_time": "Jan 1, 1900 12:00:00 AM", "mps_datasource_tags": "Data derived from Tower Resources Presentation, 2020, (https://www.towerresources.co.uk/wp-content/uploads/2020/02/TRP-Corporate-Presentation-18-February-2020.pdf) Last Accessed March 21", "mps_est_elevation_end_m": "-17.0", "mps_est_elevation_start_m": "-5.0", "mps_est_length_km": "6.0682740217849", "mps_est_shore_status": "OFFSHORE", "mps_uuid": "136face4-a11a-47b8-91f4-4cd235c4d0b2", "name": "NYANGASA - KOLE 2", "status": "OPERATIONAL", "updt": "Aug 17, 2022 11:19:29 AM"}}, {"type": "Feature", "id": "mps_mapping_pipeline.d0dfdfef-2208-48fa-869b-4a569f915cd4", "geometry": {"type": "LineString", "coordinates": [[8.420499, 4.275555], [8.430882, 4.279056], [8.436618, 4.2802033], [8.451226, 4.28787], [8.462817, 4.2907076], [8.475193, 4.2969856]]}, "properties": {"admin_area_name": "Cameroon", "fluid": "OIL", "mps_created_time": "Jan 1, 1900 12:00:00 AM", "mps_datasource_tags": "Data derived from Tower Resources Presentation, 2020, (https://www.towerresources.co.uk/wp-content/uploads/2020/02/TRP-Corporate-Presentation-18-February-2020.pdf) Last Accessed March 21", "mps_est_elevation_end_m": "-9.0", "mps_est_elevation_start_m": "-22.0", "mps_est_length_km": "6.55877888938978", "mps_est_shore_status": "OFFSHORE", "mps_uuid": "d0dfdfef-2208-48fa-869b-4a569f915cd4", "name": "KOMBO CENTRE - EKUNDOU CENTRE", "status": "OPERATIONAL", "updt": "Aug 17, 2022 11:19:29 AM"}}, {"type": "Feature", "id": "mps_mapping_pipeline.200daba2-dbd9-4f9a-b6bf-4b9284b62d69", "geometry": {"type": "LineString", "coordinates": [[8.536587, 4.3384886], [8.538791, 4.334716], [8.536527, 4.321284]]}, "properties": {"admin_area_name": "Cameroon", "fluid": "OIL", "mps_created_time": "Jan 1, 1900 12:00:00 AM", "mps_datasource_tags": "Data derived from Tower Resources Presentation, 2020, (https://www.towerresources.co.uk/wp-content/uploads/2020/02/TRP-Corporate-Presentation-18-February-2020.pdf) Last Accessed March 21", "mps_est_elevation_end_m": "-5.0", "mps_est_elevation_start_m": "-4.0", "mps_est_length_km": "1.99005127882177", "mps_est_shore_status": "OFFSHORE", "mps_uuid": "200daba2-dbd9-4f9a-b6bf-4b9284b62d69", "name": "ITINDI - NKOLE", "status": "OPERATIONAL", "updt": "Aug 17, 2022 11:19:29 AM"}}, {"type": "Feature", "id": "mps_mapping_pipeline.e72334a9-dad3-42e6-8555-692d08fd3533", "geometry": {"type": "LineString", "coordinates": [[7.97783831438851, 4.15407837852615], [8.005250038419064, 4.369456210194789]]}, "properties": {"admin_area_name": "Nigeria", "fluid": "OIL", "mps_created_time": "Jan 1, 1900 12:00:00 AM", "mps_datasource_tags": "https://www.google.com/url?sa=i&url=http%3A%2F%2Fwww.oriental-er.com%2Febok%2F&psig=AOvVaw2xUTgXHx99iWSKAYQ47S4-&ust=1581611279836000&source=images&cd=vfe&ved=0CAIQjRxqFwoTCJjNxKW3zOcCFQAAAAAdAAAAABAJ", "mps_est_elevation_end_m": "-17.0", "mps_est_elevation_start_m": "-30.0", "mps_est_length_km": "24.0101907524064", "mps_est_shore_status": "OFFSHORE", "mps_uuid": "e72334a9-dad3-42e6-8555-692d08fd3533", "name": "EDOP - IDOHO", "status": "OPERATIONAL", "updt": "Aug 17, 2022 11:19:35 AM"}}, {"type": "Feature", "id": "mps_mapping_pipeline.a1b94311-7b21-4918-889a-1e295d2ac123", "geometry": {"type": "LineString", "coordinates": [[8.576732, 4.2788754], [8.569609, 4.285214]]}, "properties": {"admin_area_name": "Cameroon", "fluid": "OIL", "mps_created_time": "Jan 1, 1900 12:00:00 AM", "mps_datasource_tags": "Data derived from Tower Resources Presentation, 2020, (https://www.towerresources.co.uk/wp-content/uploads/2020/02/TRP-Corporate-Presentation-18-February-2020.pdf) Last Accessed March 21", "mps_est_elevation_end_m": "-17.0", "mps_est_elevation_start_m": "-18.0", "mps_est_length_km": "1.05666949238567", "mps_est_shore_status": "OFFSHORE", "mps_uuid": "a1b94311-7b21-4918-889a-1e295d2ac123", "name": "KOLE PLATFORM - KOLE", "status": "OPERATIONAL", "updt": "Aug 17, 2022 11:19:30 AM"}}, {"type": "Feature", "id": "mps_mapping_pipeline.722f38ee-cb85-45d2-9bc3-a138605c3787", "geometry": {"type": "LineString", "coordinates": [[8.407279, 4.2957783], [8.413557, 4.2995815], [8.408728, 4.3135266]]}, "properties": {"admin_area_name": "Cameroon", "fluid": "OIL", "mps_created_time": "Jan 1, 1900 12:00:00 AM", "mps_datasource_tags": "Data derived from Tower Resources Presentation, 2020, (https://www.towerresources.co.uk/wp-content/uploads/2020/02/TRP-Corporate-Presentation-18-February-2020.pdf) Last Accessed March 21", "mps_est_elevation_end_m": "-9.0", "mps_est_elevation_start_m": "-13.0", "mps_est_length_km": "2.44654822018358", "mps_est_shore_status": "OFFSHORE", "mps_uuid": "722f38ee-cb85-45d2-9bc3-a138605c3787", "name": "EKOUNDOU CENTRE PIPELINE", "status": "OPERATIONAL", "updt": "Aug 17, 2022 11:19:29 AM"}}, {"type": "Feature", "id": "mps_mapping_pipeline.ea2e24cd-532d-4481-a4fe-03e2ef04b851", "geometry": {"type": "LineString", "coordinates": [[8.502902, 4.3071275], [8.485637, 4.303264], [8.475253, 4.296865]]}, "properties": {"admin_area_name": "Cameroon", "fluid": "OIL", "mps_created_time": "Jan 1, 1900 12:00:00 AM", "mps_datasource_tags": "Data derived from Tower Resources Presentation, 2020, (https://www.towerresources.co.uk/wp-content/uploads/2020/02/TRP-Corporate-Presentation-18-February-2020.pdf) Last Accessed March 21", "mps_est_elevation_end_m": "-9.0", "mps_est_elevation_start_m": "-17.0", "mps_est_length_km": "3.31615389009751", "mps_est_shore_status": "OFFSHORE", "mps_uuid": "ea2e24cd-532d-4481-a4fe-03e2ef04b851", "name": "BOA - KOMBI CENTRE", "status": "OPERATIONAL", "updt": "Aug 17, 2022 11:19:28 AM"}}, {"type": "Feature", "id": "mps_mapping_pipeline.d7e16cf8-f0be-4cbf-81c3-0974515f4277", "geometry": {"type": "LineString", "coordinates": [[8.662726, 4.2798715], [8.634112, 4.292307], [8.62723, 4.2967744]]}, "properties": {"admin_area_name": "Cameroon", "fluid": "OIL", "mps_created_time": "Jan 1, 1900 12:00:00 AM", "mps_datasource_tags": "Data derived from Tower Resources Presentation, 2020, (https://www.towerresources.co.uk/wp-content/uploads/2020/02/TRP-Corporate-Presentation-18-February-2020.pdf) Last Accessed March 21", "mps_est_elevation_end_m": "-12.0", "mps_est_elevation_start_m": "-8.0", "mps_est_length_km": "4.37109796887684", "mps_est_shore_status": "OFFSHORE", "mps_uuid": "d7e16cf8-f0be-4cbf-81c3-0974515f4277", "name": "ERONG NORTH - ASOMA CENTRAL", "status": "OPERATIONAL", "updt": "Aug 17, 2022 11:19:30 AM"}}, {"type": "Feature", "id": "mps_mapping_pipeline.9b8a8014-09bc-40b6-b636-a71f84fddb09", "geometry": {"type": "LineString", "coordinates": [[8.454185, 4.1387305], [8.452011, 4.143077], [8.443681, 4.147182], [8.430882, 4.1527357]]}, "properties": {"admin_area_name": "Cameroon", "fluid": "OIL", "mps_created_time": "Jan 1, 1900 12:00:00 AM", "mps_datasource_tags": "Data derived from Tower Resources Presentation, 2020, (https://www.towerresources.co.uk/wp-content/uploads/2020/02/TRP-Corporate-Presentation-18-February-2020.pdf) Last Accessed March 21", "mps_est_elevation_end_m": "-49.0", "mps_est_elevation_start_m": "-53.0", "mps_est_length_km": "3.11620693835742", "mps_est_shore_status": "OFFSHORE", "mps_uuid": "9b8a8014-09bc-40b6-b636-a71f84fddb09", "name": "UNKNOWN FIELD - VICTORIA", "status": "OPERATIONAL", "updt": "Aug 17, 2022 11:19:31 AM"}}, {"type": "Feature", "id": "mps_mapping_pipeline.b32528ff-dfde-4666-b886-db4394b8e78a", "geometry": {"type": "LineString", "coordinates": [[8.469488, 4.1975894], [8.444435, 4.1974688]]}, "properties": {"admin_area_name": "Cameroon", "fluid": "OIL", "mps_created_time": "Jan 1, 1900 12:00:00 AM", "mps_datasource_tags": "Data derived from Tower Resources Presentation, 2020, (https://www.towerresources.co.uk/wp-content/uploads/2020/02/TRP-Corporate-Presentation-18-February-2020.pdf) Last Accessed March 21", "mps_est_elevation_end_m": "-47.0", "mps_est_elevation_start_m": "-45.0", "mps_est_length_km": "2.7814882381188", "mps_est_shore_status": "OFFSHORE", "mps_uuid": "b32528ff-dfde-4666-b886-db4394b8e78a", "name": "ABANA - MOKOKO NE", "status": "OPERATIONAL", "updt": "Aug 17, 2022 11:19:30 AM"}}, {"type": "Feature", "id": "mps_mapping_pipeline.5fa47f06-98e4-44e1-84cb-52fca5882e19", "geometry": {"type": "LineString", "coordinates": [[8.627139, 4.2971063], [8.618869, 4.3043504], [8.614824, 4.3079123], [8.604803, 4.3099046]]}, "properties": {"admin_area_name": "Cameroon", "fluid": "OIL", "mps_created_time": "Jan 1, 1900 12:00:00 AM", "mps_datasource_tags": "Data derived from Tower Resources Presentation, 2020, (https://www.towerresources.co.uk/wp-content/uploads/2020/02/TRP-Corporate-Presentation-18-February-2020.pdf) Last Accessed March 21", "mps_est_elevation_end_m": "-13.0", "mps_est_elevation_start_m": "-12.0", "mps_est_length_km": "2.94969626173126", "mps_est_shore_status": "OFFSHORE", "mps_uuid": "5fa47f06-98e4-44e1-84cb-52fca5882e19", "name": "BAVO SOUTH - ASOMA CENTRAL", "status": "OPERATIONAL", "updt": "Aug 17, 2022 11:19:31 AM"}}, {"type": "Feature", "id": "mps_mapping_pipeline.a85c305c-603e-47f0-b1b1-49ca77e54009", "geometry": {"type": "LineString", "coordinates": [[8.745703, 4.293786], [8.671691, 4.2926993], [8.6471815, 4.293424], [8.640541, 4.2964425], [8.632211, 4.3040485], [8.627019, 4.3091197]]}, "properties": {"admin_area_name": "Cameroon", "fluid": "OIL", "mps_created_time": "Jan 1, 1900 12:00:00 AM", "mps_datasource_tags": "Data derived from Tower Resources Presentation, 2020, (https://www.towerresources.co.uk/wp-content/uploads/2020/02/TRP-Corporate-Presentation-18-February-2020.pdf) Last Accessed March 21", "mps_est_elevation_end_m": "-11.0", "mps_est_elevation_start_m": "-4.0", "mps_est_length_km": "13.802191801824", "mps_est_shore_status": "OFFSHORE", "mps_uuid": "a85c305c-603e-47f0-b1b1-49ca77e54009", "name": "DISSONI N - ASOMA", "status": "OPERATIONAL", "updt": "Aug 17, 2022 11:19:31 AM"}}, {"type": "Feature", "id": "mps_mapping_pipeline.67822fbc-0d5b-4494-96b3-f7c072f51c73", "geometry": {"type": "LineString", "coordinates": [[8.62717, 4.296895], [8.629283, 4.301483], [8.628618, 4.305709], [8.627019, 4.3091197]]}, "properties": {"admin_area_name": "Cameroon", "fluid": "OIL", "mps_created_time": "Jan 1, 1900 12:00:00 AM", "mps_datasource_tags": "Data derived from Tower Resources Presentation, 2020, (https://www.towerresources.co.uk/wp-content/uploads/2020/02/TRP-Corporate-Presentation-18-February-2020.pdf) Last Accessed March 21", "mps_est_elevation_end_m": "-11.0", "mps_est_elevation_start_m": "-12.0", "mps_est_length_km": "1.44888775574546", "mps_est_shore_status": "OFFSHORE", "mps_uuid": "67822fbc-0d5b-4494-96b3-f7c072f51c73", "name": "ASOMA - ASOMA CENTRAL", "status": "OPERATIONAL", "updt": "Aug 17, 2022 11:19:31 AM"}}, {"type": "Feature", "id": "mps_mapping_pipeline.fa08b702-c280-4910-b18c-87f20b27f51c", "geometry": {"type": "LineString", "coordinates": [[8.098311689749684, 4.121138239565064], [8.005710739663275, 4.369225859572683]]}, "properties": {"admin_area_name": "Nigeria", "fluid": "OIL", "mps_created_time": "Jan 1, 1900 12:00:00 AM", "mps_datasource_tags": "https://www.google.com/url?sa=i&url=http%3A%2F%2Fwww.oriental-er.com%2Febok%2F&psig=AOvVaw2xUTgXHx99iWSKAYQ47S4-&ust=1581611279836000&source=images&cd=vfe&ved=0CAIQjRxqFwoTCJjNxKW3zOcCFQAAAAAdAAAAABAJ", "mps_est_elevation_end_m": "-17.0", "mps_est_elevation_start_m": "-34.0", "mps_est_length_km": "29.2965140658955", "mps_est_shore_status": "OFFSHORE", "mps_uuid": "fa08b702-c280-4910-b18c-87f20b27f51c", "name": "OFON - IDOHO", "status": "OPERATIONAL", "updt": "Aug 17, 2022 11:19:35 AM"}}, {"type": "Feature", "id": "mps_mapping_pipeline.f0f921f7-9f5c-42b2-a1b6-0cfbdb1fcfe8", "geometry": {"type": "LineString", "coordinates": [[8.317966230562357, 4.321488614632098], [8.205852686225265, 4.303854222468859]]}, "properties": {"admin_area_name": "Nigeria", "fluid": "OIL", "mps_created_time": "Jan 1, 1900 12:00:00 AM", "mps_datasource_tags": "https://www.google.com/url?sa=i&url=http%3A%2F%2Fwww.oriental-er.com%2Febok%2F&psig=AOvVaw2xUTgXHx99iWSKAYQ47S4-&ust=1581611279836000&source=images&cd=vfe&ved=0CAIQjRxqFwoTCJjNxKW3zOcCFQAAAAAdAAAAABAJ", "mps_est_elevation_end_m": "-10.0", "mps_est_elevation_start_m": "-20.0", "mps_est_length_km": "12.5971654014672", "mps_est_shore_status": "OFFSHORE", "mps_uuid": "f0f921f7-9f5c-42b2-a1b6-0cfbdb1fcfe8", "name": "ISABO - UNAM", "status": "OPERATIONAL", "updt": "Aug 17, 2022 11:19:36 AM"}}, {"type": "Feature", "id": "mps_mapping_pipeline.f577f982-b4f3-46a0-b54d-c52b659a1376", "geometry": {"type": "LineString", "coordinates": [[8.469548, 4.1884136], [8.444375, 4.197348]]}, "properties": {"admin_area_name": "Cameroon", "fluid": "OIL", "mps_created_time": "Jan 1, 1900 12:00:00 AM", "mps_datasource_tags": "Data derived from Tower Resources Presentation, 2020, (https://www.towerresources.co.uk/wp-content/uploads/2020/02/TRP-Corporate-Presentation-18-February-2020.pdf) Last Accessed March 21", "mps_est_elevation_end_m": "-47.0", "mps_est_elevation_start_m": "-49.0", "mps_est_length_km": "2.96428111381151", "mps_est_shore_status": "OFFSHORE", "mps_uuid": "f577f982-b4f3-46a0-b54d-c52b659a1376", "name": "ABANA - MOKOKO CE", "status": "OPERATIONAL", "updt": "Aug 17, 2022 11:19:30 AM"}}, {"type": "Feature", "id": "mps_mapping_pipeline.fc4c0e24-2952-43ec-b7ee-1437bd395fec", "geometry": {"type": "LineString", "coordinates": [[8.0054865, 4.3694935], [8.009398, 4.548505]]}, "properties": {"admin_area_name": "Nigeria", "fluid": "OIL", "mps_created_time": "Jan 1, 1900 12:00:00 AM", "mps_datasource_tags": "https://www.google.com/url?sa=i&url=http%3A%2F%2Fwww.oriental-er.com%2Febok%2F&psig=AOvVaw2xUTgXHx99iWSKAYQ47S4-&ust=1581611279836000&source=images&cd=vfe&ved=0CAIQjRxqFwoTCJjNxKW3zOcCFQAAAAAdAAAAABAJ", "mps_est_elevation_end_m": "6.0", "mps_est_elevation_start_m": "-17.0", "mps_est_length_km": "19.8000281928562", "mps_est_shore_status": "BOTH", "mps_uuid": "fc4c0e24-2952-43ec-b7ee-1437bd395fec", "name": "IDOHO - SHORE", "status": "OPERATIONAL", "updt": "Aug 17, 2022 11:19:36 AM"}}, {"type": "Feature", "id": "mps_mapping_pipeline.f85176e5-5b4f-4af2-94bc-c1df78053a93", "geometry": {"type": "LineString", "coordinates": [[8.009398, 4.548505], [8.008968, 4.567029], [8.01651893581556, 4.604692799912047]]}, "properties": {"admin_area_name": "Nigeria", "fluid": "OIL", "mps_created_time": "Oct 6, 2021 10:27:11 AM", "mps_datasource_tags": "Data derived from Savannah Energy, 2021, (https://wp-savannah-2020.s3.eu-west-2.amazonaws.com/media/2021/10/05092546/30.09.21-H1-2021-Results-V5-Final.pdf)", "mps_est_elevation_end_m": "14.0", "mps_est_elevation_start_m": "6.0", "mps_est_length_km": "6.29732550872649", "mps_est_shore_status": "ONSHORE", "mps_uuid": "f85176e5-5b4f-4af2-94bc-c1df78053a93", "name": "QUA IBOE - UQUO", "status": "OPERATIONAL", "updt": "Feb 13, 2023 10:40:43 AM"}}, {"type": "Feature", "id": "mps_mapping_pipeline.f86b674e-01ed-4cd7-a272-dee3df9dbc1d", "geometry": {"type": "LineString", "coordinates": [[8.666409, 4.3184466], [8.658983, 4.320016], [8.644254, 4.311444], [8.6368885, 4.306675], [8.631094, 4.3072786], [8.626928, 4.3092704]]}, "properties": {"admin_area_name": "Cameroon", "fluid": "OIL", "mps_created_time": "Jan 1, 1900 12:00:00 AM", "mps_datasource_tags": "Data derived from Tower Resources Presentation, 2020, (https://www.towerresources.co.uk/wp-content/uploads/2020/02/TRP-Corporate-Presentation-18-February-2020.pdf) Last Accessed March 21", "mps_est_elevation_end_m": "-11.0", "mps_est_elevation_start_m": "-8.0", "mps_est_length_km": "4.86415749901378", "mps_est_shore_status": "OFFSHORE", "mps_uuid": "f86b674e-01ed-4cd7-a272-dee3df9dbc1d", "name": "LIPENJA - ASOMA", "status": "OPERATIONAL", "updt": "Aug 17, 2022 11:19:30 AM"}}, {"type": "Feature", "id": "mps_mapping_pipeline.2c0abea8-25d1-457a-b7fe-3531fe702a54", "geometry": {"type": "LineString", "coordinates": [[8.414975, 4.292217], [8.420469, 4.2755246]]}, "properties": {"admin_area_name": "Cameroon", "fluid": "OIL", "mps_created_time": "Jan 1, 1900 12:00:00 AM", "mps_datasource_tags": "Data derived from Tower Resources Presentation, 2020, (https://www.towerresources.co.uk/wp-content/uploads/2020/02/TRP-Corporate-Presentation-18-February-2020.pdf) Last Accessed March 21", "mps_est_elevation_end_m": "-22.0", "mps_est_elevation_start_m": "-15.0", "mps_est_length_km": "1.94400187196203", "mps_est_shore_status": "OFFSHORE", "mps_uuid": "2c0abea8-25d1-457a-b7fe-3531fe702a54", "name": "EKOUNDOU CENTRE PLATFORM", "status": "OPERATIONAL", "updt": "Aug 17, 2022 11:19:31 AM"}}, {"type": "Feature", "id": "mps_mapping_pipeline.4454d16b-0fd1-42e3-953a-88dfc4b09337", "geometry": {"type": "LineString", "coordinates": [[8.444647, 4.197408], [8.43052, 4.1527357]]}, "properties": {"admin_area_name": "Cameroon", "fluid": "OIL", "mps_created_time": "Jan 1, 1900 12:00:00 AM", "mps_datasource_tags": "Data derived from Tower Resources Presentation, 2020, (https://www.towerresources.co.uk/wp-content/uploads/2020/02/TRP-Corporate-Presentation-18-February-2020.pdf) Last Accessed March 21", "mps_est_elevation_end_m": "-49.0", "mps_est_elevation_start_m": "-47.0", "mps_est_length_km": "5.18289487165967", "mps_est_shore_status": "OFFSHORE", "mps_uuid": "4454d16b-0fd1-42e3-953a-88dfc4b09337", "name": "UNKNOWN FIELD - ABANA", "status": "OPERATIONAL", "updt": "Aug 17, 2022 11:19:31 AM"}}, {"type": "Feature", "id": "mps_mapping_pipeline.a3f4edbe-a7f8-47a9-8aea-2a0b5ed83eec", "geometry": {"type": "LineString", "coordinates": [[8.194268049037735, 4.271545956534748], [8.20611012260721, 4.302824476941078], [8.20611012260721, 4.302824476941078]]}, "properties": {"admin_area_name": "Nigeria", "fluid": "OIL", "mps_created_time": "Jan 1, 1900 12:00:00 AM", "mps_datasource_tags": "https://www.google.com/url?sa=i&url=http%3A%2F%2Fwww.oriental-er.com%2Febok%2F&psig=AOvVaw2xUTgXHx99iWSKAYQ47S4-&ust=1581611279836000&source=images&cd=vfe&ved=0CAIQjRxqFwoTCJjNxKW3zOcCFQAAAAAdAAAAABAJ", "mps_est_elevation_end_m": "-10.0", "mps_est_elevation_start_m": "-28.0", "mps_est_length_km": "3.70018924704894", "mps_est_shore_status": "OFFSHORE", "mps_uuid": "a3f4edbe-a7f8-47a9-8aea-2a0b5ed83eec", "name": "UNAM - UBIT", "status": "OPERATIONAL", "updt": "Aug 17, 2022 11:19:36 AM"}}, {"type": "Feature", "id": "mps_mapping_pipeline.e6c3ec8a-fa59-46f0-81a3-e4a623a74000", "geometry": {"type": "LineString", "coordinates": [[8.239977322344565, 4.198996749836722], [8.222701025686652, 4.225487071378854], [8.193446496679254, 4.271557195799953]]}, "properties": {"admin_area_name": "Nigeria", "fluid": "OIL", "mps_created_time": "Jan 1, 1900 12:00:00 AM", "mps_datasource_tags": "https://www.google.com/url?sa=i&url=http%3A%2F%2Fwww.oriental-er.com%2Febok%2F&psig=AOvVaw2xUTgXHx99iWSKAYQ47S4-&ust=1581611279836000&source=images&cd=vfe&ved=0CAIQjRxqFwoTCJjNxKW3zOcCFQAAAAAdAAAAABAJ", "mps_est_elevation_end_m": "-28.0", "mps_est_elevation_start_m": "-32.0", "mps_est_length_km": "9.54299161558021", "mps_est_shore_status": "OFFSHORE", "mps_uuid": "e6c3ec8a-fa59-46f0-81a3-e4a623a74000", "name": "UTUE - UBIT", "status": "OPERATIONAL", "updt": "Aug 17, 2022 11:19:35 AM"}}, {"type": "Feature", "id": "mps_mapping_pipeline.9593b5c5-4861-4120-acee-435ed6d6c6e3", "geometry": {"type": "LineString", "coordinates": [[8.422159, 4.1971064], [8.444375, 4.197348]]}, "properties": {"admin_area_name": "Cameroon", "fluid": "OIL", "mps_created_time": "Jan 1, 1900 12:00:00 AM", "mps_datasource_tags": "Data derived from Tower Resources Presentation, 2020, (https://www.towerresources.co.uk/wp-content/uploads/2020/02/TRP-Corporate-Presentation-18-February-2020.pdf) Last Accessed March 21", "mps_est_elevation_end_m": "-47.0", "mps_est_elevation_start_m": "-46.0", "mps_est_length_km": "2.46662998493092", "mps_est_shore_status": "OFFSHORE", "mps_uuid": "9593b5c5-4861-4120-acee-435ed6d6c6e3", "name": "MOKOKO CENTRAL - MOKOKO NE", "status": "OPERATIONAL", "updt": "Aug 17, 2022 11:19:30 AM"}}, {"type": "Feature", "id": "mps_mapping_pipeline.bc9e97af-9d50-4dd9-aa74-513c42bddb4c", "geometry": {"type": "LineString", "coordinates": [[8.244725579898976, 4.361005099260671], [8.33431344081587, 4.232158190097147]]}, "properties": {"admin_area_name": "Nigeria", "fluid": "OIL", "mps_created_time": "Jan 1, 1900 12:00:00 AM", "mps_datasource_tags": "https://www.google.com/url?sa=i&url=http%3A%2F%2Fwww.oriental-er.com%2Febok%2F&psig=AOvVaw2xUTgXHx99iWSKAYQ47S4-&ust=1581611279836000&source=images&cd=vfe&ved=0CAIQjRxqFwoTCJjNxKW3zOcCFQAAAAAdAAAAABAJ", "mps_est_elevation_end_m": "-37.0", "mps_est_elevation_start_m": "-17.0", "mps_est_length_km": "17.375498118531", "mps_est_shore_status": "OFFSHORE", "mps_uuid": "bc9e97af-9d50-4dd9-aa74-513c42bddb4c", "name": "AKAM - MIMBO", "status": "OPERATIONAL", "updt": "Aug 17, 2022 11:19:36 AM"}}, {"type": "Feature", "id": "mps_mapping_pipeline.deb2a6cd-e367-42d4-9734-80807a5b197b", "geometry": {"type": "LineString", "coordinates": [[8.501091, 4.2640247], [8.495658, 4.2746496], [8.475344, 4.296865]]}, "properties": {"admin_area_name": "Cameroon", "fluid": "OIL", "mps_created_time": "Jan 1, 1900 12:00:00 AM", "mps_datasource_tags": "Data derived from Tower Resources Presentation, 2020, (https://www.towerresources.co.uk/wp-content/uploads/2020/02/TRP-Corporate-Presentation-18-February-2020.pdf) Last Accessed March 21", "mps_est_elevation_end_m": "-9.0", "mps_est_elevation_start_m": "-21.0", "mps_est_length_km": "4.6553586080391", "mps_est_shore_status": "OFFSHORE", "mps_uuid": "deb2a6cd-e367-42d4-9734-80807a5b197b", "name": "BAKASSI - KOMBO CENTRE", "status": "OPERATIONAL", "updt": "Aug 17, 2022 11:19:28 AM"}}, {"type": "Feature", "id": "mps_mapping_pipeline.e01a9147-a9d1-43e1-b3cf-9de350752a0f", "geometry": {"type": "LineString", "coordinates": [[8.604683, 4.310025], [8.608848, 4.3112326], [8.615066, 4.311655], [8.626898, 4.3092403]]}, "properties": {"admin_area_name": "Cameroon", "fluid": "OIL", "mps_created_time": "Jan 1, 1900 12:00:00 AM", "mps_datasource_tags": "Data derived from Tower Resources Presentation, 2020, (https://www.towerresources.co.uk/wp-content/uploads/2020/02/TRP-Corporate-Presentation-18-February-2020.pdf) Last Accessed March 21", "mps_est_elevation_end_m": "-11.0", "mps_est_elevation_start_m": "-13.0", "mps_est_length_km": "2.51335762812422", "mps_est_shore_status": "OFFSHORE", "mps_uuid": "e01a9147-a9d1-43e1-b3cf-9de350752a0f", "name": "BAVO SOUTH - ASOMA CENTRAL 2", "status": "OPERATIONAL", "updt": "Aug 17, 2022 11:19:31 AM"}}, {"type": "Feature", "id": "mps_mapping_pipeline.a61cc084-12d4-4dc1-924e-eddec3843014", "geometry": {"type": "LineString", "coordinates": [[8.6272, 4.2969856], [8.626838, 4.2905865], [8.632572, 4.281109], [8.633357, 4.2778487]]}, "properties": {"admin_area_name": "Cameroon", "fluid": "OIL", "mps_created_time": "Jan 1, 1900 12:00:00 AM", "mps_datasource_tags": "Data derived from Tower Resources Presentation, 2020, (https://www.towerresources.co.uk/wp-content/uploads/2020/02/TRP-Corporate-Presentation-18-February-2020.pdf) Last Accessed March 21", "mps_est_elevation_end_m": "-15.0", "mps_est_elevation_start_m": "-12.0", "mps_est_length_km": "2.30585032064402", "mps_est_shore_status": "OFFSHORE", "mps_uuid": "a61cc084-12d4-4dc1-924e-eddec3843014", "name": "ASOMA CENTRAL - ASOMA", "status": "OPERATIONAL", "updt": "Aug 17, 2022 11:19:31 AM"}}, {"type": "Feature", "id": "mps_mapping_pipeline.a73b37a4-aea1-47c3-b39b-e9e2249cc7dc", "geometry": {"type": "LineString", "coordinates": [[8.00941880916477, 4.560206095858139], [8.112106, 4.5664864], [8.163494, 4.566667], [8.190635, 4.5818963]]}, "properties": {"admin_area_name": "Nigeria", "fluid": "OIL", "mps_created_time": "Oct 6, 2021 10:27:10 AM", "mps_datasource_tags": "Data derived from Savannah Energy, 2021, (https://wp-savannah-2020.s3.eu-west-2.amazonaws.com/media/2021/10/05092546/30.09.21-H1-2021-Results-V5-Final.pdf)", "mps_est_elevation_end_m": "17.0", "mps_est_elevation_start_m": "7.0", "mps_est_length_km": "20.5693433195971", "mps_est_shore_status": "ONSHORE", "mps_uuid": "a73b37a4-aea1-47c3-b39b-e9e2249cc7dc", "name": "STUB CREEK - QUA IBOE", "operator_group_name": "SAVANNAH ENERGY PLC (GROUP)", "optr_name": "ACCUGAS LTD", "status": "OPERATIONAL", "updt": "Feb 13, 2023 10:40:42 AM"}}, {"type": "Feature", "id": "mps_mapping_pipeline.cceafce1-c19e-45d8-8143-15053945bbfa", "geometry": {"type": "LineString", "coordinates": [[8.017098537991135, 4.604548367048045], [8.0438, 4.626831], [8.065615, 4.6316376], [8.074741, 4.6371446], [8.083426, 4.642392], [8.090484, 4.651801], [8.096093, 4.66121], [8.102607, 4.671162], [8.103693, 4.6758666], [8.105321, 4.6794853], [8.108035, 4.681114], [8.113645, 4.6827426], [8.149471, 4.6821995], [8.1702795, 4.6825614], [8.184574, 4.6914277], [8.280112, 4.7538533], [8.286807, 4.754939], [8.289884, 4.7572913], [8.291512, 4.7596436], [8.292417, 4.7627196], [8.292598, 4.7656145], [8.290245, 4.8045173], [8.28916, 4.8106694], [8.285541, 4.8171835], [8.276855, 4.828221], [8.2546, 4.857534], [8.233429, 4.88558], [8.227639, 4.902046], [8.225468, 4.912541], [8.220221, 4.9297304], [8.21823, 4.937873], [8.218773, 4.947282], [8.227096, 4.9709854], [8.233972, 4.9869084], [8.234877, 5.0024695], [8.230715, 5.0157614]]}, "properties": {"admin_area_name": "Nigeria", "fluid": "GAS", "mps_created_time": "Oct 6, 2021 10:27:10 AM", "mps_datasource_tags": "Data derived from Savannah Energy, 2021, (https://wp-savannah-2020.s3.eu-west-2.amazonaws.com/media/2021/10/05092546/30.09.21-H1-2021-Results-V5-Final.pdf)", "mps_est_elevation_end_m": "34.0", "mps_est_elevation_start_m": "14.0", "mps_est_length_km": "67.7936321767275", "mps_est_shore_status": "BOTH", "mps_uuid": "cceafce1-c19e-45d8-8143-15053945bbfa", "name": "UQUO - CALABAR POWER STATION", "operator_group_name": "SAVANNAH ENERGY PLC (GROUP)", "optr_name": "ACCUGAS LTD", "status": "OPERATIONAL", "updt": "Feb 13, 2023 10:40:44 AM"}}, {"type": "Feature", "id": "mps_mapping_pipeline.e4be4e0d-c5c2-4088-add2-15b715f70c17", "geometry": {"type": "LineString", "coordinates": [[8.190635, 4.5818963], [8.16078, 4.5751715], [8.029958, 4.5744476], [8.025073, 4.5749907], [8.022449, 4.5768], [8.019464, 4.580419], [8.016663836359452, 4.604115068280103]]}, "properties": {"admin_area_name": "Nigeria", "fluid": "GAS", "mps_created_time": "Oct 6, 2021 10:27:08 AM", "mps_datasource_tags": "Data derived from Savannah Energy, 2021, (https://wp-savannah-2020.s3.eu-west-2.amazonaws.com/media/2021/10/05092546/30.09.21-H1-2021-Results-V5-Final.pdf)", "mps_est_elevation_end_m": "15.0", "mps_est_elevation_start_m": "17.0", "mps_est_length_km": "21.969391339687", "mps_est_shore_status": "ONSHORE", "mps_uuid": "e4be4e0d-c5c2-4088-add2-15b715f70c17", "name": "STUBB CREEK - UQUO", "operator_group_name": "SAVANNAH ENERGY PLC (GROUP)", "optr_name": "ACCUGAS LTD", "status": "OPERATIONAL", "updt": "Feb 13, 2023 10:40:44 AM"}}, {"type": "Feature", "id": "mps_mapping_pipeline.0aec71cd-f1a6-4092-a0eb-29a86230d0e0", "geometry": {"type": "LineString", "coordinates": [[4.4382925, 5.738635], [4.4442716, 5.734045], [4.4483128, 5.7309256], [4.4537005, 5.7249], [4.4617467, 5.715861], [4.4624557, 5.715081], [4.463413, 5.7145495], [4.4818983, 5.7087007]]}, "properties": {"admin_area_name": "Nigeria", "fluid": "OIL", "mps_created_time": "Jan 5, 2021 11:19:43 PM", "mps_datasource_tags": "ENI OML 125 Presentation (https://www.slideshare.net/ennioeni/abo-oml125)", "mps_est_elevation_end_m": "-634.0", "mps_est_elevation_start_m": "-676.0", "mps_est_length_km": "6.01853320067161", "mps_est_shore_status": "OFFSHORE", "mps_uuid": "0aec71cd-f1a6-4092-a0eb-29a86230d0e0", "name": "ABO-7 TO ABO FPSO", "operator_group_name": "ENI S.P.A (GROUP)", "optr_name": "NIGERIAN AGIP EXPLORATION LTD.", "status": "OPERATIONAL", "updt": "Aug 17, 2022 11:46:53 AM"}}, {"type": "Feature", "id": "mps_mapping_pipeline.3b39c494-344e-4f2f-bad2-02ad763fe299", "geometry": {"type": "LineString", "coordinates": [[4.468193, 5.747242], [4.47153, 5.7401595], [4.47192, 5.739167], [4.4721327, 5.73759], [4.471982, 5.7363048], [4.471149, 5.730403], [4.4701214, 5.723154], [4.4696426, 5.720159], [4.4694123, 5.717979], [4.4697223, 5.716384], [4.47052, 5.715232], [4.47153, 5.714443], [4.4813757, 5.709073], [4.4818983, 5.7087007]]}, "properties": {"admin_area_name": "Nigeria", "fluid": "OIL", "mps_created_time": "Jan 5, 2021 11:19:46 PM", "mps_datasource_tags": "ENI OML 125 Presentation (https://www.slideshare.net/ennioeni/abo-oml125)", "mps_est_elevation_end_m": "-634.0", "mps_est_elevation_start_m": "-515.0", "mps_est_length_km": "5.13920336535896", "mps_est_shore_status": "OFFSHORE", "mps_uuid": "3b39c494-344e-4f2f-bad2-02ad763fe299", "name": "ABO-5 TO ABO FPSO", "operator_group_name": "ENI S.P.A (GROUP)", "optr_name": "NIGERIAN AGIP EXPLORATION LTD.", "status": "OPERATIONAL", "updt": "Aug 17, 2022 11:46:53 AM"}}, {"type": "Feature", "id": "mps_mapping_pipeline.924a69c3-bf3d-4c94-aafa-b62cc466ac4a", "geometry": {"type": "LineString", "coordinates": [[3.281704204976943, 6.717462701248646], [3.300618049119463, 6.721780843329658], [3.316216535524357, 6.721834819863002], [3.339967540956199, 6.713036565835074], [3.343608999454903, 6.717084861992474], [3.346326505797219, 6.719135985855218], [3.384262894335951, 6.722752420012876], [3.396709073383758, 6.72313025486523], [3.417155801228592, 6.736438525802868], [3.427322977968275, 6.732640562418519], [3.475842858072001, 6.726908587231659], [3.501893128635645, 6.727753436883335], [3.51595622395713, 6.731207037095809], [3.531796313660269, 6.73041005461165], [3.541552161429202, 6.729121596828492], [3.554650541999166, 6.726746659304307], [3.558020249863638, 6.728581839320036], [3.582912607959253, 6.72701653915324], [3.627099261085311, 6.710175749580199], [3.645197853325136, 6.702834710239504], [3.70568954450509, 6.692443711941992], [3.72829919727316, 6.688017349383924], [3.753490481066429, 6.687585506987078], [3.769632468739787, 6.683240071631497], [3.901648926849499, 6.682727253730888], [3.903388130908582, 6.684049783011099], [3.926486934818267, 6.684306191335085], [3.953553297987736, 6.683968811933482], [3.96484453684006, 6.684144249251371], [3.983731205919156, 6.683995802294177], [3.98476405293245, 6.683994466058914], [3.984926908709775, 6.683941821571294], [3.992101125453488, 6.681944530635236], [3.994818631795804, 6.67929945711237], [3.997427437884427, 6.67757205443951], [4.000416694860974, 6.677140202818538], [4.003677702471755, 6.677248165759508], [4.006503909067764, 6.678489737868746], [4.011014969596009, 6.678867607015858], [4.016123881519562, 6.681458701876814], [4.023135047882738, 6.678759644432176], [4.027374357776751, 6.676114553691581], [4.038135682892323, 6.682538320684572], [4.041434806453292, 6.683921148850937], [4.04405984671857, 6.685021434896482], [4.068354353418877, 6.68561522120903], [4.069930507097419, 6.685831143325663], [4.071180560014886, 6.685723182279269], [4.092648860119182, 6.686586869982699], [4.110475701724774, 6.686802791670074], [4.125258936226974, 6.68701871326205], [4.148140339629276, 6.684589589852507], [4.153119517618904, 6.683776657897709], [4.156075458148837, 6.683294052431853], [4.158340330795046, 6.683769903524038], [4.215637203170476, 6.683695776281195], [4.219230305544262, 6.682214435292492], [4.226078421526898, 6.680433061802089], [4.252166482413132, 6.680271118435811], [4.254883988755449, 6.681188796802501], [4.26048205182062, 6.679893250372681], [4.273145631375812, 6.679893250372681], [4.282113402305455, 6.681998511578603], [4.302914685688544, 6.683582861930495], [4.31513635411088, 6.683567050271926], [4.354236020630522, 6.695331621983112], [4.357333977860763, 6.698030587882977], [4.359942783949386, 6.698840274741729], [4.363040741179626, 6.698948232888023], [4.387389598006779, 6.706397287261949], [4.389781003588016, 6.707746741454254], [4.391900658535024, 6.707368894657165], [4.421467127539421, 6.715060718123503], [4.425543387052895, 6.726449791297306], [4.432880654177149, 6.733736499027347], [4.49858995753435, 6.732764944315837], [4.505655474024373, 6.733952399810204], [4.544624514973184, 6.735139852398777], [4.547070270681268, 6.735895502532888], [4.549026875247736, 6.735409727581788], [4.595387533447647, 6.736813076113299], [4.601366047400742, 6.738729180051565], [4.659792433760537, 6.740726238069961], [4.665553547206247, 6.741050084541008], [4.685880494646769, 6.741643802509326], [4.689467603018628, 6.740564314753307], [4.709251049190688, 6.742723287861171], [4.711642454771925, 6.744126615223713], [4.714468661367934, 6.743802770808468], [4.714506005560897, 6.743700091225999], [4.715120862890091, 6.744018667109347], [4.731099800182909, 6.746069677169295], [4.797515655189112, 6.763772771146882], [4.853278885333436, 6.764636320126284], [4.857735595734836, 6.766039583925045], [4.862627107151004, 6.766687242764663], [4.878932145204901, 6.771004946159159], [4.898824291630654, 6.76199169650199], [4.897085087571571, 6.757296104611594], [4.904911505837443, 6.739916620945844], [4.939206435877471, 6.732144227787483], [5.002197587719506, 6.717649107677255], [5.134866892524225, 6.686802791670073], [5.424661768868806, 6.578830109986688], [5.49966494391673, 6.550105408990388], [5.54205804285686, 6.506691259057033], [5.607712996087215, 6.461329184364417], [5.636409863062073, 6.427629008399663], [5.658584714815371, 6.429141243724023], [5.684890176208992, 6.417907388280179], [5.70663022694752, 6.379883272397962], [5.70304311857566, 6.343044719117463], [5.697608105891028, 6.328891964031929], [5.695325400563482, 6.327487470990676], [5.686846780775457, 6.29680374868359], [5.68763485761473, 6.230583752531367], [5.707214490811116, 6.04796239363586], [5.713981081603483, 6.042297498165613], [5.714633283125639, 6.04189213664547]]}, "properties": {"admin_area_name": "Nigeria", "fluid": "GAS", "mps_created_time": "Jan 1, 1900 12:00:00 AM", "mps_datasource_tags": "Modified after https://www.nigeriangasassociation.org.ng/assets/pdf/resources//Ezeala%20NGA%20Business%20Forum%20Presentation_Final.pdf including from satellite observations", "mps_est_elevation_end_m": "37.0", "mps_est_elevation_start_m": "75.0", "mps_est_length_km": "325.20094682535", "mps_est_shore_status": "ONSHORE", "mps_uuid": "924a69c3-bf3d-4c94-aafa-b62cc466ac4a", "name": "WESTERN GAS PIPELINE NETWORK", "operator_group_name": "NIGERIAN GAS COMPANY (GROUP)", "optr_name": "NIGERIAN GAS COMPANY", "status": "OPERATIONAL", "updt": "Feb 14, 2023 4:29:44 PM"}}, {"type": "Feature", "id": "mps_mapping_pipeline.2bcbdc2e-61bb-4826-8951-bf8bcd2bb756", "geometry": {"type": "LineString", "coordinates": [[4.4140916, 5.7294292], [4.4382925, 5.738635]]}, "properties": {"admin_area_name": "Nigeria", "fluid": "OIL", "mps_created_time": "Jan 5, 2021 11:19:45 PM", "mps_datasource_tags": "ENI OML 125 Presentation (https://www.slideshare.net/ennioeni/abo-oml125)", "mps_est_elevation_end_m": "-676.0", "mps_est_elevation_start_m": "-745.0", "mps_est_length_km": "2.86744095579961", "mps_est_shore_status": "OFFSHORE", "mps_uuid": "2bcbdc2e-61bb-4826-8951-bf8bcd2bb756", "name": "ABO-6 TO ABO-7", "operator_group_name": "ENI S.P.A (GROUP)", "optr_name": "NIGERIAN AGIP EXPLORATION LTD.", "status": "OPERATIONAL", "updt": "Aug 17, 2022 11:46:53 AM"}}, {"type": "Feature", "id": "mps_mapping_pipeline.b69cd0f5-a683-4323-9931-d6c9bade2774", "geometry": {"type": "LineString", "coordinates": [[4.4473925, 5.739037], [4.4472847, 5.736881], [4.4471784, 5.734931], [4.447462, 5.7332296], [4.4482064, 5.7319536], [4.450936, 5.7290826], [4.455083, 5.724368], [4.4614987, 5.716818], [4.4627748, 5.715542], [4.463803, 5.7151165], [4.469049, 5.713415], [4.4818983, 5.7087007]]}, "properties": {"admin_area_name": "Nigeria", "fluid": "OIL", "mps_created_time": "Jan 5, 2021 11:19:45 PM", "mps_datasource_tags": "ENI OML 125 Presentation (https://www.slideshare.net/ennioeni/abo-oml125)", "mps_est_elevation_end_m": "-634.0", "mps_est_elevation_start_m": "-642.0", "mps_est_length_km": "5.48812722848296", "mps_est_shore_status": "OFFSHORE", "mps_uuid": "b69cd0f5-a683-4323-9931-d6c9bade2774", "name": "ABO-7 TO ABO FPSO", "operator_group_name": "ENI S.P.A (GROUP)", "optr_name": "NIGERIAN AGIP EXPLORATION LTD.", "status": "OPERATIONAL", "updt": "Aug 17, 2022 11:46:53 AM"}}, {"type": "Feature", "id": "mps_mapping_pipeline.d18e1377-1390-4511-be91-3d0e0bab4d25", "geometry": {"type": "LineString", "coordinates": [[4.470693, 5.736641], [4.4701834, 5.733212], [4.4692616, 5.7247224], [4.4684463, 5.7176332], [4.468659, 5.7159495], [4.4689603, 5.71501], [4.4698644, 5.713734], [4.4818983, 5.7087007]]}, "properties": {"admin_area_name": "Nigeria", "fluid": "OIL", "mps_created_time": "Jan 5, 2021 11:19:45 PM", "mps_datasource_tags": "ENI OML 125 Presentation (https://www.slideshare.net/ennioeni/abo-oml125)", "mps_est_elevation_end_m": "-634.0", "mps_est_elevation_start_m": "-578.0", "mps_est_length_km": "4.03126162210667", "mps_est_shore_status": "OFFSHORE", "mps_uuid": "d18e1377-1390-4511-be91-3d0e0bab4d25", "name": "ABO-4 TO ABO FPSO", "operator_group_name": "ENI S.P.A (GROUP)", "optr_name": "NIGERIAN AGIP EXPLORATION LTD.", "status": "OPERATIONAL", "updt": "Aug 17, 2022 11:46:53 AM"}}, {"type": "Feature", "id": "mps_mapping_pipeline.eb9322f6-4d41-410d-be61-0e9289580222", "geometry": {"type": "LineString", "coordinates": [[4.4790936, 5.7433434], [4.4757304, 5.7397695], [4.4732494, 5.737395], [4.4726114, 5.7362604], [4.4720974, 5.7350554], [4.4717073, 5.7320423], [4.47091, 5.726743], [4.4700947, 5.7196536], [4.4700947, 5.71797], [4.4709454, 5.7162333], [4.4718137, 5.7152405], [4.473232, 5.714301], [4.481668, 5.7091084], [4.4818983, 5.7087007]]}, "properties": {"admin_area_name": "Nigeria", "fluid": "OIL", "mps_created_time": "Jan 5, 2021 11:19:44 PM", "mps_datasource_tags": "ENI OML 125 Presentation (https://www.slideshare.net/ennioeni/abo-oml125)", "mps_est_elevation_end_m": "-634.0", "mps_est_elevation_start_m": "-490.0", "mps_est_length_km": "4.81293564503879", "mps_est_shore_status": "OFFSHORE", "mps_uuid": "eb9322f6-4d41-410d-be61-0e9289580222", "name": "ABO-4 TO ABO FPSO", "operator_group_name": "ENI S.P.A (GROUP)", "optr_name": "NIGERIAN AGIP EXPLORATION LTD.", "status": "OPERATIONAL", "updt": "Aug 17, 2022 11:46:53 AM"}}, {"type": "Feature", "id": "mps_mapping_pipeline.1780dae4-c795-493f-927b-78d44bae8f36", "geometry": {"type": "LineString", "coordinates": [[5.202371085031106, 5.61253576901666], [5.204493133387325, 5.610447097385412], [5.208912124195056, 5.59909851753525], [5.20897042222682, 5.598483506398048], [5.208014334505886, 5.597125838011793], [5.206708458594367, 5.594990695026774], [5.205927264968724, 5.589269865899077], [5.206230414733899, 5.587436403759269], [5.208002674899532, 5.58537085092884], [5.209331870023756, 5.584558552876798], [5.229106562398185, 5.591938819510586], [5.243716049158304, 5.587900571932286], [5.255072505745978, 5.58490668075128], [5.282973943748341, 5.578547512305131], [5.321707156052499, 5.569287140098663], [5.356336186920455, 5.559933783934536], [5.369115115483176, 5.557612828856688], [5.401855290121971, 5.561604865923805], [5.406798963215578, 5.561140676958332], [5.416219925148678, 5.558634050218242], [5.455629394621302, 5.561326352588463], [5.568774214669332, 5.564111480008751], [5.578848114558192, 5.561326352588463], [5.621195804831732, 5.565411201625102], [5.631269704720594, 5.568010636238433], [5.639104960189705, 5.571538421966339], [5.642836034222617, 5.573952157888338], [5.662051065492109, 5.576180213008512], [5.677441745877866, 5.57831542456112], [5.684134359924402, 5.577154984463845], [5.689847567037297, 5.576157004144601], [5.693042299177976, 5.575483946691974], [5.698662229440049, 5.574671634945428], [5.704608628680002, 5.573673650403712], [5.70558803561364, 5.573371933812951], [5.709808813113372, 5.57327909790768], [5.710158601303956, 5.574694843868072]]}, "properties": {"admin_area_name": "Nigeria", "fluid": "GAS", "mps_created_time": "Feb 14, 2023 5:36:34 PM", "mps_est_elevation_end_m": "6.0", "mps_est_elevation_start_m": "11.0", "mps_est_length_km": "60.1672067638728", "mps_est_shore_status": "BOTH", "mps_uuid": "1780dae4-c795-493f-927b-78d44bae8f36", "name": "DELTA GAS PIPELINE", "operator_group_name": "NIGERIAN GAS COMPANY (GROUP)", "optr_name": "NIGERIAN GAS COMPANY", "status": "OPERATIONAL", "updt": "Feb 15, 2023 9:34:00 AM"}}, {"type": "Feature", "id": "mps_mapping_pipeline.4921ddd6-a20b-40e8-91b4-9b188de099e7", "geometry": {"type": "LineString", "coordinates": [[5.584033513915491, 5.898021762996626], [5.609852843618986, 5.896114557779609], [5.628984088268892, 5.898036780334519], [5.65219823522555, 5.881783578173989], [5.670145251000508, 5.86651149072202], [5.688696760964055, 5.856323058274646], [5.737494, 5.885828], [5.7728056, 5.9220556], [5.857342, 5.998794], [5.869187493317714, 6.012973501853799]]}, "properties": {"admin_area_name": "Nigeria", "fluid": "OIL", "mps_created_time": "Jan 1, 1900 12:00:00 AM", "mps_datasource_tags": "Inferred from satellite imagery and NG oil spill data.", "mps_est_elevation_end_m": "50.0", "mps_est_elevation_start_m": "8.0", "mps_est_length_km": "39.6729451236122", "mps_est_shore_status": "ONSHORE", "mps_uuid": "4921ddd6-a20b-40e8-91b4-9b188de099e7", "name": "OBEN/AMUKPE", "status": "OPERATIONAL", "updt": "Feb 13, 2023 1:33:03 PM"}}, {"type": "Feature", "id": "mps_mapping_pipeline.b3a21187-1c31-4aa6-b71d-f685c80ee8be", "geometry": {"type": "LineString", "coordinates": [[4.832690559418718, 5.489674158560954], [4.900862081701958, 5.539053682051034], [5.010315990486876, 5.556902802163674], [5.017736594472295, 5.606138944434768], [5.075864659024737, 5.62644764535371], [5.145172325446599, 5.621211061697373], [5.180142423246794, 5.618889395453378]]}, "properties": {"admin_area_name": "Nigeria", "fluid": "GAS", "mps_created_time": "Jan 1, 1900 12:00:00 AM", "mps_datasource_tags": "Inferred from satellite imagery and NG oil spill data.", "mps_est_elevation_end_m": "5.0", "mps_est_elevation_start_m": "-56.0", "mps_est_length_km": "45.5179519551745", "mps_est_shore_status": "BOTH", "mps_uuid": "b3a21187-1c31-4aa6-b71d-f685c80ee8be", "name": "SONAM - SHORE", "status": "OPERATIONAL", "updt": "Feb 13, 2023 12:48:59 PM"}}, {"type": "Feature", "id": "mps_mapping_pipeline.e993dab5-5df9-448b-95b3-4cc61d2b5fee", "geometry": {"type": "LineString", "coordinates": [[5.062878602050254, 5.623986022355135], [4.965792366574367, 5.716289717809919], [4.892710908340214, 5.834314629671687], [4.936703845406849, 5.917996846918004]]}, "properties": {"admin_area_name": "Nigeria", "fluid": "GAS", "mps_created_time": "Jan 1, 1900 12:00:00 AM", "mps_datasource_tags": "Inferred from satellite imagery and NG oil spill data.", "mps_est_elevation_end_m": "-3.0", "mps_est_elevation_start_m": "-7.0", "mps_est_length_km": "40.6438908078285", "mps_est_shore_status": "OFFSHORE", "mps_uuid": "e993dab5-5df9-448b-95b3-4cc61d2b5fee", "name": "ISAN - SONAM FLOWLINE", "status": "OPERATIONAL", "updt": "Feb 13, 2023 12:48:58 PM"}}, {"type": "Feature", "id": "mps_mapping_pipeline.ccc68540-9128-4480-babe-36d430bf1781", "geometry": {"type": "LineString", "coordinates": [[5.193548988685094, 5.609395764394077], [5.207365998710028, 5.626656185690607], [5.253667460341206, 5.649695785283396], [5.263974675271965, 5.654216506015407], [5.276438971028722, 5.669841050536602], [5.2232222, 5.7203333], [5.217685984951181, 5.733526068310967], [5.206784598351711, 5.760365558103334], [5.1928611, 5.7949722], [5.177306007056625, 5.8278437612317], [5.155677841533927, 5.856649675207555]]}, "properties": {"admin_area_name": "Nigeria", "fluid": "OIL", "mps_created_time": "Jan 1, 1900 12:00:00 AM", "mps_datasource_tags": "Inferred from satellite imagery and NG oil spill data.", "mps_est_elevation_end_m": "19.0", "mps_est_elevation_start_m": "6.0", "mps_est_length_km": "36.6731825718097", "mps_est_shore_status": "BOTH", "mps_uuid": "ccc68540-9128-4480-babe-36d430bf1781", "name": "DIBI - ABITEYE PIPELINE", "status": "OPERATIONAL", "updt": "Feb 13, 2023 2:00:04 PM"}}, {"type": "Feature", "id": "mps_mapping_pipeline.aa5505c6-14ab-4bc1-986d-2315beba3a16", "geometry": {"type": "LineString", "coordinates": [[5.3726944, 5.4055556], [5.385667, 5.431056], [5.4040806, 5.4577833], [5.44475, 5.4736667], [5.4619722, 5.4793056], [5.476278, 5.507917], [5.484133104540776, 5.521635780401146], [5.4933889, 5.5310556], [5.497983242577397, 5.535814380209387], [5.5043611, 5.5390556], [5.521584423142401, 5.546154430276759], [5.526271300845349, 5.548429064530236], [5.538356473104189, 5.558973229014783], [5.540835482798311, 5.560438216823871], [5.5491634059895, 5.562327274668358], [5.563959995101286, 5.563580217852294], [5.566690779217468, 5.56327180131616], [5.570293090179237, 5.561961029233656], [5.57372109577189, 5.561151433253256], [5.576418907610625, 5.561080233796035], [5.594476869056758, 5.564070686894141], [5.616950684940556, 5.56666844189098], [5.631761248277886, 5.569764588375158], [5.64147309308925, 5.574204887047559], [5.658802666174528, 5.576696876693116], [5.673264210088951, 5.578373300137019], [5.676202598651853, 5.578742438961888]]}, "properties": {"admin_area_name": "Nigeria", "fluid": "OIL", "mps_created_time": "Jan 1, 1900 12:00:00 AM", "mps_datasource_tags": "Inferred from satellite imagery and NG oil spill data.", "mps_est_elevation_end_m": "5.0", "mps_est_elevation_start_m": "15.0", "mps_est_length_km": "41.8952246322502", "mps_est_shore_status": "ONSHORE", "mps_uuid": "aa5505c6-14ab-4bc1-986d-2315beba3a16", "name": "TRANS FORCADOS PIPELINE", "status": "OPERATIONAL", "updt": "Mar 4, 2023 7:42:15 PM"}}, {"type": "Feature", "id": "mps_mapping_pipeline.0f78afcf-14a4-43e8-ace0-e3ab9ff54337", "geometry": {"type": "LineString", "coordinates": [[5.4141494, 6.0016372], [5.416613681612244, 6.003092308059547], [5.4186111, 6.0086111], [5.435938182509191, 6.054879780718218], [5.431941897621151, 6.061120554378989]]}, "properties": {"admin_area_name": "Nigeria", "fluid": "OIL", "mps_created_time": "Jan 1, 1900 12:00:00 AM", "mps_datasource_tags": "Inferred from satellite imagery and NG oil spill data.", "mps_est_elevation_end_m": "13.0", "mps_est_elevation_start_m": "11.0", "mps_est_length_km": "7.2500925798113", "mps_est_shore_status": "ONSHORE", "mps_uuid": "0f78afcf-14a4-43e8-ace0-e3ab9ff54337", "name": "AROH/OZIENGBE FLOW LINE", "status": "OPERATIONAL", "updt": "Aug 17, 2022 11:19:39 AM"}}, {"type": "Feature", "id": "mps_mapping_pipeline.45c3b650-ae6e-404b-8eaa-8eaf3542e932", "geometry": {"type": "LineString", "coordinates": [[5.3298564, 5.366798], [5.3298764, 5.366818], [5.3298864, 5.3668375], [5.3299065, 5.3668475], [5.3299265, 5.3668675], [5.3299365, 5.3668776], [5.3299565, 5.3668976], [5.3299665, 5.3669076], [5.3299866, 5.3669176], [5.3299966, 5.3669376], [5.3300166, 5.3669477], [5.3300266, 5.3669577], [5.3300366, 5.3669677], [5.3300567, 5.3669777], [5.3300667, 5.3669877], [5.3300767, 5.3670077], [5.3300867, 5.3670177], [5.3301067, 5.3670278], [5.3301167, 5.367038], [5.330127, 5.367048], [5.330137, 5.367058], [5.330157, 5.367068], [5.330167, 5.367078], [5.3301764, 5.367088], [5.3301864, 5.367098], [5.3302064, 5.367108], [5.3302164, 5.367118], [5.3302264, 5.367128], [5.3302464, 5.367138], [5.3302565, 5.367148], [5.3302665, 5.3671675], [5.3302865, 5.3671775], [5.3302965, 5.3671875], [5.3303065, 5.3671975], [5.3303266, 5.3672075], [5.3303366, 5.3672175], [5.3303466, 5.3672276], [5.3303666, 5.3672376], [5.3303766, 5.3672476], [5.3303866, 5.3672576], [5.3304067, 5.3672676], [5.3304167, 5.3672876], [5.3304367, 5.3672976], [5.3304467, 5.3673077], [5.3304667, 5.3673177], [5.330487, 5.3673377], [5.330497, 5.3673477], [5.330517, 5.3673577], [5.3305364, 5.3673778], [5.3305464, 5.367388], [5.3305664, 5.367408], [5.3305864, 5.367418], [5.3306065, 5.367438], [5.3306265, 5.367448], [5.3306465, 5.367468], [5.3306665, 5.367488], [5.3306866, 5.3674974], [5.3307066, 5.3675175], [5.3307366, 5.3675375], [5.3307567, 5.3675575], [5.3307767, 5.3675776], [5.3308067, 5.3675976], [5.3308268, 5.3676176], [5.330857, 5.3676376], [5.330877, 5.3676577], [5.3309064, 5.3676877], [5.3309264, 5.3677077], [5.3309565, 5.3677278], [5.3309865, 5.367748], [5.3310165, 5.367768], [5.3310366, 5.367798], [5.3310666, 5.367818], [5.3310966, 5.3678374], [5.3311167, 5.3678575], [5.3311467, 5.3678775], [5.3311768, 5.3678975], [5.331197, 5.3679175], [5.331217, 5.3679376], [5.3312464, 5.3679576], [5.3312664, 5.3679676], [5.3312864, 5.3679876], [5.3313065, 5.3680077], [5.3313265, 5.3680177], [5.3313465, 5.3680377], [5.3313665, 5.3680477], [5.3313866, 5.3680577], [5.3314066, 5.3680778], [5.3314166, 5.368088], [5.3314366, 5.368098], [5.3314567, 5.368118], [5.3314667, 5.368128], [5.3314867, 5.368138], [5.3315067, 5.3681574], [5.3315167, 5.3681674], [5.331537, 5.3681874], [5.331557, 5.3681974], [5.331577, 5.3682175], [5.3315964, 5.3682275], [5.3316164, 5.3682475], [5.3316364, 5.3682675], [5.3316565, 5.3682876], [5.3316765, 5.3683076], [5.3316965, 5.3683176], [5.3317165, 5.3683376], [5.3317366, 5.3683577], [5.3317566, 5.3683777], [5.3317766, 5.3683977], [5.3317966, 5.3684077], [5.3318067, 5.3684278], [5.3318267, 5.368448], [5.3318467, 5.368458], [5.3318667, 5.368478], [5.3318768, 5.3684974], [5.331897, 5.3685074], [5.331917, 5.3685274], [5.331927, 5.3685474], [5.3319464, 5.3685575], [5.3319564, 5.3685775], [5.3319764, 5.3685975], [5.3319864, 5.3686075], [5.3319964, 5.3686175], [5.3320165, 5.3686376], [5.3320265, 5.3686476], [5.3320365, 5.3686576], [5.3320465, 5.3686676], [5.3320565, 5.3686776], [5.3320565, 5.3686876], [5.3320665, 5.3686976], [5.3320765, 5.3686976], [5.3320866, 5.3687077], [5.3320966, 5.3687177], [5.3320966, 5.3687277], [5.3321066, 5.3687377], [5.3321166, 5.3687477], [5.3321266, 5.3687577], [5.3321366, 5.3687677], [5.3321466, 5.3687778], [5.3321567, 5.368788], [5.3321667, 5.368798], [5.3321767, 5.368808], [5.3321867, 5.3688273], [5.3321967, 5.3688374], [5.3322067, 5.3688474], [5.3322167, 5.3688574], [5.3322268, 5.3688674], [5.332237, 5.3688874], [5.332247, 5.3688974], [5.332257, 5.3689175], [5.332267, 5.3689275], [5.332277, 5.3689375], [5.3322964, 5.3689575], [5.3323064, 5.3689675], [5.3323164, 5.3689876], [5.3323264, 5.3689976], [5.3323364, 5.3690076], [5.3323464, 5.3690176], [5.3323565, 5.3690376], [5.3323565, 5.3690476], [5.3323665, 5.3690577], [5.3323765, 5.3690677], [5.3323865, 5.3690777], [5.3323965, 5.3690877], [5.3323965, 5.3690977], [5.3324065, 5.3691077], [5.3324165, 5.3691177], [5.3324265, 5.369138], [5.3324265, 5.369148], [5.3324366, 5.3691573], [5.3324466, 5.3691673], [5.3324566, 5.3691773], [5.3324666, 5.3691874], [5.3324766, 5.3692074], [5.3324866, 5.3692174], [5.3324966, 5.3692274], [5.3325067, 5.3692474], [5.3325167, 5.3692575], [5.3325267, 5.3692775], [5.3325367, 5.3692875], [5.3325467, 5.3692975], [5.3325567, 5.3693175], [5.3325667, 5.3693275], [5.3325768, 5.3693476], [5.332587, 5.3693576], [5.332597, 5.3693776], [5.332607, 5.3693876], [5.332627, 5.3694077], [5.332637, 5.3694277], [5.332647, 5.3694377], [5.3326564, 5.3694577], [5.3326664, 5.3694677], [5.3326764, 5.3694873], [5.3326864, 5.3695073], [5.3327065, 5.3695273], [5.3327165, 5.3695474], [5.3327265, 5.3695674], [5.3327365, 5.3695874], [5.3327465, 5.3695974], [5.3327665, 5.3696175], [5.3327765, 5.3696375], [5.3327866, 5.3696575], [5.3327966, 5.3696775], [5.3328066, 5.3696876], [5.3328166, 5.3697076], [5.3328166, 5.3697176], [5.3328266, 5.3697376], [5.3328366, 5.3697476], [5.3328466, 5.3697577], [5.3328567, 5.3697777], [5.3328567, 5.3697877], [5.3328667, 5.3697977], [5.3328767, 5.3698173], [5.3328867, 5.3698273], [5.3328967, 5.3698473], [5.3329067, 5.3698573], [5.3329167, 5.3698773], [5.3329268, 5.3698974], [5.332937, 5.3699174], [5.332947, 5.3699374], [5.332967, 5.3699675], [5.332977, 5.3699875], [5.332997, 5.3700175], [5.3330064, 5.3700376], [5.3330264, 5.3700676], [5.3330364, 5.3700976], [5.3330564, 5.3701277], [5.3330765, 5.370147], [5.3330865, 5.3701773], [5.3331065, 5.3702073], [5.3331165, 5.3702273], [5.3331366, 5.3702574], [5.3331466, 5.3702774], [5.3331566, 5.3702974], [5.3331766, 5.3703175], [5.3331866, 5.3703375], [5.3331966, 5.3703575], [5.3332067, 5.3703775], [5.3332167, 5.3703976], [5.3332267, 5.3704176], [5.3332367, 5.3704276], [5.3332467, 5.3704476], [5.3332567, 5.3704677], [5.3332667, 5.370487], [5.3332767, 5.3705072], [5.333287, 5.3705273], [5.333307, 5.3705473], [5.333317, 5.3705673], [5.333327, 5.3705873], [5.333337, 5.3706074], [5.3333564, 5.3706274], [5.3333664, 5.3706574], [5.3333764, 5.3706775], [5.3333964, 5.3706975], [5.3334064, 5.3707175], [5.3334165, 5.3707376], [5.3334265, 5.3707676], [5.3334365, 5.3707876], [5.3334565, 5.370807], [5.3334665, 5.370827], [5.3334765, 5.370847], [5.3334866, 5.3708773], [5.3334966, 5.3708973], [5.3335066, 5.3709173], [5.3335166, 5.3709373], [5.3335266, 5.3709674], [5.3335366, 5.3709874], [5.3335466, 5.3710074], [5.3335667, 5.3710375], [5.3335767, 5.3710575], [5.3335867, 5.3710775], [5.3335967, 5.3711076], [5.3336067, 5.371137], [5.3336167, 5.371157], [5.3336267, 5.371187], [5.3336368, 5.3712173], [5.333647, 5.3712473], [5.333667, 5.3712773], [5.333677, 5.3713174], [5.333687, 5.3713474], [5.3337064, 5.3713975], [5.3337264, 5.3714375], [5.3337464, 5.371487], [5.3337564, 5.371547], [5.3337765, 5.3715973], [5.3337965, 5.3716574], [5.3338165, 5.3717074], [5.3338366, 5.3717675], [5.3338566, 5.371817], [5.3338666, 5.371857], [5.3338866, 5.371897], [5.3338966, 5.3719373], [5.3339067, 5.3719573], [5.3339167, 5.3719873], [5.3339267, 5.3720074], [5.3339267, 5.3720274], [5.3339367, 5.3720474], [5.3339367, 5.3720675], [5.3339467, 5.3720875], [5.3339567, 5.3721075], [5.3339567, 5.372127], [5.3339667, 5.372147], [5.3339667, 5.372167], [5.3339767, 5.372187], [5.3339767, 5.372207], [5.3339868, 5.372227], [5.3339868, 5.372247], [5.333997, 5.3722773], [5.333997, 5.3722973], [5.333997, 5.3723173], [5.334007, 5.3723373], [5.334007, 5.3723574], [5.334017, 5.3723774], [5.334017, 5.3724074], [5.334027, 5.3724275], [5.334027, 5.372457], [5.334037, 5.372487], [5.334047, 5.372517], [5.334047, 5.372557], [5.3340564, 5.372587], [5.3340664, 5.3726373], [5.3340764, 5.3726873], [5.3340764, 5.3727374], [5.3340864, 5.372797], [5.3340964, 5.372857], [5.3341064, 5.372917], [5.3341165, 5.3729773], [5.3341265, 5.3730373], [5.3341365, 5.3730974], [5.3341365, 5.373147], [5.3341465, 5.373197], [5.3341465, 5.373237], [5.3341565, 5.373277], [5.3341565, 5.3733172], [5.3341565, 5.3733573], [5.3341565, 5.3733873], [5.3341665, 5.3734274], [5.3341665, 5.373467], [5.3341665, 5.373497], [5.3341665, 5.373537], [5.3341765, 5.373577], [5.3341765, 5.373627], [5.3341765, 5.3736672], [5.3341866, 5.3737173], [5.3341866, 5.3737574], [5.3341866, 5.373807], [5.3341966, 5.373857], [5.3341966, 5.373917], [5.3341966, 5.373967], [5.3342066, 5.3740172], [5.3342066, 5.3740673], [5.3342066, 5.374127], [5.3342066, 5.374177], [5.3342166, 5.374227], [5.3342166, 5.374267], [5.3342166, 5.374317], [5.3342166, 5.374357], [5.3342166, 5.3743973], [5.3342166, 5.374437], [5.3342166, 5.374477], [5.3342166, 5.374507], [5.3342166, 5.374537], [5.3342166, 5.374567], [5.3342166, 5.374597], [5.3342166, 5.374627], [5.3342166, 5.374657], [5.3342166, 5.374677], [5.3342166, 5.374707], [5.3342166, 5.3747272], [5.3342166, 5.374757], [5.3342166, 5.374777], [5.3342166, 5.374807], [5.3342166, 5.374827], [5.3342166, 5.374857], [5.3342166, 5.374877], [5.3342066, 5.374907], [5.3342066, 5.374927], [5.3342066, 5.374947], [5.3342066, 5.374967], [5.3342066, 5.374987], [5.3342066, 5.375007], [5.3342066, 5.375027], [5.3342066, 5.375047], [5.3342066, 5.375067], [5.3341966, 5.375087], [5.3341966, 5.375117], [5.3341966, 5.375137], [5.3341966, 5.375157], [5.3341866, 5.375187], [5.3341866, 5.375217], [5.3341866, 5.375247], [5.3341765, 5.375277], [5.3341765, 5.375307], [5.3341665, 5.375337], [5.3341665, 5.375377], [5.3341565, 5.375407], [5.3341465, 5.375447], [5.3341465, 5.375487], [5.3341365, 5.375517], [5.3341265, 5.375557], [5.3341265, 5.375587], [5.3341165, 5.375617], [5.3341064, 5.375657], [5.3340964, 5.375687], [5.3340964, 5.375717], [5.3340864, 5.3757467], [5.3340764, 5.375777], [5.3340764, 5.375807], [5.3340664, 5.375837], [5.3340564, 5.375867], [5.3340564, 5.375907], [5.3340464, 5.375937], [5.3340364, 5.375977], [5.3340263, 5.376007], [5.334017, 5.376047], [5.334017, 5.3760867], [5.334007, 5.3761168], [5.333997, 5.376157], [5.3339868, 5.376197], [5.3339767, 5.376227], [5.3339667, 5.376267], [5.3339567, 5.376297], [5.3339467, 5.376327], [5.3339467, 5.376367], [5.3339367, 5.376397], [5.3339267, 5.3764367], [5.3339167, 5.3764668], [5.3339067, 5.376507], [5.3338966, 5.376547], [5.3338866, 5.376577], [5.3338766, 5.376617], [5.3338666, 5.376647], [5.3338566, 5.376687], [5.3338466, 5.376717], [5.3338366, 5.3767567], [5.3338265, 5.3767867], [5.3338165, 5.3768167], [5.3338065, 5.376857], [5.3337965, 5.376887], [5.3337865, 5.376917], [5.3337765, 5.376937], [5.3337665, 5.376967], [5.3337665, 5.376987], [5.3337564, 5.377017], [5.3337464, 5.377037], [5.3337364, 5.3770566], [5.3337364, 5.3770766], [5.3337264, 5.3770967], [5.3337164, 5.3771167], [5.3337064, 5.3771467], [5.3336964, 5.3771667], [5.3336864, 5.377197], [5.3336763, 5.377217], [5.3336663, 5.377247], [5.3336563, 5.377267], [5.333647, 5.377297], [5.3336368, 5.377327], [5.3336267, 5.377357], [5.3336167, 5.377377], [5.3335967, 5.3774066], [5.3335867, 5.3774366], [5.3335767, 5.3774667], [5.3335667, 5.3774867], [5.3335567, 5.3775167], [5.3335466, 5.377537], [5.3335366, 5.377557], [5.3335266, 5.377577], [5.3335166, 5.377597], [5.3335066, 5.377617], [5.3335066, 5.377627], [5.3334966, 5.377647], [5.3334866, 5.377657], [5.3334866, 5.377667], [5.3334765, 5.377677], [5.3334765, 5.377687], [5.3334665, 5.377697], [5.3334665, 5.377707], [5.3334565, 5.3777165], [5.3334565, 5.3777266], [5.3334465, 5.3777366], [5.3334465, 5.3777466], [5.3334365, 5.3777566], [5.3334365, 5.3777666], [5.3334265, 5.3777866], [5.3334165, 5.3777966], [5.3334165, 5.3778067], [5.3334064, 5.3778267], [5.3333964, 5.3778367], [5.3333864, 5.3778567], [5.3333864, 5.3778667], [5.3333764, 5.3778768], [5.3333664, 5.377897], [5.3333564, 5.377907], [5.3333564, 5.377927], [5.3333464, 5.377937], [5.3333364, 5.377957], [5.3333263, 5.377977], [5.3333163, 5.377997], [5.3333063, 5.378017], [5.3332963, 5.378037], [5.3332767, 5.3780565], [5.3332667, 5.3780866], [5.3332567, 5.3781066], [5.3332367, 5.3781366], [5.3332267, 5.3781567], [5.3332167, 5.3781867], [5.3331966, 5.3782067], [5.3331866, 5.378237], [5.3331666, 5.378257], [5.3331566, 5.378287], [5.3331466, 5.378307], [5.3331265, 5.378337], [5.3331165, 5.378357], [5.3331065, 5.3783765], [5.3330865, 5.3783965], [5.3330765, 5.3784165], [5.3330665, 5.3784366], [5.3330564, 5.3784566], [5.3330464, 5.3784766], [5.3330364, 5.3784966], [5.3330264, 5.3785167], [5.3330064, 5.3785267], [5.3329964, 5.3785467], [5.3329864, 5.3785667], [5.3329763, 5.3785768], [5.3329663, 5.378597], [5.3329563, 5.378617], [5.3329463, 5.378627], [5.3329363, 5.378647], [5.3329268, 5.378657], [5.3329167, 5.378677], [5.3329067, 5.378687], [5.3328967, 5.3787065], [5.3328867, 5.3787165], [5.3328767, 5.3787365], [5.3328667, 5.3787465], [5.3328567, 5.3787665], [5.3328466, 5.3787866], [5.3328266, 5.3788066], [5.3328166, 5.3788366], [5.3327966, 5.3788567], [5.3327765, 5.3788867], [5.3327665, 5.3789167], [5.3327365, 5.378947], [5.3327165, 5.378977], [5.3326964, 5.379017], [5.3326664, 5.3790565], [5.3326364, 5.3790965], [5.3326063, 5.3791466], [5.3325763, 5.3791866], [5.3325467, 5.3792267], [5.3325267, 5.3792667], [5.3324966, 5.379307], [5.3324666, 5.379337], [5.3324466, 5.3793664], [5.3324265, 5.3793964], [5.3324065, 5.3794165], [5.3323965, 5.3794465], [5.3323765, 5.3794665], [5.3323565, 5.3794866], [5.3323464, 5.3795066], [5.3323264, 5.3795266], [5.3323064, 5.3795466], [5.3322964, 5.3795667], [5.3322763, 5.3795867], [5.3322563, 5.3796067], [5.3322363, 5.379637], [5.3322163, 5.379657], [5.3321967, 5.3796763], [5.3321767, 5.3796964], [5.3321567, 5.3797164], [5.3321366, 5.3797464], [5.3321166, 5.3797665], [5.3320966, 5.3797865], [5.3320866, 5.3798065], [5.3320665, 5.3798265], [5.3320465, 5.3798466], [5.3320265, 5.3798566], [5.3320165, 5.3798766], [5.3319964, 5.3798966], [5.3319764, 5.3799167], [5.3319664, 5.3799267], [5.3319464, 5.3799467], [5.3319364, 5.3799667], [5.3319163, 5.3799767], [5.3318963, 5.379997], [5.3318863, 5.3800063], [5.3318663, 5.3800263], [5.3318467, 5.3800464], [5.3318267, 5.3800664], [5.3318067, 5.3800764], [5.3317866, 5.3801064], [5.3317566, 5.3801265], [5.3317266, 5.3801565], [5.3316965, 5.3801866], [5.3316565, 5.3802166], [5.3316164, 5.3802567], [5.3315763, 5.3802867], [5.3315263, 5.3803267], [5.3314867, 5.3803563], [5.3314466, 5.3803964], [5.3314066, 5.3804264], [5.3313665, 5.3804665], [5.3313365, 5.3804965], [5.3312964, 5.3805165], [5.3312664, 5.3805466], [5.3312364, 5.3805666], [5.3312163, 5.3805966], [5.3311863, 5.3806167], [5.3311563, 5.3806367], [5.331136, 5.3806562], [5.3311067, 5.3806763], [5.3310866, 5.3806963], [5.3310566, 5.3807163], [5.3310366, 5.3807364], [5.3310165, 5.3807464], [5.3309865, 5.3807664], [5.3309565, 5.3807864], [5.3309264, 5.3808064], [5.3308964, 5.3808365], [5.3308663, 5.3808565], [5.3308363, 5.3808765], [5.3308163, 5.3808966], [5.330786, 5.3809166], [5.3307567, 5.3809366], [5.3307266, 5.3809566], [5.3307066, 5.3809767], [5.3306866, 5.380986], [5.3306665, 5.380996], [5.3306465, 5.3810163], [5.3306165, 5.3810263], [5.3305964, 5.3810463], [5.3305764, 5.3810563], [5.3305564, 5.3810763], [5.3305264, 5.3810964], [5.3304963, 5.3811064], [5.3304663, 5.3811264], [5.330436, 5.3811464], [5.3304067, 5.3811665], [5.3303766, 5.3811865], [5.3303566, 5.3812065], [5.3303266, 5.3812265], [5.3303065, 5.3812366], [5.3302765, 5.3812566], [5.3302565, 5.3812666], [5.3302364, 5.3812766], [5.3302164, 5.3812966], [5.3301964, 5.3813066], [5.3301764, 5.381316], [5.3301563, 5.381336], [5.3301363, 5.381346], [5.3301063, 5.3813663], [5.330076, 5.3813763], [5.3300467, 5.3813963], [5.3300166, 5.3814163], [5.3299766, 5.3814363], [5.3299365, 5.3814564], [5.3298965, 5.3814764], [5.3298564, 5.3814964], [5.3298163, 5.3815165], [5.3297663, 5.3815465], [5.329716, 5.3815665], [5.3296666, 5.3815966], [5.3296165, 5.3816166], [5.3295565, 5.381646], [5.3295064, 5.381666], [5.3294463, 5.381696], [5.3293962, 5.3817263], [5.3293366, 5.3817463], [5.3292766, 5.3817763], [5.3292165, 5.3817964], [5.3291564, 5.3818264], [5.3290963, 5.3818564], [5.3290462, 5.3818765], [5.3289866, 5.3818965], [5.3289266, 5.3819265], [5.3288665, 5.3819466], [5.3288064, 5.381976], [5.3287463, 5.381996], [5.328686, 5.382016], [5.3286266, 5.382036], [5.3285666, 5.382056], [5.3285165, 5.3820763], [5.3284564, 5.3820963], [5.3284063, 5.3821163], [5.3283463, 5.3821363], [5.328286, 5.3821564], [5.3282266, 5.3821764], [5.3281665, 5.3821864], [5.3280964, 5.3822064], [5.3280263, 5.3822265], [5.327946, 5.3822465], [5.3278766, 5.3822665], [5.3277965, 5.382286], [5.3277164, 5.382306], [5.3276463, 5.382316], [5.327566, 5.382336], [5.3274965, 5.382346], [5.3274264, 5.382366], [5.3273664, 5.382376], [5.3272963, 5.382386], [5.327236, 5.382396], [5.3271766, 5.382396], [5.3271165, 5.382406], [5.3270564, 5.3824162], [5.3269963, 5.3824263], [5.3269362, 5.3824263], [5.326876, 5.3824363], [5.3268166, 5.3824363], [5.3267465, 5.3824463], [5.3266864, 5.3824563], [5.3266263, 5.3824563], [5.326556, 5.3824663], [5.326496, 5.3824663], [5.3264365, 5.3824663], [5.3263865, 5.3824763], [5.3263264, 5.3824763], [5.3262763, 5.3824763], [5.326226, 5.3824863], [5.326176, 5.3824863], [5.3261266, 5.3824863], [5.3260865, 5.3824863], [5.3260565, 5.3824863], [5.3260164, 5.3824863], [5.3259864, 5.3824863], [5.3259563, 5.3824863], [5.3259263, 5.3824863], [5.3258963, 5.3824863], [5.325866, 5.3824763], [5.325826, 5.3824763], [5.325796, 5.3824763], [5.3257666, 5.3824763], [5.3257265, 5.3824763], [5.3256965, 5.3824763], [5.3256564, 5.3824763], [5.3256264, 5.3824663], [5.3255863, 5.3824663], [5.3255563, 5.3824663], [5.325516, 5.3824663], [5.325486, 5.3824663], [5.325446, 5.3824563], [5.3254166, 5.3824563], [5.3253865, 5.3824563], [5.3253465, 5.3824463], [5.3253164, 5.3824463], [5.3252764, 5.3824463], [5.3252363, 5.3824363], [5.3252063, 5.3824363], [5.325166, 5.3824263], [5.325126, 5.3824263], [5.325076, 5.3824162], [5.3250365, 5.3824162], [5.3249865, 5.382406], [5.3249364, 5.382406], [5.3248863, 5.382396], [5.3248363, 5.382386], [5.324776, 5.382376], [5.324716, 5.382376], [5.3246565, 5.382366], [5.3245964, 5.382356], [5.3245363, 5.382346], [5.3244762, 5.382336], [5.324406, 5.382326], [5.3243465, 5.382316], [5.3242764, 5.382306], [5.3242064, 5.382296], [5.3241463, 5.382286], [5.324076, 5.382276], [5.324006, 5.382256], [5.3239365, 5.3822465], [5.3238764, 5.3822365], [5.3238063, 5.3822165], [5.323736, 5.3822064], [5.323666, 5.3821864], [5.3235965, 5.3821664], [5.3235264, 5.3821564], [5.3234463, 5.3821363], [5.323376, 5.3821163], [5.323296, 5.3820963], [5.3232164, 5.3820763], [5.3231463, 5.382056], [5.323066, 5.382036], [5.322996, 5.382016], [5.3229165, 5.381996], [5.3228464, 5.381986], [5.3227763, 5.381966], [5.322716, 5.381946], [5.322656, 5.381926], [5.322596, 5.381916], [5.3225465, 5.3818965], [5.3224964, 5.3818865], [5.3224463, 5.3818665], [5.3223963, 5.3818564], [5.322346, 5.3818464], [5.322296, 5.3818264], [5.322246, 5.3818164], [5.3222065, 5.3818064], [5.3221564, 5.3817863], [5.3221064, 5.3817763], [5.3220663, 5.3817663], [5.3220263, 5.3817563], [5.321976, 5.3817463], [5.321936, 5.3817263], [5.321896, 5.3817163], [5.3218565, 5.381706], [5.3218164, 5.381696], [5.3217764, 5.381686], [5.3217363, 5.381676], [5.3216863, 5.381666], [5.321646, 5.381656], [5.321606, 5.381636], [5.321556, 5.381626], [5.3215065, 5.381616], [5.3214564, 5.381606], [5.3214064, 5.381586], [5.3213563, 5.381576], [5.321296, 5.3815665], [5.321246, 5.3815465], [5.321196, 5.3815365], [5.3211365, 5.3815265], [5.3210864, 5.3815064], [5.3210363, 5.3814964], [5.3209763, 5.3814864], [5.320926, 5.3814664], [5.320876, 5.3814564], [5.320816, 5.3814363], [5.3207664, 5.3814263], [5.3207064, 5.3814163], [5.3206563, 5.3813963], [5.320596, 5.3813863], [5.320546, 5.3813663], [5.320486, 5.3813562], [5.3204265, 5.381336], [5.3203764, 5.381326], [5.3203163, 5.381306], [5.3202662, 5.381296], [5.320206, 5.381276], [5.320146, 5.381256], [5.320096, 5.381246], [5.3200464, 5.3812265], [5.3199964, 5.3812165], [5.3199463, 5.3811965], [5.319896, 5.3811865], [5.319846, 5.3811765], [5.319806, 5.3811564], [5.319766, 5.3811464], [5.3197265, 5.3811364], [5.3196864, 5.3811264], [5.3196564, 5.3811164], [5.3196263, 5.3811164], [5.3195963, 5.3811064], [5.3195662, 5.3810964], [5.319546, 5.3810863], [5.319516, 5.3810863], [5.319496, 5.3810763], [5.319476, 5.3810663], [5.319446, 5.3810563], [5.319426, 5.3810563], [5.319396, 5.3810463], [5.3193765, 5.3810363], [5.3193464, 5.3810263], [5.3193064, 5.3810163], [5.3192763, 5.3810062], [5.3192363, 5.380996], [5.319196, 5.380986], [5.319146, 5.380966], [5.319096, 5.380956], [5.319046, 5.380936], [5.3189864, 5.380926], [5.3189263, 5.380906], [5.3188663, 5.3808866], [5.318796, 5.3808665], [5.318726, 5.3808465], [5.3186564, 5.3808265], [5.3185763, 5.3807964], [5.3185062, 5.3807764], [5.318426, 5.3807564], [5.318346, 5.3807263], [5.3182664, 5.3807063], [5.3181763, 5.3806763], [5.318096, 5.3806562], [5.318006, 5.380626], [5.3179064, 5.380606], [5.3178163, 5.380576], [5.317716, 5.3805566], [5.317626, 5.3805265], [5.3175263, 5.3805065], [5.317426, 5.3804765], [5.317336, 5.3804564], [5.3172464, 5.3804364], [5.3171563, 5.3804164], [5.317076, 5.3803964], [5.316996, 5.3803763], [5.316916, 5.3803563], [5.3168464, 5.3803363], [5.3167763, 5.3803163], [5.316716, 5.3803062], [5.316656, 5.380296], [5.316606, 5.380276], [5.316556, 5.380266], [5.3165064, 5.380256], [5.3164663, 5.380246], [5.3164263, 5.380236], [5.316386, 5.380226], [5.316356, 5.3802166], [5.316326, 5.3802066], [5.316296, 5.3801966], [5.316266, 5.3801866], [5.316236, 5.3801765], [5.316206, 5.3801665], [5.3161764, 5.3801565], [5.3161564, 5.3801565], [5.3161263, 5.3801465], [5.3160963, 5.3801365], [5.3160563, 5.3801265], [5.316026, 5.3801165], [5.315996, 5.3801064], [5.315956, 5.3800964], [5.315926, 5.3800764], [5.315886, 5.3800664], [5.315856, 5.3800564], [5.3158164, 5.3800464], [5.3157864, 5.3800364], [5.3157563, 5.3800263], [5.3157263, 5.3800263], [5.3156962, 5.3800163], [5.315666, 5.3800063], [5.315636, 5.3799963], [5.315606, 5.3799863], [5.315576, 5.3799763], [5.315546, 5.3799663], [5.315506, 5.3799562], [5.315476, 5.379946], [5.3154364, 5.379936], [5.3153963, 5.379926], [5.3153663, 5.379916], [5.315326, 5.379906], [5.315286, 5.379886], [5.315246, 5.3798766], [5.315206, 5.3798766], [5.315176, 5.3798666], [5.315136, 5.3798566], [5.3150964, 5.3798466], [5.3150663, 5.3798366], [5.3150263, 5.3798265], [5.3149962, 5.3798165], [5.314956, 5.3798065], [5.314926, 5.3798065], [5.314896, 5.3797965], [5.314856, 5.3797865], [5.314826, 5.3797765], [5.314796, 5.3797665], [5.314766, 5.3797565], [5.3147264, 5.3797565], [5.3146963, 5.3797464], [5.3146663, 5.3797364], [5.314626, 5.3797264], [5.314596, 5.3797164], [5.314566, 5.3797064], [5.314526, 5.3796964], [5.314496, 5.3796864], [5.314466, 5.3796763], [5.314426, 5.3796763], [5.3143964, 5.3796663], [5.3143663, 5.3796563], [5.3143263, 5.3796463], [5.3142962, 5.3796363], [5.314266, 5.3796263], [5.314226, 5.3796263], [5.314196, 5.3796163], [5.314156, 5.3796062], [5.314116, 5.379596], [5.314086, 5.379586], [5.3140464, 5.379576], [5.3140063, 5.379566], [5.3139663, 5.379556], [5.313926, 5.379546], [5.313886, 5.3795366], [5.313846, 5.3795266], [5.313806, 5.3795166], [5.313776, 5.3795066], [5.313736, 5.3794966], [5.3136964, 5.3794866], [5.3136563, 5.3794866], [5.3136263, 5.3794765], [5.3135962, 5.3794665], [5.313556, 5.3794565], [5.313526, 5.3794565], [5.313496, 5.3794465], [5.313466, 5.3794365], [5.313436, 5.3794265], [5.313406, 5.3794165], [5.313376, 5.3794165], [5.313346, 5.3794065], [5.3133163, 5.3793964], [5.3132863, 5.3793864], [5.3132563, 5.3793764], [5.313226, 5.3793764], [5.313196, 5.3793664], [5.313166, 5.3793564], [5.313146, 5.3793464], [5.313116, 5.3793464], [5.313096, 5.3793364], [5.313076, 5.3793364], [5.313066, 5.3793263], [5.313046, 5.3793263], [5.313036, 5.3793163], [5.313016, 5.3793163], [5.313006, 5.3793063], [5.312996, 5.3793063], [5.3129764, 5.3792963], [5.3129563, 5.3792963], [5.3129463, 5.3792863], [5.3129263, 5.3792863], [5.3129063, 5.3792763], [5.312886, 5.3792663], [5.312866, 5.3792663], [5.312846, 5.3792562], [5.312816, 5.3792562], [5.312796, 5.379246], [5.312776, 5.379236], [5.312746, 5.379226], [5.312716, 5.379226], [5.312696, 5.379216], [5.312666, 5.3792067], [5.312636, 5.3791966], [5.3126063, 5.3791966], [5.3125663, 5.3791866], [5.3125362, 5.3791766], [5.312496, 5.3791666], [5.312466, 5.3791566], [5.312426, 5.3791466], [5.312376, 5.3791366], [5.312336, 5.3791265], [5.312286, 5.3791165], [5.3122363, 5.3791065], [5.312176, 5.3790865], [5.312126, 5.3790765], [5.312066, 5.3790565], [5.312006, 5.3790464], [5.311946, 5.3790364], [5.3118863, 5.3790164], [5.311826, 5.3789964], [5.311766, 5.3789864], [5.311706, 5.3789663], [5.311656, 5.3789563], [5.311596, 5.3789363], [5.3115463, 5.3789263], [5.3114862, 5.3789062], [5.311436, 5.378896], [5.311396, 5.378886], [5.311346, 5.378876], [5.311306, 5.3788567], [5.311266, 5.3788466], [5.311226, 5.3788366], [5.3111863, 5.3788266], [5.3111563, 5.3788266], [5.311126, 5.3788166], [5.311086, 5.3788066], [5.311056, 5.3787966], [5.311026, 5.3787866], [5.310996, 5.3787866], [5.310966, 5.3787766], [5.310936, 5.3787665], [5.310906, 5.3787565], [5.310886, 5.3787565], [5.310856, 5.3787465], [5.3108263, 5.3787365], [5.3108063, 5.3787365], [5.310776, 5.3787265], [5.310756, 5.3787165], [5.310736, 5.3787065], [5.310706, 5.3787065], [5.310686, 5.3786964], [5.310666, 5.3786864], [5.310636, 5.3786764], [5.310616, 5.3786764], [5.310596, 5.3786664], [5.308826, 5.378258], [5.308768, 5.3782415], [5.3087087, 5.3782244], [5.3087087, 5.37816], [5.3087087, 5.3780923], [5.3086047, 5.378105]]}, "properties": {"admin_area_name": "Nigeria", "fluid": "OIL", "mps_created_time": "Sep 8, 2021 12:13:18 PM", "mps_datasource_tags": "Data derived from Shell World Map, 2019, (https://reports.shell.com/investors-handbook/2019/servicepages/worldmap.php). Last Accessed Jan 2021", "mps_est_elevation_end_m": "-10.0", "mps_est_elevation_start_m": "-8.0", "mps_est_length_km": "4.46121374718911", "mps_est_shore_status": "OFFSHORE", "mps_uuid": "45c3b650-ae6e-404b-8eaa-8eaf3542e932", "name": "NIGERIA PIPELINE", "status": "OPERATIONAL", "updt": "May 28, 2025 9:01:22 PM"}}, {"type": "Feature", "id": "mps_mapping_pipeline.c3e3c626-0730-43a0-a8e9-03814d2e0a96", "geometry": {"type": "LineString", "coordinates": [[5.180142423246794, 5.618889395453378], [5.143648731973977, 5.6917316738587616], [5.119848355151645, 5.865396596077468], [5.056967146192271, 5.957447035048416]]}, "properties": {"admin_area_name": "Nigeria", "fluid": "OIL", "mps_created_time": "Jan 1, 1900 12:00:00 AM", "mps_datasource_tags": "Inferred from satellite imagery and NG oil spill data.", "mps_est_elevation_end_m": "4.0", "mps_est_elevation_start_m": "5.0", "mps_est_length_km": "40.7308261729364", "mps_est_shore_status": "BOTH", "mps_uuid": "c3e3c626-0730-43a0-a8e9-03814d2e0a96", "name": "OPUAMA-ESCRAVOS", "status": "OPERATIONAL", "updt": "Aug 17, 2022 11:19:36 AM"}}, {"type": "Feature", "id": "mps_mapping_pipeline.cdb94e4a-c157-4fee-898d-3c0c3bd47492", "geometry": {"type": "LineString", "coordinates": [[5.578351765792316, 5.561396206001575], [5.615271466859858, 5.5658138886839685], [5.6315583, 5.5692917], [5.6376389, 5.572], [5.669536088712825, 5.577884858790984], [5.6719444, 5.5806667], [5.714726954124806, 5.572937403355967], [5.721446734535855, 5.5730742624274745], [5.7347222, 5.5732222], [5.7518244975354325, 5.573269221599034], [5.793203643933268, 5.573904358151571], [5.820922750661525, 5.573108477195345], [5.8348002605124485, 5.571630399223057], [5.851271003249031, 5.562344872895385], [5.8866111, 5.5414444], [5.916023174780254, 5.527539389816316]]}, "properties": {"admin_area_name": "Nigeria", "fluid": "OIL", "mps_created_time": "Jan 1, 1900 12:00:00 AM", "mps_datasource_tags": "Inferred from satellite imagery and NG oil spill data.", "mps_est_elevation_end_m": "14.0", "mps_est_elevation_start_m": "5.0", "mps_est_length_km": "39.0783037468315", "mps_est_shore_status": "ONSHORE", "mps_uuid": "cdb94e4a-c157-4fee-898d-3c0c3bd47492", "name": "RAPELE LINE", "status": "OPERATIONAL", "updt": "Aug 17, 2022 11:19:38 AM"}}, {"type": "Feature", "id": "mps_mapping_pipeline.c6399795-6946-48c6-93a1-f60e264435c9", "geometry": {"type": "LineString", "coordinates": [[5.193355743789641, 5.60968424360261], [5.208060130126019, 5.629998654798149], [5.220158472047331, 5.651731875353628], [5.228479503595021, 5.672643941480058], [5.239172677069345, 5.688708340340105], [5.248515083635676, 5.696618131701918]]}, "properties": {"admin_area_name": "Nigeria", "fluid": "OIL", "mps_created_time": "Jan 1, 1900 12:00:00 AM", "mps_datasource_tags": "Inferred from satellite imagery and NG oil spill data.", "mps_est_elevation_end_m": "5.0", "mps_est_elevation_start_m": "6.0", "mps_est_length_km": "11.5065512644561", "mps_est_shore_status": "ONSHORE", "mps_uuid": "c6399795-6946-48c6-93a1-f60e264435c9", "name": "ABITEYE - ESCRAVOS", "status": "OPERATIONAL", "updt": "Feb 13, 2023 2:00:02 PM"}}, {"type": "Feature", "id": "mps_mapping_pipeline.98f8e23e-3530-403a-a46b-74874c6a01a9", "geometry": {"type": "LineString", "coordinates": [[5.705895556659423, 6.040646961747386], [5.689264065937334, 6.041547769849185], [5.666157586014117, 6.047788923226682], [5.590096240655934, 5.982125498304503], [5.526703118733371, 5.963786382722417], [5.521885679416287, 5.963731639093814], [5.517779907271043, 5.966523564152579], [5.496236712652905, 5.999022711045956], [5.491858799127407, 6.002189038187595], [5.470946733000967, 6.003393398016867], [5.460928648966573, 6.001148909244133], [5.453155053704911, 6.002462756330611]]}, "properties": {"admin_area_name": "Nigeria", "fluid": "OIL", "mps_created_time": "Jan 1, 1900 12:00:00 AM", "mps_datasource_tags": "Inferred from satellite imagery and NG oil spill data.", "mps_est_elevation_end_m": "11.0", "mps_est_elevation_start_m": "36.0", "mps_est_length_km": "33.2414236649613", "mps_est_shore_status": "ONSHORE", "mps_uuid": "98f8e23e-3530-403a-a46b-74874c6a01a9", "name": "OZIENGBE/OREDO EXPORT LINE", "status": "OPERATIONAL", "updt": "Feb 13, 2023 1:33:03 PM"}}, {"type": "Feature", "id": "mps_mapping_pipeline.b83d487c-cb57-4a89-8b04-5503faa8d40e", "geometry": {"type": "LineString", "coordinates": [[5.72019567892299, 6.039686101388465], [5.766831440490308, 6.049497474019361], [5.864380996594585, 6.053322946807764], [6.0661944, 6.4983056], [6.1977222, 6.8084167], [6.2671667, 7.0405833], [6.324210118479291, 7.14527239043699], [6.387665424286305, 7.385932513201367], [6.428088804281884, 7.572538116204214], [6.478853048927494, 7.706969356654628], [6.529448686367233, 7.788824535157841], [6.655540980650697, 7.883587498103814], [6.81799246251316, 8.221206192432703], [6.935805815947264, 8.428769396024265], [6.949167540937938, 8.797998658121173], [6.943406427492228, 8.876622642751792], [6.936830062143824, 8.902236251960364], [6.934329956308893, 8.986769884135803], [6.966532406465339, 9.178232836406576], [6.984522298451472, 9.214233027460175], [7.002593715627872, 9.246152631862005], [7.004930771082265, 9.281126756567879], [7.008626579707814, 9.345165410816362], [7.024388116493245, 9.361468181981074], [7.035366842116202, 9.414071573641454], [7.05134577940902, 9.487869042533443], [7.189945285089651, 10.150212683499198], [7.295624766595378, 10.288808724818184], [7.486065268989312, 10.416349169286462], [7.490800523790793, 10.438391660833243], [7.495107771343362, 10.45278291470092], [7.496901325529294, 10.457138910252164], [7.499890582505841, 10.46597097126764], [7.503307846731303, 10.475771458661958], [7.507221055864238, 10.484643070897915], [7.507275405991084, 10.485952413831466], [7.507710207005856, 10.486727328469188], [7.508145008020626, 10.48739535677227], [7.511473953289962, 10.496854482752129], [7.518648170033677, 10.517882632611958], [7.519952573077989, 10.54160771906241], [7.521936352707879, 10.577405626427664], [7.523716319362096, 10.609059252047324], [7.525047897469831, 10.63222976702526], [7.53665164955152, 10.656520193383702], [7.550021780755715, 10.677857847836172], [7.563269624174507, 10.69988827182758], [7.565063178360434, 10.701837553529943], [7.567264358497711, 10.70520203766707], [7.567807859766174, 10.706991073546265], [7.577278369369145, 10.72302516962699], [7.580512201916502, 10.739605747488461], [7.586517890933018, 10.769974412718224], [7.587115742328328, 10.771149051286967], [7.61911, 10.94751], [7.644074675263269, 11.038832772313468], [7.661738466488324, 11.07761167576412], [7.68690257521817, 11.097292538270256], [7.689406077936027, 11.10119921849793], [7.691811071048978, 11.102852541831224], [7.69282334216149, 11.104292525493303], [7.420340373792517, 11.327172332830909], [7.024444828631523, 11.83179229804352], [6.764158010710951, 12.092465031718303], [6.696573627977506, 12.145072548694188], [6.663800501489152, 12.171691182741704], [6.637783775144386, 12.207211745835457], [6.627715414146099, 12.218088094632986]]}, "properties": {"admin_area_name": "Nigeria", "fluid": "PRODUCT", "mps_created_time": "Jan 1, 1900 12:00:00 AM", "mps_datasource_tags": "Inferred from satellite imagery and NG oil spill data.", "mps_est_elevation_end_m": "443.0", "mps_est_elevation_start_m": "36.0", "mps_est_length_km": "797.651654781776", "mps_est_shore_status": "ONSHORE", "mps_uuid": "b83d487c-cb57-4a89-8b04-5503faa8d40e", "name": "SYSTEM 2C", "status": "OPERATIONAL", "updt": "Feb 13, 2023 3:57:48 PM"}}, {"type": "Feature", "id": "mps_mapping_pipeline.bcd502ff-9ca7-4e38-b98c-f504ada32f4b", "geometry": {"type": "LineString", "coordinates": [[5.276728838371902, 5.670225649379731], [5.2888889, 5.6861111], [5.300563176558313, 5.6919958141913], [5.302465517652276, 5.694117129799674], [5.306092283047239, 5.699221973166924], [5.3316667, 5.6994444], [5.3334667, 5.7000194], [5.33896559208867, 5.721008274552853], [5.392491414890276, 5.766789296770454], [5.4341667, 5.7830556]]}, "properties": {"admin_area_name": "Nigeria", "fluid": "OIL", "mps_created_time": "Jan 1, 1900 12:00:00 AM", "mps_datasource_tags": "Inferred from satellite imagery and NG oil spill data.", "mps_est_elevation_end_m": "7.0", "mps_est_elevation_start_m": "7.0", "mps_est_length_km": "22.861879473272", "mps_est_shore_status": "BOTH", "mps_uuid": "bcd502ff-9ca7-4e38-b98c-f504ada32f4b", "name": "MAKARABA/UTIBABA/ABITEYE PIPELINE", "status": "OPERATIONAL", "updt": "Feb 13, 2023 2:00:04 PM"}}, {"type": "Feature", "id": "mps_mapping_pipeline.32758ebb-b5b9-4da3-99eb-daafb71330fc", "geometry": {"type": "LineString", "coordinates": [[5.146406, 5.6565557], [5.1468444, 5.6563554], [5.1468706, 5.656077], [5.1472845, 5.6554947], [5.146763, 5.6543508], [5.1465955, 5.653069], [5.146182, 5.651969], [5.1456842, 5.6508], [5.1455474, 5.6504116], [5.145139, 5.6492543], [5.1449666, 5.6487637], [5.145303, 5.64836], [5.14545, 5.6481833], [5.146379, 5.647072], [5.147534, 5.6456842], [5.148687, 5.6442995], [5.149827, 5.642934], [5.1509757, 5.6415567], [5.151089, 5.6414213], [5.152158, 5.6401424], [5.1533036, 5.638774], [5.154462, 5.6373935], [5.1556177, 5.6360073], [5.1567764, 5.63462], [5.1568937, 5.634479], [5.1579094, 5.63326], [5.1590633, 5.631873], [5.1602154, 5.63049], [5.1613708, 5.629106], [5.162512, 5.6277366], [5.162674, 5.6275425], [5.1636806, 5.6263385], [5.1648145, 5.6249814], [5.165962, 5.6236033], [5.167135, 5.622202], [5.1674814, 5.621786], [5.168293, 5.6208134], [5.168408, 5.6206765], [5.1694236, 5.6194606], [5.1707134, 5.617945], [5.172921, 5.6153164], [5.1740746, 5.6139402], [5.1741323, 5.613871], [5.174941, 5.612899], [5.1752877, 5.6124825], [5.176387, 5.6111755], [5.1765623, 5.6109667], [5.1769004, 5.6105647], [5.177539, 5.609805], [5.1787047, 5.6084685], [5.1793766, 5.6078634], [5.180408, 5.6070023], [5.1813354, 5.6062346], [5.1821346, 5.605568], [5.1835427, 5.604425], [5.1838465, 5.604173], [5.1841745, 5.603898], [5.1847744, 5.6033983], [5.1850324, 5.6031837], [5.1860757, 5.6023154], [5.18636, 5.6020823], [5.187098, 5.601479], [5.187335, 5.6012807], [5.1875806, 5.6010733], [5.187834, 5.600865], [5.188032, 5.6007], [5.1882787, 5.6004915], [5.1884236, 5.60037], [5.188663, 5.6001706], [5.1888156, 5.600043], [5.194125, 5.5957046], [5.2014647, 5.5897074], [5.204597, 5.587147], [5.2055626, 5.586364], [5.2057524, 5.5864367], [5.2058287, 5.586373], [5.20734, 5.585145], [5.2075243, 5.584986], [5.207769, 5.5847793], [5.2078657, 5.5846987], [5.2084455, 5.5846415]]}, "properties": {"admin_area_name": "Nigeria", "fluid": "GAS", "mps_created_time": "Sep 8, 2021 12:13:30 PM", "mps_datasource_tags": "Data derived from Shell World Map, 2019, (https://reports.shell.com/investors-handbook/2019/servicepages/worldmap.php). Last Accessed Jan 2021", "mps_est_elevation_end_m": "6.0", "mps_est_elevation_start_m": "5.0", "mps_est_length_km": "11.0119310139112", "mps_est_shore_status": "BOTH", "mps_uuid": "32758ebb-b5b9-4da3-99eb-daafb71330fc", "name": "NIGERIA PIPELINE", "status": "OPERATIONAL", "updt": "May 28, 2025 9:01:29 PM"}}, {"type": "Feature", "id": "mps_mapping_pipeline.90185e98-492a-4281-8136-a14c4ae29307", "geometry": {"type": "LineString", "coordinates": [[5.3216777, 5.411421], [5.3215475, 5.4114804], [5.321486, 5.411506], [5.321397, 5.4115515], [5.321385, 5.4115562], [5.3213744, 5.4115505], [5.32119, 5.4110937], [5.3211594, 5.4110208], [5.32116, 5.411005], [5.3211627, 5.410995], [5.3213334, 5.4109235], [5.3213444, 5.410914], [5.3213453, 5.410898], [5.321348, 5.410877], [5.3213205, 5.4100327], [5.321382, 5.409712]]}, "properties": {"admin_area_name": "Nigeria", "fluid": "GAS", "mps_created_time": "Sep 8, 2021 12:13:34 PM", "mps_datasource_tags": "Data derived from Shell World Map, 2019, (https://reports.shell.com/investors-handbook/2019/servicepages/worldmap.php). Last Accessed Jan 2021", "mps_est_elevation_end_m": "16.0", "mps_est_elevation_start_m": "16.0", "mps_est_length_km": "0.258956944178548", "mps_est_shore_status": "OFFSHORE", "mps_uuid": "90185e98-492a-4281-8136-a14c4ae29307", "name": "NIGERIA PIPELINE", "status": "OPERATIONAL", "updt": "May 28, 2025 9:01:31 PM"}}, {"type": "Feature", "id": "mps_mapping_pipeline.2de4c726-b74b-4fa3-9334-6c8e816700f7", "geometry": {"type": "LineString", "coordinates": [[5.191990951715501, 5.610032822455911], [5.228320992060777, 5.685417098478859], [5.257887461065178, 5.704261629869778], [5.274216654731007, 5.729450801534239], [5.290062736158203, 5.743390896354864], [5.314411592985355, 5.763483260216563], [5.329774562173915, 5.783286521051855], [5.363785663773748, 5.797994319677851], [5.385187535945233, 5.804290678428311], [5.411468841726925, 5.816402560006273], [5.421227708947329, 5.818901804713732], [5.455528677890345, 5.819959174130391], [5.475046412331157, 5.821401038311342], [5.526183842790565, 5.832166840534518], [5.56519515606026, 5.842067351277206], [5.612057043207758, 5.850333663063304], [5.633724627110493, 5.853553646801772], [5.676673305125055, 5.859464911933047], [5.684294400689508, 5.86047414606802], [5.685212313942911, 5.860498175429949], [5.685381403226432, 5.859777294122171]]}, "properties": {"admin_area_name": "Nigeria", "decommissioning_year": "2047", "description": "The Amukpe-Escravos Pipeline Project (AEPP) is a 20\u201dX67km Crude Oil pipeline which will serve as an alternative (ultimately the mainstay) to the existing Seplat/Shell 24\u201d/28\u201d export pipeline to Forcados.\n\nThis pipeline is installed using the Continuous Horizontal Directional Drilling (CHDD) method to discourage vandalism and community restiveness along its ROW. Even though this pipeline is designed to transport Pan Ocean crude, the plan is to accommodate other neighbouring Producers (injectors) on Tariff.\n\nThe Amukpe-Escravos Pipeline construction and installation started on October 15, 2011. The pipeline has 160,000 bopd capacity. The pipeline is designed to ANSI ASME 31.4 with a design pressure of 1480 psi (102 bar) 600# class rating.", "fluid": "OIL", "installation_year": "2022", "mps_created_time": "Feb 13, 2023 2:00:04 PM", "mps_datasource_tags": "https://www.seplatenergy.com/news-insights/news/commissioning-of-amukpe-escravos-pipeline/, http://www.panoceanoilnigeria.com/amukpe-excravos-pipeline-project-aepp/", "mps_est_elevation_end_m": "13.0", "mps_est_elevation_start_m": "6.0", "mps_est_length_km": "65.7006197136826", "mps_est_shore_status": "ONSHORE", "mps_uuid": "2de4c726-b74b-4fa3-9334-6c8e816700f7", "name": "AMUKPE TO ESCRAVOS", "operator_group_name": "SEPLAT ENERGY PLC (GROUP)", "optr_name": "SEPLAT ENERGY PLC", "status": "OPERATIONAL", "updt": "Feb 14, 2023 9:35:53 AM"}}, {"type": "Feature", "id": "mps_mapping_pipeline.6ec25c2c-f545-47a2-aa76-87f395c9e2b1", "geometry": {"type": "LineString", "coordinates": [[5.431941897621151, 6.061120554378989], [5.4736111, 6.0791667], [5.480225778049215, 6.082689544048668], [5.533436585051571, 6.095992245799256], [5.567268147528377, 6.071905049213828], [5.5748227682756255, 6.065226326524232], [5.584895595938622, 6.064897864752613]]}, "properties": {"admin_area_name": "Nigeria", "fluid": "OIL", "mps_created_time": "Jan 1, 1900 12:00:00 AM", "mps_datasource_tags": "Inferred from satellite imagery and NG oil spill data.", "mps_est_elevation_end_m": "21.0", "mps_est_elevation_start_m": "13.0", "mps_est_length_km": "18.7536346395808", "mps_est_shore_status": "ONSHORE", "mps_uuid": "6ec25c2c-f545-47a2-aa76-87f395c9e2b1", "name": "OZIENGBE/OREDO EXPORT LINE", "status": "OPERATIONAL", "updt": "Aug 17, 2022 11:19:39 AM"}}, {"type": "Feature", "id": "mps_mapping_pipeline.9ec404b1-7fa8-465b-a823-082f24f5dbc6", "geometry": {"type": "LineString", "coordinates": [[5.1776056, 5.171884], [5.1758757, 5.171824], [5.1732254, 5.171544], [5.1701455, 5.171194], [5.1671357, 5.170794], [5.1649356, 5.170504], [5.1640053, 5.170404]]}, "properties": {"admin_area_name": "Nigeria", "fluid": "OIL", "mps_created_time": "Sep 8, 2021 12:13:16 PM", "mps_datasource_tags": "Data derived from Shell World Map, 2019, (https://reports.shell.com/investors-handbook/2019/servicepages/worldmap.php). Last Accessed Jan 2021", "mps_est_elevation_end_m": "-24.0", "mps_est_elevation_start_m": "-20.0", "mps_est_length_km": "1.51739448207428", "mps_est_shore_status": "OFFSHORE", "mps_uuid": "9ec404b1-7fa8-465b-a823-082f24f5dbc6", "name": "NIGERIA PIPELINE", "status": "OPERATIONAL", "updt": "May 28, 2025 9:01:21 PM"}}, {"type": "Feature", "id": "mps_mapping_pipeline.020996e1-57a7-4b88-920d-a2951140b6d4", "geometry": {"type": "LineString", "coordinates": [[5.307456, 5.3782163], [5.307916, 5.3787465], [5.308636, 5.379226], [5.309356, 5.379556], [5.310196, 5.3797364], [5.310281, 5.3797317], [5.3104014, 5.379816], [5.3107224, 5.379947], [5.3110156, 5.3800125], [5.311326, 5.380108], [5.3115387, 5.3801794], [5.3117642, 5.380343], [5.3119183, 5.3804865], [5.3120713, 5.3805795], [5.312289, 5.380647], [5.3126764, 5.3807573], [5.3130136, 5.3807645], [5.313404, 5.3807564], [5.313694, 5.3806868], [5.3141184, 5.3806877], [5.3144326, 5.380727], [5.3148394, 5.380771], [5.315204, 5.380852], [5.315572, 5.380934], [5.315824, 5.381019], [5.3160543, 5.381127], [5.3162813, 5.3812127], [5.316726, 5.3813314], [5.3179417, 5.381422], [5.319151, 5.3813987], [5.3197355, 5.3813553], [5.3203106, 5.3813024], [5.321081, 5.381133], [5.322018, 5.380915], [5.322767, 5.3806763], [5.323534, 5.3804355], [5.3241224, 5.380218], [5.3246875, 5.379985], [5.324819, 5.3799286], [5.3249264, 5.3798866], [5.325846, 5.3796067], [5.3264365, 5.3793764], [5.3272862, 5.3790865], [5.3279862, 5.3788366], [5.3283563, 5.3787065], [5.3292165, 5.3783965], [5.3301663, 5.3778567], [5.3309965, 5.377177], [5.3315067, 5.376657], [5.3317666, 5.375987], [5.3320165, 5.375427], [5.3322964, 5.374697], [5.332597, 5.3733873], [5.3326964, 5.3723874], [5.3326764, 5.371507], [5.332607, 5.370837], [5.3324165, 5.3695374], [5.331917, 5.3687778], [5.3303967, 5.367458], [5.3291764, 5.3662877], [5.3269963, 5.364748], [5.3249464, 5.3624883], [5.3255467, 5.3621283], [5.3259563, 5.361988], [5.3262963, 5.3617783], [5.3282566, 5.3607883], [5.3309364, 5.3596883], [5.331947, 5.359268], [5.3327265, 5.3587785], [5.334047, 5.3565288], [5.336867, 5.354479], [5.339737, 5.3523693], [5.341237, 5.3513293], [5.342617, 5.3502593], [5.344657, 5.3487797], [5.345387, 5.3482494], [5.346027, 5.3478794], [5.346417, 5.34781]]}, "properties": {"admin_area_name": "Nigeria", "fluid": "GAS", "mps_created_time": "Sep 8, 2021 12:13:15 PM", "mps_datasource_tags": "Data derived from Shell World Map, 2019, (https://reports.shell.com/investors-handbook/2019/servicepages/worldmap.php). Last Accessed Jan 2021", "mps_est_elevation_end_m": "7.0", "mps_est_elevation_start_m": "-9.0", "mps_est_length_km": "7.75813509275707", "mps_est_shore_status": "BOTH", "mps_uuid": "020996e1-57a7-4b88-920d-a2951140b6d4", "name": "NIGERIA PIPELINE", "status": "OPERATIONAL", "updt": "May 28, 2025 9:01:20 PM"}}, {"type": "Feature", "id": "mps_mapping_pipeline.3c38aba8-7486-492d-95ad-234fab3a30b7", "geometry": {"type": "LineString", "coordinates": [[5.730114577072441, 5.578444123086485], [5.740008715719665, 5.594445735321923], [5.742482250381471, 5.604908091340087], [5.74990285436689, 5.613524008477907], [5.772164666323144, 5.635063243768926], [5.79937354760301, 5.688600161066753], [5.841, 5.7606389], [5.865, 5.8273056], [5.9423583, 6.038], [5.9820278, 6.1395833], [6.0040278, 6.2889722], [6.0199583, 6.3701306], [6.037243378541336, 6.434470878797553], [6.0704444, 6.5132778]]}, "properties": {"admin_area_name": "Nigeria", "fluid": "OIL", "mps_created_time": "Jan 1, 1900 12:00:00 AM", "mps_datasource_tags": "Inferred from satellite imagery and NG oil spill data.", "mps_est_elevation_end_m": "145.0", "mps_est_elevation_start_m": "8.0", "mps_est_length_km": "111.199396722363", "mps_est_shore_status": "ONSHORE", "mps_uuid": "3c38aba8-7486-492d-95ad-234fab3a30b7", "name": "2C PIPELINE", "status": "OPERATIONAL", "updt": "Feb 13, 2023 12:48:59 PM"}}, {"type": "Feature", "id": "mps_mapping_pipeline.3f2f85dd-c0b1-4134-ae5e-8af362996814", "geometry": {"type": "LineString", "coordinates": [[5.347447096000053, 5.346669746000024], [5.345597079000073, 5.3469596670000215], [5.343857119000063, 5.340830242000045], [5.337497211000027, 5.320052072000063], [5.333517271000062, 5.306233254000067], [5.332137294000063, 5.302763587000078], [5.330577274000063, 5.300713730000042], [5.3274172200000285, 5.297873981000045], [5.323547204000022, 5.2949841700000135], [5.320977196000058, 5.292624387000043], [5.315137089000076, 5.28799472400004], [5.302686997000023, 5.277335602000046], [5.298106937000057, 5.27374586600007], [5.2949669070000605, 5.270826077000045], [5.2858568010000235, 5.263406671000042], [5.280236775000049, 5.258237079000021], [5.274806689000059, 5.25377741900008], [5.261766554000076, 5.242488354000057], [5.260846586000071, 5.241548400000049], [5.245606409000061, 5.228609439000018], [5.240886377000038, 5.2241097890000665], [5.235156310000036, 5.2193501740000485], [5.230056237000041, 5.215580471000058], [5.217806147000034, 5.205331281000039], [5.21576611200004, 5.203381434000037], [5.209096046000071, 5.198371819000035], [5.207776025000044, 5.197051916000016], [5.197705903000042, 5.188692556000017], [5.196375916000022, 5.187422660000024], [5.192265849000023, 5.184412904000048], [5.189565826000035, 5.1820130760000325], [5.187355817000025, 5.1805831840000485], [5.18006572500002, 5.174303680000035], [5.177605707000055, 5.171883880000067]]}, "properties": {"admin_area_name": "Nigeria", "category": "Hydrocarbon", "fluid": "OIL", "mps_created_time": "Jan 1, 1900 12:00:00 AM", "mps_datasource_tags": "Sourced from Shell Handbook 2018", "mps_est_elevation_end_m": "-20.0", "mps_est_elevation_start_m": "7.0", "mps_est_length_km": "27.7683308860371", "mps_est_shore_status": "BOTH", "mps_uuid": "3f2f85dd-c0b1-4134-ae5e-8af362996814", "name": "48\" FORCADOS TERMINAL - FORCADOS OFFSHORE M/F", "operator_group_name": "SHELL PLC (GROUP)", "optr_name": "ROYAL DUTCH SHELL NIGERIA", "status": "OPERATIONAL", "updt": "May 29, 2025 12:43:43 PM"}}, {"type": "Feature", "id": "mps_mapping_pipeline.58651938-27e4-4a81-a1a8-2991b7d23b4d", "geometry": {"type": "LineString", "coordinates": [[5.319956, 5.408504], [5.319746, 5.408334], [5.320266, 5.408014], [5.320826, 5.409134], [5.322816, 5.410464]]}, "properties": {"admin_area_name": "Nigeria", "fluid": "OIL", "mps_created_time": "Sep 8, 2021 12:13:31 PM", "mps_datasource_tags": "Data derived from Shell World Map, 2019, (https://reports.shell.com/investors-handbook/2019/servicepages/worldmap.php). Last Accessed Jan 2021", "mps_est_elevation_end_m": "16.0", "mps_est_elevation_start_m": "13.0", "mps_est_length_km": "0.501168150937496", "mps_est_shore_status": "OFFSHORE", "mps_uuid": "58651938-27e4-4a81-a1a8-2991b7d23b4d", "name": "NIGERIA PIPELINE", "status": "OPERATIONAL", "updt": "May 28, 2025 9:01:29 PM"}}, {"type": "Feature", "id": "mps_mapping_pipeline.8fb1b906-6693-493f-a9a3-302337087dbd", "geometry": {"type": "LineString", "coordinates": [[5.321532, 5.4111214], [5.321248, 5.4112473], [5.321245, 5.411253], [5.3213673, 5.4115534]]}, "properties": {"admin_area_name": "Nigeria", "fluid": "GAS", "mps_created_time": "Sep 8, 2021 12:13:40 PM", "mps_datasource_tags": "Data derived from Shell World Map, 2019, (https://reports.shell.com/investors-handbook/2019/servicepages/worldmap.php). Last Accessed Jan 2021", "mps_est_elevation_end_m": "16.0", "mps_est_elevation_start_m": "16.0", "mps_est_length_km": "0.0710074275923672", "mps_est_shore_status": "OFFSHORE", "mps_uuid": "8fb1b906-6693-493f-a9a3-302337087dbd", "name": "NIGERIA PIPELINE", "status": "OPERATIONAL", "updt": "May 28, 2025 9:01:33 PM"}}, {"type": "Feature", "id": "mps_mapping_pipeline.1bfb2ea8-285a-4fe7-9285-64132ba42a70", "geometry": {"type": "LineString", "coordinates": [[5.26363, 5.431372], [5.26385, 5.431913], [5.2641916, 5.4327483], [5.264463, 5.4334016], [5.2648396, 5.4343057], [5.2650776, 5.434786], [5.2651334, 5.4348845], [5.2651467, 5.434899], [5.2651615, 5.434902], [5.265179, 5.4348955], [5.265412, 5.4347425], [5.2657194, 5.4345098], [5.266911, 5.4335823], [5.268749, 5.4326525], [5.271026, 5.431831], [5.2719493, 5.4315367], [5.2731767, 5.431109], [5.2741504, 5.4308124], [5.2753096, 5.4304595], [5.276169, 5.430183], [5.277028, 5.4299064], [5.2785277, 5.4294243], [5.279263, 5.429182], [5.2804666, 5.428791], [5.2808094, 5.4297547], [5.281066, 5.4304767], [5.2813487, 5.431233], [5.281716, 5.4322543], [5.281733, 5.4322968], [5.2817616, 5.4323063], [5.2817903, 5.432299], [5.281913, 5.4322557], [5.2823534, 5.432094], [5.283031, 5.431852], [5.28375, 5.431597], [5.2850714, 5.431138], [5.2856636, 5.430906], [5.286757, 5.430508], [5.2875104, 5.4302306], [5.2882724, 5.429955], [5.288676, 5.429837], [5.289141, 5.429661], [5.289881, 5.4293766], [5.2905254, 5.429162], [5.2905498, 5.429136], [5.2905474, 5.429111], [5.290341, 5.4285226], [5.290074, 5.4277353], [5.289621, 5.426488], [5.289424, 5.42591], [5.2894287, 5.425859], [5.289431, 5.4258294], [5.289807, 5.425666], [5.2905326, 5.4253488], [5.2910447, 5.425125], [5.2911334, 5.4250865], [5.29194, 5.4247212], [5.2929115, 5.4242873], [5.2941303, 5.4237466], [5.295022, 5.4233513], [5.296229, 5.422817], [5.2970514, 5.4224453], [5.298087, 5.4219823], [5.299379, 5.421413], [5.30043, 5.4209404], [5.302449, 5.4200296], [5.303492, 5.4195523], [5.3040886, 5.419286], [5.304874, 5.4188952], [5.305421, 5.4186435], [5.3054786, 5.4186177], [5.306325, 5.4182453], [5.307344, 5.417797], [5.3083386, 5.4173594], [5.309258, 5.416955], [5.310263, 5.416512], [5.3111453, 5.416124], [5.31317, 5.415233], [5.314818, 5.4144926], [5.3159447, 5.4139867], [5.3175573, 5.413286], [5.318397, 5.4129105], [5.3184247, 5.4129086], [5.3184443, 5.41293], [5.31868, 5.4134645], [5.319199, 5.4146404], [5.3192534, 5.4147754], [5.3192654, 5.4147797], [5.3223453, 5.4134274], [5.322554, 5.4133315]]}, "properties": {"admin_area_name": "Nigeria", "fluid": "GAS", "mps_created_time": "Sep 8, 2021 12:13:44 PM", "mps_datasource_tags": "Data derived from Shell World Map, 2019, (https://reports.shell.com/investors-handbook/2019/servicepages/worldmap.php). Last Accessed Jan 2021", "mps_est_elevation_end_m": "18.0", "mps_est_elevation_start_m": "8.0", "mps_est_length_km": "8.24583735357245", "mps_est_shore_status": "BOTH", "mps_uuid": "1bfb2ea8-285a-4fe7-9285-64132ba42a70", "name": "NIGERIA PIPELINE", "status": "OPERATIONAL", "updt": "May 28, 2025 9:01:35 PM"}}, {"type": "Feature", "id": "mps_mapping_pipeline.2b50bfd7-fd38-489f-8cef-d1e6a7b1706b", "geometry": {"type": "LineString", "coordinates": [[5.307956, 5.3776765], [5.3086863, 5.3779464], [5.309306, 5.3781667], [5.309786, 5.3783264], [5.3104563, 5.3784966], [5.311346, 5.3786364], [5.312446, 5.3784766], [5.313466, 5.3783364], [5.314256, 5.3781266], [5.3150263, 5.3780365], [5.3157063, 5.3778667], [5.3165565, 5.3775167], [5.3172565, 5.3771167], [5.318006, 5.376577], [5.3186264, 5.376237], [5.319436, 5.375797], [5.3202662, 5.375297], [5.320906, 5.374837], [5.321586, 5.3743467], [5.3217664, 5.374147], [5.3219066, 5.373757], [5.3220663, 5.373507], [5.3224263, 5.373277], [5.3229566, 5.373047], [5.323386, 5.3729672], [5.3237066, 5.3730073], [5.3240166, 5.373027], [5.3243465, 5.3729773], [5.3245864, 5.372737], [5.3248763, 5.372547], [5.3250966, 5.372437], [5.3254366, 5.3723373], [5.3258367, 5.372187], [5.3262362, 5.3720374], [5.3265467, 5.3719673], [5.3269267, 5.3717275], [5.3272667, 5.371447], [5.3274965, 5.371127], [5.3276663, 5.370767], [5.3277264, 5.3704376], [5.3276663, 5.370107], [5.3275666, 5.3697276], [5.3273964, 5.3692775], [5.3273363, 5.3688273], [5.3272367, 5.3682976], [5.3267465, 5.3669176], [5.3264465, 5.3662176], [5.3257265, 5.364658], [5.3255563, 5.364288], [5.3255067, 5.3641677], [5.3251867, 5.3635077], [5.3250866, 5.363288], [5.3248267, 5.362728], [5.3248267, 5.362708], [5.3258867, 5.362198], [5.3258867, 5.362178]]}, "properties": {"admin_area_name": "Nigeria", "fluid": "OIL", "mps_created_time": "Sep 8, 2021 12:13:32 PM", "mps_datasource_tags": "Data derived from Shell World Map, 2019, (https://reports.shell.com/investors-handbook/2019/servicepages/worldmap.php). Last Accessed Jan 2021", "mps_est_elevation_end_m": "8.0", "mps_est_elevation_start_m": "-9.0", "mps_est_length_km": "3.56584861129876", "mps_est_shore_status": "OFFSHORE", "mps_uuid": "2b50bfd7-fd38-489f-8cef-d1e6a7b1706b", "name": "NIGERIA PIPELINE", "status": "OPERATIONAL", "updt": "May 28, 2025 9:01:29 PM"}}, {"type": "Feature", "id": "mps_mapping_pipeline.697950ea-5ee9-4527-965d-e63e92a594bb", "geometry": {"type": "LineString", "coordinates": [[5.5785833, 5.5614167], [5.567322801892833, 5.565267515810638], [5.5256389, 5.5631944], [5.415575833653324, 5.5593427355861635], [5.411816771155901, 5.560401112405827], [5.406123433781164, 5.561787950997108], [5.4005, 5.562], [5.368423321549729, 5.5582843587665005], [5.2440278, 5.5880278], [5.22900954737346, 5.5922254085005125], [5.2106667, 5.6145]]}, "properties": {"admin_area_name": "Nigeria", "fluid": "OIL", "mps_created_time": "Jan 1, 1900 12:00:00 AM", "mps_datasource_tags": "Inferred from satellite imagery and NG oil spill data.", "mps_est_elevation_end_m": "5.0", "mps_est_elevation_start_m": "5.0", "mps_est_length_km": "42.5183824223596", "mps_est_shore_status": "BOTH", "mps_uuid": "697950ea-5ee9-4527-965d-e63e92a594bb", "name": "SYSTEM 2C ESCRAVOS PIPELINE", "status": "OPERATIONAL", "updt": "Aug 17, 2022 11:19:37 AM"}}, {"type": "Feature", "id": "mps_mapping_pipeline.21db8b96-38cf-4ff6-846c-63300f635e3c", "geometry": {"type": "LineString", "coordinates": [[5.3255167, 5.362068], [5.3256364, 5.362288], [5.331987, 5.3594384], [5.3328967, 5.3589287], [5.3342867, 5.3566885], [5.341317, 5.351519], [5.344677, 5.3490295], [5.346627, 5.3477197], [5.346877, 5.3476195], [5.346827, 5.3468995], [5.3470173, 5.3469296], [5.347537, 5.3468], [5.347527, 5.34675]]}, "properties": {"admin_area_name": "Nigeria", "fluid": "OIL", "mps_created_time": "Sep 8, 2021 12:13:41 PM", "mps_datasource_tags": "Data derived from Shell World Map, 2019, (https://reports.shell.com/investors-handbook/2019/servicepages/worldmap.php). Last Accessed Jan 2021", "mps_est_elevation_end_m": "7.0", "mps_est_elevation_start_m": "8.0", "mps_est_length_km": "3.09188076808653", "mps_est_shore_status": "BOTH", "mps_uuid": "21db8b96-38cf-4ff6-846c-63300f635e3c", "name": "NIGERIA PIPELINE", "status": "OPERATIONAL", "updt": "May 28, 2025 9:01:34 PM"}}, {"type": "Feature", "id": "mps_mapping_pipeline.02c4b650-c436-4071-8203-29946633abb4", "geometry": {"type": "LineString", "coordinates": [[5.711929364315035, 5.574776662299485], [5.712010889505303, 5.573667753419383], [5.728078639382018, 5.573148166269627], [5.7288139, 5.5742581], [5.741686058763396, 5.594249842324257], [5.735061646396053, 5.607985219210075], [5.748250583690716, 5.628043708498703], [5.752465843093166, 5.634065507645061], [5.753505972036627, 5.653992188456642], [5.758186552282205, 5.694502473623045], [5.758515014053823, 5.697321770496112], [5.762456555313257, 5.699839977411862], [5.758104436839298, 5.72830666428555], [5.754901934566008, 5.741910455993457], [5.748743276348142, 5.772211054425354], [5.742174040915753, 5.802566396485854], [5.7414722, 5.8196944], [5.73925, 5.85875], [5.736946024384145, 5.868532468952767], [5.7375, 5.8858697], [5.7378244519482, 5.894784935237156], [5.7410061187385, 5.935453704269229], [5.741670575911994, 5.943946942908474], [5.716394176177872, 5.966176467536425], [5.707690054421021, 6.041814442319445], [5.708614006577408, 6.042219803897769], [5.714076194325464, 6.03844992950596], [5.718069985073001, 6.037380029571503]]}, "properties": {"admin_area_name": "Nigeria", "fluid": "GAS", "mps_created_time": "Jan 1, 1900 12:00:00 AM", "mps_datasource_tags": "Inferred from satellite imagery and NG oil spill data.", "mps_est_elevation_end_m": "35.0", "mps_est_elevation_start_m": "6.0", "mps_est_length_km": "58.111569223239", "mps_est_shore_status": "ONSHORE", "mps_uuid": "02c4b650-c436-4071-8203-29946633abb4", "name": "SYSTEM 2A PIPELINE", "status": "OPERATIONAL", "updt": "Feb 13, 2023 5:23:13 PM"}}, {"type": "Feature", "id": "mps_mapping_pipeline.de1d7ee7-09c6-46fb-b5f1-26d5885ff79b", "geometry": {"type": "LineString", "coordinates": [[5.2666087, 5.4324713], [5.26669, 5.4325833], [5.267244, 5.433337], [5.2672644, 5.433342], [5.268744, 5.4326262], [5.270284, 5.432073], [5.2710185, 5.4318156], [5.271938, 5.4315276], [5.272672, 5.4312544], [5.2731705, 5.431093], [5.274144, 5.4307976], [5.2753043, 5.4304423], [5.278515, 5.4294124], [5.2792525, 5.4291673], [5.2799764, 5.428923], [5.2804656, 5.4287505], [5.2804756, 5.4287496], [5.2804875, 5.428764], [5.2807865, 5.429606], [5.2813654, 5.4312263], [5.281735, 5.4322333], [5.281751, 5.4322762], [5.2817597, 5.432279], [5.2819057, 5.4322305], [5.2823496, 5.4320817], [5.2830315, 5.4318347], [5.2837462, 5.431574], [5.285058, 5.431096], [5.2856526, 5.4308763], [5.2867527, 5.4304833], [5.287508, 5.4301987], [5.288252, 5.4299536], [5.288657, 5.4298177], [5.289139, 5.4296365], [5.28988, 5.429362], [5.2905164, 5.4291306], [5.2905235, 5.4291267], [5.2905283, 5.4291077], [5.2903295, 5.428528], [5.29005, 5.4277496], [5.2896066, 5.426496], [5.289401, 5.425903], [5.289408, 5.4258227], [5.290081, 5.425536], [5.291134, 5.42507], [5.29177, 5.4247875], [5.291924, 5.4247193], [5.292749, 5.4243517], [5.2935734, 5.423984], [5.294398, 5.4236164], [5.2985206, 5.421778], [5.29937, 5.421399], [5.300426, 5.4209285], [5.3024225, 5.4200315], [5.3034916, 5.4195356], [5.304058, 5.419263], [5.304881, 5.418872], [5.3054547, 5.418611], [5.3063145, 5.4182277], [5.307332, 5.417773], [5.3083296, 5.41734], [5.3131075, 5.415234], [5.31667, 5.413631], [5.3176003, 5.413248], [5.3181534, 5.412988], [5.3181615, 5.4129844], [5.318165, 5.412979], [5.3181663, 5.412977], [5.3183103, 5.4126406], [5.31832, 5.412602], [5.3183246, 5.412595], [5.3206387, 5.4115653], [5.3212337, 5.4113026], [5.3212476, 5.411309], [5.3213563, 5.411577], [5.3213673, 5.4115834], [5.3215804, 5.4114957], [5.3216877, 5.4114447]]}, "properties": {"admin_area_name": "Nigeria", "fluid": "GAS", "mps_created_time": "Sep 8, 2021 12:13:38 PM", "mps_datasource_tags": "Data derived from Shell World Map, 2019, (https://reports.shell.com/investors-handbook/2019/servicepages/worldmap.php). Last Accessed Jan 2021", "mps_est_elevation_end_m": "16.0", "mps_est_elevation_start_m": "8.0", "mps_est_length_km": "7.46925180264669", "mps_est_shore_status": "BOTH", "mps_uuid": "de1d7ee7-09c6-46fb-b5f1-26d5885ff79b", "name": "NIGERIA PIPELINE", "status": "OPERATIONAL", "updt": "May 28, 2025 9:01:32 PM"}}, {"type": "Feature", "id": "mps_mapping_pipeline.84a3b90c-360e-4ba5-804d-a57fe7daaeca", "geometry": {"type": "LineString", "coordinates": [[5.30842, 5.3782506], [5.308615, 5.378248], [5.3086452, 5.378247], [5.3086457, 5.3781757], [5.3086863, 5.378175], [5.308686, 5.378229], [5.3087463, 5.378262], [5.308801, 5.3782926], [5.310076, 5.3786964], [5.310176, 5.3787365], [5.310276, 5.3787866], [5.310536, 5.378876], [5.310636, 5.3789163], [5.310736, 5.3789463], [5.3108363, 5.3789864], [5.310936, 5.3790364], [5.311036, 5.3790765], [5.3111463, 5.3790965], [5.311256, 5.3791566], [5.311346, 5.3791966], [5.311456, 5.379236], [5.3115463, 5.3792562], [5.311666, 5.3792763], [5.311766, 5.3792963], [5.3118663, 5.3793464], [5.311966, 5.3793764], [5.312066, 5.3793964], [5.312156, 5.3794465], [5.3122563, 5.3794565], [5.312356, 5.3795166], [5.312456, 5.379556], [5.3125763, 5.379576], [5.312666, 5.3796263], [5.312756, 5.3796763], [5.312866, 5.3797164], [5.3129563, 5.3797464], [5.313066, 5.3797865], [5.313166, 5.3798366], [5.3132663, 5.3798666], [5.313376, 5.379896], [5.313476, 5.379916], [5.313586, 5.3799562], [5.3136864, 5.3799763], [5.313786, 5.3800163], [5.313896, 5.3800564], [5.3139963, 5.3801064], [5.314096, 5.3801365], [5.314196, 5.3801765], [5.314286, 5.380216], [5.3143964, 5.380256], [5.314506, 5.380286], [5.314606, 5.3803163], [5.3147163, 5.3803663], [5.314806, 5.3803964], [5.314906, 5.3804464], [5.3150063, 5.3804765], [5.3151064, 5.3805366], [5.315216, 5.380556], [5.3165064, 5.3810062], [5.3178663, 5.3815365], [5.317976, 5.381576], [5.318076, 5.381616], [5.3181963, 5.381616], [5.3182964, 5.381666], [5.318386, 5.381706], [5.318496, 5.3817263], [5.3185863, 5.3817763], [5.318696, 5.3818064], [5.318796, 5.3818464], [5.3188963, 5.381886], [5.3189964, 5.381916], [5.319096, 5.381956], [5.319206, 5.382006], [5.3192964, 5.382036], [5.319386, 5.3820863], [5.319496, 5.3821263], [5.3195863, 5.3821764], [5.3196964, 5.3822165], [5.319806, 5.382256], [5.319896, 5.382306], [5.3199863, 5.382356], [5.320086, 5.382396], [5.320186, 5.3824563], [5.3202863, 5.3825064], [5.3203664, 5.382556], [5.320476, 5.382596], [5.320556, 5.382656], [5.3206563, 5.382716], [5.3207464, 5.3827662], [5.320836, 5.3828263], [5.320936, 5.382886], [5.3210263, 5.382936], [5.3211164, 5.382996], [5.321206, 5.383066], [5.321306, 5.3831162], [5.3213964, 5.3831964], [5.3214765, 5.383256], [5.321576, 5.383306], [5.321656, 5.383386], [5.3217463, 5.383446], [5.3218365, 5.3835163], [5.321916, 5.383576], [5.321996, 5.383646], [5.3220863, 5.383726], [5.3221765, 5.383786], [5.322256, 5.3838663], [5.322316, 5.383936], [5.3224163, 5.383996], [5.3224964, 5.384076], [5.3225565, 5.384136], [5.322716, 5.384286], [5.3228064, 5.384386], [5.3228965, 5.384456], [5.322946, 5.3845263], [5.323036, 5.384606], [5.3231163, 5.384686], [5.3231664, 5.384776], [5.3232465, 5.384846], [5.323326, 5.384926], [5.323386, 5.385026], [5.3234763, 5.385096], [5.3235464, 5.385176], [5.3236165, 5.385256], [5.323666, 5.385356], [5.323666, 5.385436], [5.323686, 5.385386], [5.323766, 5.385466], [5.3238363, 5.3855557], [5.3239064, 5.385636], [5.323976, 5.385726], [5.324026, 5.385816], [5.324086, 5.3859158], [5.3241463, 5.385996], [5.3242164, 5.386096], [5.3242764, 5.386186], [5.3243065, 5.386296], [5.324366, 5.386386], [5.324446, 5.386466], [5.3245063, 5.3865557], [5.3245664, 5.386656], [5.3246064, 5.386746], [5.3246565, 5.386836], [5.324726, 5.3869357], [5.324786, 5.387026], [5.3248262, 5.387136], [5.3248663, 5.3872256], [5.3249164, 5.387336], [5.3249564, 5.387426], [5.3249865, 5.3875356], [5.325046, 5.3876257], [5.325106, 5.387726], [5.325146, 5.387836], [5.3251863, 5.3879256], [5.3252563, 5.3880157], [5.3252764, 5.388136], [5.3252964, 5.3882356], [5.3253465, 5.3883357], [5.3253665, 5.388446], [5.325396, 5.3885555], [5.325446, 5.3886557], [5.325486, 5.388756], [5.325526, 5.3888655], [5.3255663, 5.3889656], [5.3255863, 5.3890758], [5.3256164, 5.3891754], [5.3256364, 5.3892856], [5.3256664, 5.3893957], [5.3256865, 5.389496], [5.3257165, 5.3895955], [5.325736, 5.3897057], [5.325756, 5.389816], [5.325786, 5.3899255], [5.325816, 5.3900156], [5.325836, 5.3901258], [5.325846, 5.3902454], [5.325866, 5.3903556], [5.325876, 5.3904657], [5.3258963, 5.3905654], [5.3259063, 5.3906856], [5.3259163, 5.3907957], [5.3259363, 5.3909054], [5.3259463, 5.3910055], [5.3259664, 5.3911157], [5.3259864, 5.3912253], [5.3259764, 5.3913355], [5.3259764, 5.3914356], [5.3259764, 5.3915453], [5.3259864, 5.3916554], [5.3259964, 5.3917656], [5.3260064, 5.3918653], [5.3260064, 5.3919854], [5.3260064, 5.3920956], [5.3259964, 5.392195], [5.3260064, 5.3923154], [5.3259864, 5.3924255], [5.3259764, 5.392535], [5.3259864, 5.3926454], [5.3259864, 5.3927455], [5.3259664, 5.392865], [5.3259764, 5.3929753], [5.3259563, 5.3930855], [5.3259563, 5.393195], [5.3259263, 5.3933053], [5.3259063, 5.3934054], [5.325876, 5.393505], [5.3258963, 5.3936253], [5.325866, 5.3937254], [5.325856, 5.393835], [5.325826, 5.393945], [5.325826, 5.3940554], [5.325806, 5.394165], [5.325776, 5.394275], [5.325756, 5.3943853], [5.325726, 5.394475], [5.325706, 5.394595], [5.3256764, 5.3947053], [5.3256564, 5.394805], [5.3256063, 5.394925], [5.3256063, 5.3950253], [5.3255663, 5.395125], [5.3255463, 5.395235], [5.325486, 5.395335], [5.325466, 5.395435], [5.325436, 5.395535], [5.325406, 5.395645], [5.325366, 5.3957453], [5.325336, 5.395855], [5.3252864, 5.395955], [5.3252463, 5.396055], [5.3251963, 5.396155], [5.325146, 5.396245], [5.325106, 5.396345], [5.325066, 5.396455], [5.325016, 5.396555], [5.324976, 5.396655], [5.3249464, 5.3967648], [5.3249063, 5.396865], [5.3248463, 5.396965], [5.324816, 5.3970647], [5.324776, 5.397175], [5.324726, 5.397275], [5.324676, 5.397365], [5.324646, 5.397475], [5.3245964, 5.397575], [5.3245664, 5.397685], [5.3245163, 5.3977847], [5.324456, 5.397885], [5.324436, 5.397995], [5.324396, 5.3980947], [5.324346, 5.398185], [5.324296, 5.398295], [5.324266, 5.3983846], [5.3242064, 5.3984947], [5.3241463, 5.398585], [5.3241262, 5.398695], [5.324096, 5.3988047], [5.324066, 5.398905], [5.324016, 5.399015], [5.323996, 5.3991246], [5.323946, 5.3992147], [5.323886, 5.399315], [5.3238463, 5.3994045], [5.3237762, 5.3995047], [5.323716, 5.399585], [5.323696, 5.3997045], [5.323656, 5.3998046], [5.323636, 5.3999047], [5.323586, 5.400005], [5.323556, 5.4001145], [5.323516, 5.4002147], [5.3234663, 5.400315], [5.3234363, 5.4004245], [5.323376, 5.4005246], [5.323336, 5.4006047], [5.323306, 5.4007244], [5.323256, 5.4008245], [5.323216, 5.4009147], [5.323196, 5.4010243], [5.323166, 5.4011245], [5.323146, 5.4012446], [5.323146, 5.4013543], [5.3231063, 5.4017043], [5.323066, 5.4018044], [5.322986, 5.4018946], [5.321986, 5.403978], [5.321631, 5.4055386], [5.3213496, 5.4092226]]}, "properties": {"admin_area_name": "Nigeria", "fluid": "GAS", "mps_created_time": "Sep 8, 2021 12:13:32 PM", "mps_datasource_tags": "Data derived from Shell World Map, 2019, (https://reports.shell.com/investors-handbook/2019/servicepages/worldmap.php). Last Accessed Jan 2021", "mps_est_elevation_end_m": "16.0", "mps_est_elevation_start_m": "-10.0", "mps_est_length_km": "4.72886731196819", "mps_est_shore_status": "OFFSHORE", "mps_uuid": "84a3b90c-360e-4ba5-804d-a57fe7daaeca", "name": "NIGERIA PIPELINE", "status": "OPERATIONAL", "updt": "May 28, 2025 9:01:30 PM"}}, {"type": "Feature", "id": "mps_mapping_pipeline.fd54cf7c-705e-43e3-9624-c4587ff9b49d", "geometry": {"type": "LineString", "coordinates": [[5.468409, 5.523224], [5.4648046, 5.5238557], [5.4648046, 5.5238557], [5.464803, 5.523856], [5.464802, 5.5238566], [5.4648004, 5.523857], [5.464799, 5.523858], [5.4647975, 5.523859], [5.464796, 5.52386], [5.464795, 5.523861], [5.464794, 5.523862], [5.464793, 5.5238633], [5.464793, 5.5238633], [5.4645147, 5.5242586], [5.462249, 5.5247655], [5.460265, 5.5248804], [5.4560647, 5.525177], [5.4545846, 5.525255], [5.454496, 5.5244074], [5.45445, 5.5240235], [5.454368, 5.523448], [5.4542575, 5.5227866], [5.453881, 5.520654], [5.453723, 5.519844], [5.453575, 5.519187], [5.453517, 5.5189505], [5.453443, 5.518655], [5.4533086, 5.518192], [5.452849, 5.5166116], [5.451942, 5.513481], [5.45164, 5.51248], [5.4508104, 5.5096407], [5.450477, 5.5084686], [5.450133, 5.5073695], [5.4498525, 5.50635], [5.4488673, 5.5029745], [5.4485087, 5.501737], [5.4481874, 5.5006285], [5.447863, 5.499504], [5.4475384, 5.49838], [5.4473166, 5.497645], [5.4472017, 5.4972615], [5.4469995, 5.496696], [5.446798, 5.496131], [5.4465594, 5.4955845], [5.4463253, 5.495112], [5.446177, 5.4947653], [5.4455233, 5.493624], [5.4452677, 5.4931684], [5.443468, 5.4899364], [5.441633, 5.4866548], [5.441348, 5.486144], [5.4412003, 5.48588], [5.440764, 5.4850645], [5.440364, 5.4843845], [5.436041, 5.4766135], [5.4355845, 5.475812], [5.4352574, 5.475181], [5.4350424, 5.474758], [5.435004, 5.4746656], [5.4349666, 5.474573], [5.43493, 5.4744453], [5.4348316, 5.4741445], [5.4348164, 5.4740586], [5.4347377, 5.4736633], [5.434728, 5.473625], [5.434699, 5.473373], [5.4346943, 5.4732623], [5.4346795, 5.4729414], [5.434676, 5.4725213], [5.4346795, 5.4715176], [5.4346824, 5.4709244], [5.434685, 5.4704213], [5.4343386, 5.470434], [5.4337325, 5.4704], [5.433529, 5.4703736], [5.4327016, 5.4701967], [5.4319267, 5.4699125], [5.4312563, 5.469632], [5.4305253, 5.4693394], [5.4286904, 5.468609], [5.4265175, 5.467744], [5.426269, 5.467645], [5.426137, 5.467586], [5.4259224, 5.4674926], [5.425739, 5.4674244], [5.4253383, 5.467316], [5.423969, 5.466945], [5.4236636, 5.4668317], [5.423021, 5.4665923], [5.422359, 5.466319], [5.421718, 5.466059], [5.420553, 5.465596], [5.419565, 5.4652004], [5.4193306, 5.4651046], [5.4184875, 5.464747], [5.417776, 5.464467], [5.4168215, 5.4640794], [5.416017, 5.4637547], [5.415277, 5.4634395], [5.4146647, 5.463223], [5.413006, 5.462439], [5.4113464, 5.4616547], [5.411252, 5.46151], [5.411171, 5.4611235], [5.4111094, 5.4607644], [5.4109797, 5.4599633], [5.4109726, 5.45986], [5.410962, 5.459848], [5.410826, 5.459749], [5.4104967, 5.459523], [5.410385, 5.4594445], [5.410007, 5.4591694], [5.409076, 5.4584923], [5.407116, 5.4570656], [5.406045, 5.456286], [5.4054418, 5.4558716], [5.4052286, 5.4557376], [5.404886, 5.4555383], [5.4044514, 5.455286], [5.4040613, 5.455116], [5.4036713, 5.4549456], [5.4020753, 5.4543467], [5.4011807, 5.4539742], [5.400738, 5.453796], [5.400566, 5.453718], [5.400316, 5.453574], [5.400181, 5.453496], [5.40002, 5.4534087], [5.3996525, 5.453149], [5.39927, 5.4528713], [5.399077, 5.4527087], [5.398781, 5.452422], [5.398572, 5.4522133], [5.398314, 5.4519], [5.398277, 5.45185], [5.398139, 5.4516873], [5.3979774, 5.4514904], [5.3978925, 5.451373], [5.397591, 5.4509478], [5.39745, 5.4507413], [5.3971114, 5.4501843], [5.3968844, 5.4498105], [5.3965573, 5.449264], [5.3962054, 5.448671], [5.395413, 5.447328], [5.3945975, 5.4459476], [5.3940463, 5.4449916], [5.393258, 5.44366], [5.392795, 5.4428616], [5.3918047, 5.441168], [5.3914585, 5.440592], [5.3906913, 5.439304], [5.3904514, 5.438911], [5.39018, 5.438467], [5.38993, 5.4380846], [5.3898573, 5.4379687], [5.3894672, 5.4373355], [5.389346, 5.4371386], [5.388679, 5.436024], [5.3882985, 5.4353666], [5.3879147, 5.434706], [5.3876314, 5.434236], [5.3870964, 5.4333143], [5.3852787, 5.430172], [5.3851833, 5.4300094], [5.3850465, 5.429776], [5.38493, 5.4295774], [5.3848104, 5.4293733], [5.3846498, 5.4290986], [5.3845224, 5.4288807], [5.3843694, 5.428619], [5.384224, 5.42837], [5.3840623, 5.428094], [5.3838553, 5.42774], [5.3836284, 5.42735], [5.3831224, 5.426482], [5.382727, 5.425818], [5.3825483, 5.4255133], [5.3822017, 5.424913], [5.3818336, 5.4242826], [5.381124, 5.423079], [5.3808527, 5.4226203], [5.3805785, 5.4221563], [5.3802567, 5.421617], [5.3797865, 5.4208245], [5.379676, 5.420637], [5.3796124, 5.420524], [5.379118, 5.4196453], [5.378968, 5.419383], [5.378968, 5.419383], [5.3787956, 5.419076], [5.3786235, 5.41877], [5.3784537, 5.4184675], [5.377629, 5.4169683], [5.3774543, 5.416651], [5.3771434, 5.4160757], [5.376965, 5.4156613], [5.376965, 5.4156613], [5.3768973, 5.415501], [5.376876, 5.4154577], [5.3767924, 5.4152665], [5.3766303, 5.414863], [5.3764677, 5.4144597], [5.3763356, 5.414139], [5.3762035, 5.413818], [5.3761344, 5.413635], [5.3759713, 5.4132285], [5.375808, 5.4128222], [5.375652, 5.412434], [5.3754954, 5.4120455], [5.37519, 5.4112906], [5.374158, 5.408785], [5.374055, 5.408539], [5.3740096, 5.40843], [5.3738613, 5.4080753], [5.3736906, 5.407666], [5.3735204, 5.4072566], [5.373353, 5.4068503], [5.373186, 5.4064436], [5.3730116, 5.4060163], [5.372837, 5.405589], [5.3726583, 5.4051785], [5.372479, 5.404768], [5.3723497, 5.40444], [5.372286, 5.404274], [5.372222, 5.404119], [5.3721595, 5.403963], [5.372098, 5.403807], [5.372098, 5.403807], [5.3713527, 5.401909], [5.3712187, 5.4015164], [5.3710756, 5.4011006], [5.370988, 5.4009132], [5.3708997, 5.400643], [5.3707747, 5.4002743], [5.3707256, 5.4001236], [5.370637, 5.399796], [5.3705764, 5.399575], [5.370534, 5.399418], [5.370511, 5.3993053], [5.370424, 5.3989015], [5.3703976, 5.3987794], [5.370305, 5.3983545], [5.370209, 5.3979287], [5.370022, 5.3970933], [5.3699303, 5.3966866], [5.369846, 5.3962812], [5.369746, 5.3957877], [5.369686, 5.3954864], [5.369439, 5.3941884], [5.3694277, 5.394133], [5.3694105, 5.3940763], [5.3687754, 5.393626], [5.3687563, 5.393611], [5.36873, 5.3935947], [5.368672, 5.3935823], [5.367548, 5.393868], [5.365974, 5.3942566], [5.364296, 5.394681], [5.361577, 5.395342], [5.360004, 5.3957057], [5.358039, 5.3961573], [5.355992, 5.396656], [5.354511, 5.3970265], [5.354511, 5.397026], [5.35405, 5.397149], [5.353826, 5.397218], [5.3532505, 5.397394], [5.3525915, 5.3976526], [5.345656, 5.400404], [5.345283, 5.4005566], [5.34478, 5.400775], [5.344205, 5.4010196], [5.3436337, 5.401272], [5.321821, 5.4110804], [5.32182, 5.4110813], [5.3218184, 5.411082], [5.3218174, 5.4110827], [5.321816, 5.4110837], [5.321815, 5.411085], [5.321814, 5.411086], [5.321813, 5.4110875], [5.321812, 5.411089], [5.3218117, 5.4110904], [5.321811, 5.411092], [5.3218107, 5.411093], [5.3218107, 5.411095], [5.3218107, 5.4110966], [5.3218107, 5.411098], [5.3218107, 5.4111], [5.321811, 5.4111013], [5.3218117, 5.411103], [5.321812, 5.411104], [5.322785, 5.413305], [5.3227854, 5.413306], [5.322786, 5.4133077], [5.3227863, 5.4133096], [5.3227863, 5.413311], [5.3227863, 5.4133124], [5.3227863, 5.4133143], [5.3227863, 5.413316], [5.322786, 5.413317], [5.3227854, 5.4133186], [5.3227844, 5.41332], [5.322784, 5.4133215], [5.322783, 5.413323], [5.322782, 5.413324], [5.322781, 5.4133253], [5.3227797, 5.4133263], [5.3227787, 5.413327], [5.3227773, 5.413328], [5.322776, 5.4133286], [5.322776, 5.4133286], [5.322584, 5.4134135]]}, "properties": {"admin_area_name": "Nigeria", "fluid": "GAS", "mps_created_time": "Sep 8, 2021 12:13:35 PM", "mps_datasource_tags": "Data derived from Shell World Map, 2019, (https://reports.shell.com/investors-handbook/2019/servicepages/worldmap.php). Last Accessed Jan 2021", "mps_est_elevation_end_m": "18.0", "mps_est_elevation_start_m": "5.0", "mps_est_length_km": "25.8853533967735", "mps_est_shore_status": "BOTH", "mps_uuid": "fd54cf7c-705e-43e3-9624-c4587ff9b49d", "name": "NIGERIA PIPELINE", "status": "OPERATIONAL", "updt": "May 28, 2025 9:01:31 PM"}}, {"type": "Feature", "id": "mps_mapping_pipeline.b55ce372-b6e8-482d-b9be-f52fe238b9ea", "geometry": {"type": "LineString", "coordinates": [[5.714978066745743, 6.037572202597907], [5.708407740300321, 6.028539996698661], [5.701668928461671, 5.99803056895822], [5.696721859138059, 5.96543468577791], [5.699813777465317, 5.924840878026853], [5.709707916112541, 5.906388159263988], [5.691156406148996, 5.876862531187557], [5.69301155714535, 5.857793063515571], [5.697958626468962, 5.838722944668776], [5.6934722, 5.8135], [5.718365287428862, 5.75566811203243], [5.7122028, 5.6918306], [5.71675, 5.6460278], [5.714500892444952, 5.643863519696139], [5.7111639, 5.6375972], [5.7101667, 5.6340833], [5.6719444, 5.5806667], [5.6779061, 5.5282189]]}, "properties": {"admin_area_name": "Nigeria", "fluid": "OIL", "mps_created_time": "Jan 1, 1900 12:00:00 AM", "mps_datasource_tags": "Inferred from satellite imagery and NG oil spill data.", "mps_est_elevation_end_m": "7.0", "mps_est_elevation_start_m": "36.0", "mps_est_length_km": "59.9311628994216", "mps_est_shore_status": "ONSHORE", "mps_uuid": "b55ce372-b6e8-482d-b9be-f52fe238b9ea", "name": "AMUKPE/RAPELE", "status": "OPERATIONAL", "updt": "Feb 13, 2023 1:33:03 PM"}}, {"type": "Feature", "id": "mps_mapping_pipeline.e01bf611-b86a-4388-a073-56d347591e57", "geometry": {"type": "LineString", "coordinates": [[5.584895595938622, 6.064897864752613], [5.6630556, 6.0786111], [5.7037875817411114, 6.079847707238118]]}, "properties": {"admin_area_name": "Nigeria", "fluid": "OIL", "mps_created_time": "Jan 1, 1900 12:00:00 AM", "mps_datasource_tags": "Inferred from satellite imagery and NG oil spill data.", "mps_est_elevation_end_m": "15.0", "mps_est_elevation_start_m": "21.0", "mps_est_length_km": "13.2951489720266", "mps_est_shore_status": "ONSHORE", "mps_uuid": "e01bf611-b86a-4388-a073-56d347591e57", "name": "OREDO EXPORT LINE", "status": "OPERATIONAL", "updt": "Aug 17, 2022 11:19:39 AM"}}, {"type": "Feature", "id": "mps_mapping_pipeline.7a3a73e1-45c8-4784-9685-f73ffe302a8b", "geometry": {"type": "LineString", "coordinates": [[5.307966, 5.3776364], [5.309156, 5.3776865], [5.3101363, 5.3777266], [5.311376, 5.3776464], [5.312306, 5.3775764], [5.313036, 5.3773866], [5.3137064, 5.3770266], [5.314096, 5.3767567], [5.314266, 5.3766065], [5.315156, 5.376147], [5.315576, 5.375887], [5.3165164, 5.375427], [5.3188763, 5.374027], [5.319196, 5.373757], [5.3197565, 5.373547], [5.320176, 5.373227], [5.3208265, 5.3726573], [5.3214765, 5.3722672], [5.3220563, 5.372107], [5.3225965, 5.3719873], [5.3229566, 5.371707], [5.3233466, 5.3716373], [5.323736, 5.3717074], [5.3242564, 5.371757], [5.324796, 5.371517], [5.3255463, 5.3709674], [5.3260164, 5.3703074], [5.3262362, 5.3696074], [5.3262563, 5.3690076], [5.3262463, 5.3683877], [5.3262463, 5.367748], [5.3262467, 5.367078], [5.3261766, 5.3664775], [5.3257666, 5.3652477], [5.3256464, 5.364938], [5.3246665, 5.362728], [5.3256164, 5.362278], [5.3260164, 5.3621583], [5.3263965, 5.361938], [5.3282766, 5.360958], [5.331897, 5.3594685], [5.3327866, 5.3589187], [5.3342566, 5.356609], [5.336957, 5.354639], [5.339787, 5.352579], [5.341747, 5.3510795], [5.342467, 5.350559], [5.344987, 5.3487797], [5.3466372, 5.3476996], [5.346827, 5.3476095], [5.346777, 5.3468995], [5.3473973, 5.3468]]}, "properties": {"admin_area_name": "Nigeria", "fluid": "GAS", "mps_created_time": "Sep 8, 2021 12:13:24 PM", "mps_datasource_tags": "Data derived from Shell World Map, 2019, (https://reports.shell.com/investors-handbook/2019/servicepages/worldmap.php). Last Accessed Jan 2021", "mps_est_elevation_end_m": "7.0", "mps_est_elevation_start_m": "-9.0", "mps_est_length_km": "6.2814190193106", "mps_est_shore_status": "BOTH", "mps_uuid": "7a3a73e1-45c8-4784-9685-f73ffe302a8b", "name": "NIGERIA PIPELINE", "status": "OPERATIONAL", "updt": "May 28, 2025 9:01:26 PM"}}, {"type": "Feature", "id": "mps_mapping_pipeline.88ac21e5-3ceb-44c1-9ad5-c9a7abf2f091", "geometry": {"type": "LineString", "coordinates": [[5.307956, 5.3776765], [5.309226, 5.3778567], [5.310166, 5.3780465], [5.311226, 5.3780065], [5.3125763, 5.3779764], [5.3136764, 5.3777065], [5.314606, 5.3774366], [5.3154263, 5.3771467], [5.3164563, 5.3767667], [5.3171563, 5.3764567], [5.317696, 5.3761067], [5.3181562, 5.3757467], [5.3186765, 5.375237], [5.319166, 5.374897], [5.3197365, 5.374577], [5.3204265, 5.374227], [5.3210163, 5.373897], [5.3215466, 5.373507], [5.3217463, 5.373237], [5.3219266, 5.372847], [5.3221164, 5.3726373], [5.3225665, 5.372467], [5.3231964, 5.372427], [5.3236365, 5.372437], [5.3240566, 5.3723774], [5.3245263, 5.372187], [5.325516, 5.371767], [5.3263764, 5.3713775], [5.3268366, 5.371087], [5.3270764, 5.370817], [5.3272066, 5.3705273], [5.3271565, 5.3701873], [5.3270364, 5.3698573], [5.3268366, 5.3694277], [5.3266964, 5.3690476], [5.3265667, 5.3685575], [5.3264666, 5.3681574], [5.3264966, 5.3675876], [5.3264966, 5.3672676], [5.3264766, 5.3669777], [5.3264465, 5.3668175], [5.3261366, 5.3659377], [5.3256063, 5.364698], [5.3248267, 5.362978], [5.3261466, 5.362288], [5.3257866, 5.3614883], [5.3256464, 5.361188], [5.3253865, 5.361308]]}, "properties": {"admin_area_name": "Nigeria", "fluid": "OIL", "mps_created_time": "Sep 8, 2021 12:13:47 PM", "mps_datasource_tags": "Data derived from Shell World Map, 2019, (https://reports.shell.com/investors-handbook/2019/servicepages/worldmap.php). Last Accessed Jan 2021", "mps_est_elevation_end_m": "8.0", "mps_est_elevation_start_m": "-9.0", "mps_est_length_km": "3.60634690571468", "mps_est_shore_status": "OFFSHORE", "mps_uuid": "88ac21e5-3ceb-44c1-9ad5-c9a7abf2f091", "name": "NIGERIA PIPELINE", "status": "OPERATIONAL", "updt": "May 28, 2025 9:01:37 PM"}}, {"type": "Feature", "id": "mps_mapping_pipeline.f87f2f85-f8b2-4840-86dd-fb25bbddc20e", "geometry": {"type": "LineString", "coordinates": [[5.585277527929973, 5.898153915556128], [5.585784795780539, 5.898250026488714], [5.58962553807768, 5.89698256222686], [5.596757482500514, 5.897318951128449], [5.601280620834723, 5.897607284310303], [5.609674695980989, 5.897415062205723], [5.624539455673459, 5.901728029652645], [5.627214689694895, 5.903382926777784], [5.630360958149, 5.906158097069505], [5.644202123785864, 5.921631518750576], [5.645204581681028, 5.925427726844862], [5.632184706849843, 5.939483080057235], [5.626157881672883, 5.935494759834344], [5.617679261884857, 5.942366185124763], [5.619515088391666, 5.953922479625064], [5.678170349174513, 5.97035494352198], [5.690185350549344, 5.973283532990558], [5.710089574781064, 5.979241566574434], [5.741452617422886, 5.98702835436548], [5.755468307355954, 5.996800570938146], [5.778942127140884, 6.007784571185257], [5.795663245610301, 6.015865228197856], [5.821262759245222, 6.012204774506747], [5.851408962935983, 6.010859499035685], [5.869380738213168, 6.013934409509861]]}, "properties": {"admin_area_name": "Nigeria", "fluid": "GAS", "mps_created_time": "Feb 13, 2023 1:05:02 PM", "mps_datasource_tags": "Various Sources including satellite observations", "mps_est_elevation_end_m": "50.0", "mps_est_elevation_start_m": "8.0", "mps_est_length_km": "42.4349183347533", "mps_est_shore_status": "ONSHORE", "mps_uuid": "f87f2f85-f8b2-4840-86dd-fb25bbddc20e", "name": "NIGERIA GAS PIPELINE", "status": "OPERATIONAL", "updt": "Feb 14, 2023 9:36:01 AM"}}, {"type": "Feature", "id": "mps_mapping_pipeline.9da34e3c-3523-4f25-a926-c21d9f9cd8c1", "geometry": {"type": "LineString", "coordinates": [[5.1776056, 5.171884], [5.1773057, 5.1712937], [5.1762357, 5.1692944], [5.1747055, 5.166324], [5.1734357, 5.1637945], [5.172116, 5.1611047], [5.171496, 5.159805], [5.171406, 5.159475]]}, "properties": {"admin_area_name": "Nigeria", "fluid": "OIL", "mps_created_time": "Sep 8, 2021 12:13:21 PM", "mps_datasource_tags": "Data derived from Shell World Map, 2019, (https://reports.shell.com/investors-handbook/2019/servicepages/worldmap.php). Last Accessed Jan 2021", "mps_est_elevation_end_m": "-22.0", "mps_est_elevation_start_m": "-20.0", "mps_est_length_km": "1.53565135269979", "mps_est_shore_status": "OFFSHORE", "mps_uuid": "9da34e3c-3523-4f25-a926-c21d9f9cd8c1", "name": "NIGERIA PIPELINE", "status": "OPERATIONAL", "updt": "May 28, 2025 9:01:24 PM"}}, {"type": "Feature", "id": "mps_mapping_pipeline.a0642c8e-ff61-4f91-bcdc-4bb8a74203c1", "geometry": {"type": "LineString", "coordinates": [[5.14677, 5.6553197], [5.1467104, 5.6551795], [5.1466403, 5.65507], [5.14652, 5.6537695], [5.1463304, 5.6528697], [5.14608, 5.65224], [5.14482, 5.64905], [5.14513, 5.6487203], [5.14694, 5.6465206], [5.14759, 5.6457105], [5.14933, 5.6436305], [5.15039, 5.6423807], [5.1510706, 5.641561], [5.15396, 5.638161], [5.1564903, 5.6351314], [5.1574006, 5.6339917], [5.1591406, 5.631922], [5.1597104, 5.631222], [5.162521, 5.6278424], [5.1631308, 5.6271524], [5.164271, 5.6257524], [5.164911, 5.6250024], [5.165421, 5.6243625], [5.166011, 5.6237025], [5.167351, 5.622123], [5.169871, 5.619083], [5.1787415, 5.6085644], [5.1804113, 5.6071444], [5.1888814, 5.600115], [5.194842, 5.5952654], [5.208342, 5.5842366], [5.208562, 5.583107], [5.208332, 5.582047], [5.2081122, 5.581117], [5.200622, 5.5522695], [5.1947923, 5.5296416]]}, "properties": {"admin_area_name": "Nigeria", "fluid": "OIL", "mps_created_time": "Sep 8, 2021 12:13:44 PM", "mps_datasource_tags": "Data derived from Shell World Map, 2019, (https://reports.shell.com/investors-handbook/2019/servicepages/worldmap.php). Last Accessed Jan 2021", "mps_est_elevation_end_m": "10.0", "mps_est_elevation_start_m": "5.0", "mps_est_length_km": "17.0527103752135", "mps_est_shore_status": "BOTH", "mps_uuid": "a0642c8e-ff61-4f91-bcdc-4bb8a74203c1", "name": "NIGERIA PIPELINE", "status": "OPERATIONAL", "updt": "May 28, 2025 9:01:35 PM"}}, {"type": "Feature", "id": "mps_mapping_pipeline.9d8c2c70-76a5-4036-a1c9-64b7bff12a32", "geometry": {"type": "LineString", "coordinates": [[5.3253865, 5.361308], [5.3254967, 5.361258], [5.3256364, 5.3615384], [5.325577, 5.361568], [5.3255963, 5.361598], [5.3256564, 5.361578], [5.3259068, 5.362078], [5.3258066, 5.3621182], [5.3258367, 5.362178], [5.3258967, 5.3621483]]}, "properties": {"admin_area_name": "Nigeria", "fluid": "OIL", "mps_created_time": "Sep 8, 2021 12:13:45 PM", "mps_datasource_tags": "Data derived from Shell World Map, 2019, (https://reports.shell.com/investors-handbook/2019/servicepages/worldmap.php). Last Accessed Jan 2021", "mps_est_elevation_end_m": "8.0", "mps_est_elevation_start_m": "8.0", "mps_est_length_km": "0.155037201607167", "mps_est_shore_status": "OFFSHORE", "mps_uuid": "9d8c2c70-76a5-4036-a1c9-64b7bff12a32", "name": "NIGERIA PIPELINE", "status": "OPERATIONAL", "updt": "May 28, 2025 9:01:35 PM"}}, {"type": "Feature", "id": "mps_mapping_pipeline.892f9f01-7c02-4ef6-aaf7-829e6397501e", "geometry": {"type": "LineString", "coordinates": [[5.194792374000031, 5.529641503000046], [5.194772354000065, 5.529301554000028], [5.195592658000067, 5.5041538570000625], [5.202212938000059, 5.487215454000004], [5.219433478000042, 5.467797367000064], [5.267844713000046, 5.432541111000025], [5.28987521800002, 5.42525198200003], [5.322815985000034, 5.410463661000042], [5.344996511000033, 5.400584807000016], [5.347336560000031, 5.39960493500007], [5.353566691000026, 5.397165204000033], [5.354096718000051, 5.397005223000059], [5.3690670230000705, 5.393355717000016]]}, "properties": {"admin_area_name": "Nigeria", "category": "Hydrocarbon", "fluid": "OIL", "mps_created_time": "Jan 1, 1900 12:00:00 AM", "mps_datasource_tags": "Sourced from Shell Handbook 2018", "mps_est_elevation_end_m": "12.0", "mps_est_elevation_start_m": "10.0", "mps_est_length_km": "26.3890850189743", "mps_est_shore_status": "BOTH", "mps_uuid": "892f9f01-7c02-4ef6-aaf7-829e6397501e", "name": "24\" ESCRAVOS MF - FORCADOS RIVER MF TRUNKLINE", "operator_group_name": "SHELL PLC (GROUP)", "optr_name": "ROYAL DUTCH SHELL NIGERIA", "status": "OPERATIONAL", "updt": "May 29, 2025 12:53:48 PM"}}, {"type": "Feature", "id": "mps_mapping_pipeline.501d23bc-24ef-4bf6-bef6-dbc0c492bb34", "geometry": {"type": "LineString", "coordinates": [[5.347447096000053, 5.346669746000024], [5.345597079000073, 5.3469596670000215], [5.343857119000063, 5.340830242000045], [5.337497211000027, 5.320052072000063], [5.333517271000062, 5.306233254000067], [5.332137294000063, 5.302763587000078], [5.330577274000063, 5.300713730000042], [5.3274172200000285, 5.297873981000045], [5.323547204000022, 5.2949841700000135], [5.320977196000058, 5.292624387000043], [5.315137089000076, 5.28799472400004], [5.302686997000023, 5.277335602000046], [5.298106937000057, 5.27374586600007], [5.2949669070000605, 5.270826077000045], [5.2858568010000235, 5.263406671000042], [5.280236775000049, 5.258237079000021], [5.274806689000059, 5.25377741900008], [5.261766554000076, 5.242488354000057], [5.260846586000071, 5.241548400000049], [5.245606409000061, 5.228609439000018], [5.240886377000038, 5.2241097890000665], [5.235156310000036, 5.2193501740000485], [5.230056237000041, 5.215580471000058], [5.217806147000034, 5.205331281000039], [5.21576611200004, 5.203381434000037], [5.209096046000071, 5.198371819000035], [5.207776025000044, 5.197051916000016], [5.197705903000042, 5.188692556000017], [5.196375916000022, 5.187422660000024], [5.192265849000023, 5.184412904000048], [5.189565826000035, 5.1820130760000325], [5.187355817000025, 5.1805831840000485], [5.18006572500002, 5.174303680000035], [5.177605707000055, 5.171883880000067]]}, "properties": {"admin_area_name": "Nigeria", "category": "Hydrocarbon", "fluid": "OIL", "mps_created_time": "Jan 1, 1900 12:00:00 AM", "mps_datasource_tags": "Sourced from Shell Handbook 2018", "mps_est_elevation_end_m": "-20.0", "mps_est_elevation_start_m": "7.0", "mps_est_length_km": "27.7683308860371", "mps_est_shore_status": "BOTH", "mps_uuid": "501d23bc-24ef-4bf6-bef6-dbc0c492bb34", "name": "48\" FORCADOS TERMINAL - FORCADOS OFFSHORE M/F", "operator_group_name": "SHELL PLC (GROUP)", "optr_name": "ROYAL DUTCH SHELL NIGERIA", "status": "OPERATIONAL", "updt": "May 29, 2025 12:41:17 PM"}}, {"type": "Feature", "id": "mps_mapping_pipeline.e4f3bc0b-809c-4df5-a9ef-613f274716d9", "geometry": {"type": "LineString", "coordinates": [[5.175027483811601, 5.460962049879809], [5.20323443088406, 5.486063606398745], [5.195995886616681, 5.503122171208922], [5.194792374000031, 5.529641503000046]]}, "properties": {"admin_area_name": "Nigeria", "category": "Hydrocarbon", "fluid": "OIL", "mps_created_time": "Jan 1, 1900 12:00:00 AM", "mps_datasource_tags": "Sourced from Shell Handbook 2018", "mps_est_elevation_end_m": "10.0", "mps_est_elevation_start_m": "-3.0", "mps_est_length_km": "9.16591231604642", "mps_est_shore_status": "BOTH", "mps_uuid": "e4f3bc0b-809c-4df5-a9ef-613f274716d9", "name": "8\" AFREMO - ESCB HP BL", "operator_group_name": "SHELL PLC (GROUP)", "optr_name": "ROYAL DUTCH SHELL NIGERIA", "status": "OPERATIONAL", "updt": "May 29, 2025 9:21:44 AM"}}, {"type": "Feature", "id": "mps_mapping_pipeline.b0c81611-b6d2-4b5e-b813-1f6063c179c3", "geometry": {"type": "LineString", "coordinates": [[5.3690670230000705, 5.393355717000016], [5.35928289900005, 5.346004965000021], [5.34828185383498, 5.347664350919116]]}, "properties": {"admin_area_name": "Nigeria", "category": "Hydrocarbon", "fluid": "OIL", "mps_created_time": "Jan 1, 1900 12:00:00 AM", "mps_datasource_tags": "Sourced from Shell Handbook 2018", "mps_est_elevation_end_m": "7.0", "mps_est_elevation_start_m": "12.0", "mps_est_length_km": "6.58041521472975", "mps_est_shore_status": "BOTH", "mps_uuid": "b0c81611-b6d2-4b5e-b813-1f6063c179c3", "name": "28\" RAPELE - FORCADOS T/L", "operator_group_name": "SHELL PLC (GROUP)", "optr_name": "ROYAL DUTCH SHELL NIGERIA", "status": "OPERATIONAL", "updt": "May 29, 2025 12:49:21 PM"}}, {"type": "Feature", "id": "mps_mapping_pipeline.efd0ff1b-93da-4e6b-9193-98ef7830c3ed", "geometry": {"type": "LineString", "coordinates": [[6.628370743698682, 5.658748041191544], [6.6293556, 5.6564694], [6.629547731713651, 5.6554771093825], [6.6352333, 5.6495944], [6.637198153810955, 5.647429795977823], [6.636705461153525, 5.643214536575372], [6.638251968661567, 5.639382482573145], [6.643808446964797, 5.638273924093929], [6.64487594772256, 5.63812337911527], [6.646614057930713, 5.638999277172922], [6.647380468731159, 5.638930847637168], [6.648831174889144, 5.637534885107786], [6.652416882562657, 5.636877961564546], [6.6554222, 5.6352611], [6.662626569297164, 5.631595201404333], [6.6648163144412935, 5.631554143682881], [6.665596411148889, 5.629993950267688], [6.6676944, 5.6289444], [6.671923609344079, 5.6303998591232025]]}, "properties": {"admin_area_name": "Nigeria", "fluid": "OIL", "mps_created_time": "Jan 1, 1900 12:00:00 AM", "mps_datasource_tags": "Inferred from satellite imagery and NG oil spill data.", "mps_est_elevation_end_m": "21.0", "mps_est_elevation_start_m": "17.0", "mps_est_length_km": "6.68029957696833", "mps_est_shore_status": "ONSHORE", "mps_uuid": "efd0ff1b-93da-4e6b-9193-98ef7830c3ed", "name": "ODUGRI FLOWLINE", "status": "OPERATIONAL", "updt": "Aug 17, 2022 11:19:39 AM"}}, {"type": "Feature", "id": "mps_mapping_pipeline.d0331390-2e14-4084-8f81-7ab3bc45dad2", "geometry": {"type": "LineString", "coordinates": [[5.869833655936891, 6.01253508717179], [5.877998252769808, 6.013784267800506], [5.890607482198154, 6.034443377032615], [5.945537343730838, 6.084358295128879], [5.952880649758077, 6.0970404632538], [5.980031557569307, 6.12403710970862], [5.984186322821558, 6.126054597948985], [6.013583702542436, 6.176441288756076], [6.07931112260859, 6.280177576685992], [6.089069989828998, 6.316576448307916], [6.082789530726756, 6.327812522941205], [6.091099061231261, 6.3548453244588], [6.116051808356707, 6.381348575023242], [6.130641797963453, 6.404777843325538], [6.137018879513422, 6.406410170351227], [6.1398209304975, 6.409578790258875], [6.139917552945226, 6.414955797172008], [6.14252635903385, 6.417836313254996], [6.144168940645206, 6.423405264819808], [6.14281622637703, 6.437135350475504], [6.150546022195174, 6.440015740945251], [6.15218860380653, 6.441263905073299], [6.156923103745142, 6.443184151583597], [6.19540299355234, 6.492147976109072], [6.208640268890912, 6.526035837156158], [6.208157156652277, 6.533043522718594], [6.223713370736292, 6.582382524232163], [6.228737738018086, 6.650767480191202], [6.245163554131642, 6.672504709021052], [6.247385870429357, 6.673752291144009], [6.283643443938839, 6.724276689475214], [6.292629331577431, 6.732624945823368], [6.293595556054699, 6.733776418192767], [6.292919198920612, 6.736655087161528], [6.288571188772906, 6.743851684825584], [6.289344168354721, 6.750760318025678], [6.302194953902385, 6.76635235678054], [6.341471978903327, 6.851979625453091], [6.3453368768124, 6.855529108798554], [6.347365948214661, 6.860517527190558], [6.368526264266832, 6.873276128711443], [6.381570294709948, 6.905794622875404], [6.416934110577957, 6.936008919576809], [6.421088875830208, 6.949245049029195], [6.421282120725662, 6.953944744502691], [6.424760528843827, 6.957589373930154], [6.440799855166476, 7.00467927291425], [6.46302301814364, 7.027695010693306], [6.462829773248186, 7.031434960532843], [6.480245969450941, 7.055120609641311], [6.487685897925905, 7.06212058992052], [6.507203632366719, 7.090598868294706], [6.507493499709899, 7.100954169734544], [6.530610420328537, 7.11639080654042], [6.536794256983051, 7.129142419287472], [6.537470614117138, 7.13230629834127], [6.567520195360173, 7.207082508274633], [6.568293174941987, 7.207849380051067], [6.581143960489651, 7.240823636654662], [6.581723695176012, 7.251367222124809], [6.58423587881691, 7.253955155382942], [6.600854939825918, 7.25893928121347], [6.607232021375887, 7.279929512357641], [6.629769207308162, 7.305039822313081], [6.657910495208593, 7.404221291862787], [6.6770417398585, 7.440246926091997], [6.677814719440312, 7.444486450750558], [6.678974188813036, 7.445827760751952], [6.681631306125524, 7.469443724677241], [6.679167433708488, 7.475575044316448], [6.679988724514167, 7.478592771590215], [6.682645841826653, 7.497129781078257], [6.68399855609483, 7.49832723519336], [6.686945540750496, 7.49794405023489]]}, "properties": {"admin_area_name": "Nigeria", "fluid": "GAS", "mps_created_time": "Feb 13, 2023 2:00:05 PM", "mps_est_elevation_end_m": "61.0", "mps_est_elevation_start_m": "50.0", "mps_est_length_km": "196.256064130987", "mps_est_shore_status": "ONSHORE", "mps_uuid": "d0331390-2e14-4084-8f81-7ab3bc45dad2", "name": "OBAN TO AJAOKUTA", "operator_group_name": "NIGERIAN GAS COMPANY (GROUP)", "optr_name": "NIGERIAN GAS COMPANY", "status": "OPERATIONAL", "updt": "Feb 14, 2023 9:35:53 AM"}}, {"type": "Feature", "id": "mps_mapping_pipeline.a09bcb8b-76f6-45d6-8eb8-c23dd1a91e98", "geometry": {"type": "LineString", "coordinates": [[6.5171111, 5.6579167], [6.5196969425985225, 5.656302968341995], [6.526758870688338, 5.655303897119986], [6.533300734306423, 5.6540584795692626], [6.542018657161487, 5.6564535133206535], [6.561698991644347, 5.650568573245806], [6.564531974424564, 5.649651617466702], [6.605480208619773, 5.64482049224247], [6.61625, 5.6411667], [6.6471389, 5.6325], [6.6705556, 5.6321389]]}, "properties": {"admin_area_name": "Nigeria", "fluid": "OIL", "mps_created_time": "Jan 1, 1900 12:00:00 AM", "mps_datasource_tags": "Inferred from satellite imagery and NG oil spill data.", "mps_est_elevation_end_m": "22.0", "mps_est_elevation_start_m": "20.0", "mps_est_length_km": "17.4474418390582", "mps_est_shore_status": "ONSHORE", "mps_uuid": "a09bcb8b-76f6-45d6-8eb8-c23dd1a91e98", "name": "KWALE FLOWLINE", "status": "OPERATIONAL", "updt": "Aug 17, 2022 11:19:40 AM"}}, {"type": "Feature", "id": "mps_mapping_pipeline.07cdb70f-dd20-49ff-8b89-227b63555b6a", "geometry": {"type": "LineString", "coordinates": [[5.886, 5.4284722], [5.8846389, 5.4297222], [5.881947355278113, 5.434290182541606], [5.87578869706025, 5.4359324913997025], [5.855875702155827, 5.436219895449868], [5.831774819663258, 5.436712588107301], [5.8234811599298695, 5.439340282280255]]}, "properties": {"admin_area_name": "Nigeria", "fluid": "OIL", "mps_created_time": "Jan 1, 1900 12:00:00 AM", "mps_datasource_tags": "Inferred from satellite imagery and NG oil spill data.", "mps_est_elevation_end_m": "10.0", "mps_est_elevation_start_m": "8.0", "mps_est_length_km": "7.33996101837664", "mps_est_shore_status": "ONSHORE", "mps_uuid": "07cdb70f-dd20-49ff-8b89-227b63555b6a", "name": "ABURA FLOWLINE", "status": "OPERATIONAL", "updt": "Aug 17, 2022 11:19:41 AM"}}, {"type": "Feature", "id": "mps_mapping_pipeline.d39960d8-140c-4ac1-b79c-04e555ee63a1", "geometry": {"type": "LineString", "coordinates": [[6.7995543, 5.3691726], [6.7996044, 5.3691726], [6.8000445, 5.3692727]]}, "properties": {"admin_area_name": "Nigeria", "fluid": "OIL", "mps_created_time": "Sep 8, 2021 12:13:27 PM", "mps_datasource_tags": "Data derived from Shell World Map, 2019, (https://reports.shell.com/investors-handbook/2019/servicepages/worldmap.php). Last Accessed Jan 2021", "mps_est_elevation_end_m": "48.0", "mps_est_elevation_start_m": "50.0", "mps_est_length_km": "0.0555712336815111", "mps_est_shore_status": "ONSHORE", "mps_uuid": "d39960d8-140c-4ac1-b79c-04e555ee63a1", "name": "NIGERIA PIPELINE", "status": "OPERATIONAL", "updt": "May 28, 2025 9:01:27 PM"}}, {"type": "Feature", "id": "mps_mapping_pipeline.f9e38d12-afb8-4597-a68a-a5382e454d18", "geometry": {"type": "LineString", "coordinates": [[6.4637585, 5.1707425], [6.463759, 5.170743], [6.463769, 5.170752]]}, "properties": {"admin_area_name": "Nigeria", "fluid": "OIL", "mps_created_time": "Sep 8, 2021 12:13:46 PM", "mps_datasource_tags": "Data derived from Shell World Map, 2019, (https://reports.shell.com/investors-handbook/2019/servicepages/worldmap.php). Last Accessed Jan 2021", "mps_est_elevation_end_m": "22.0", "mps_est_elevation_start_m": "22.0", "mps_est_length_km": "0.00156817006539536", "mps_est_shore_status": "ONSHORE", "mps_uuid": "f9e38d12-afb8-4597-a68a-a5382e454d18", "name": "NIGERIA PIPELINE", "status": "OPERATIONAL", "updt": "May 28, 2025 9:01:36 PM"}}, {"type": "Feature", "id": "mps_mapping_pipeline.b6ec50ac-6f04-433c-8424-729ee198629b", "geometry": {"type": "LineString", "coordinates": [[6.4073333, 5.2573889], [6.4369767536713525, 5.262992664111499], [6.441903680245645, 5.261021893481781], [6.4542757403099795, 5.265401383770041], [6.4622683100860545, 5.272846517260084], [6.4689167, 5.2763611], [6.47179370146302, 5.274926775147008], [6.477268064323345, 5.2752552369186265], [6.493910127418734, 5.250182655018338], [6.5225, 5.257194], [6.526592073694876, 5.2599817645383204], [6.537376568529716, 5.26266420233988], [6.547777857964334, 5.263485356768928], [6.548489525136176, 5.264634972969597], [6.583443331999352, 5.257655160322681], [6.587220642372976, 5.250483744975655], [6.5981667, 5.2501111], [6.5993611, 5.24975], [6.6017778, 5.2429722]]}, "properties": {"admin_area_name": "Nigeria", "fluid": "OIL", "mps_created_time": "Jan 1, 1900 12:00:00 AM", "mps_datasource_tags": "Inferred from satellite imagery and NG oil spill data.", "mps_est_elevation_end_m": "18.0", "mps_est_elevation_start_m": "16.0", "mps_est_length_km": "25.0688597489859", "mps_est_shore_status": "ONSHORE", "mps_uuid": "b6ec50ac-6f04-433c-8424-729ee198629b", "name": "IDU FLOWLINE", "status": "OPERATIONAL", "updt": "Aug 17, 2022 11:19:40 AM"}}, {"type": "Feature", "id": "mps_mapping_pipeline.a5daa214-9118-4495-a26d-37834f65f9d5", "geometry": {"type": "LineString", "coordinates": [[6.6101111, 5.6064167], [6.6152254298803275, 5.598400033610042], [6.618154214010601, 5.596429262980324], [6.6224444, 5.5971944], [6.6262222, 5.5983333], [6.6395278, 5.6030556], [6.6439722, 5.6048056], [6.655872574118238, 5.608938182116166], [6.6593889, 5.6148611], [6.665206362795091, 5.6247043471539016], [6.667231877053411, 5.6282079393845095], [6.6676944, 5.6289444], [6.6681556757860925, 5.629104366302887], [6.671988250570931, 5.630318635353077]]}, "properties": {"admin_area_name": "Nigeria", "fluid": "OIL", "mps_created_time": "Jan 1, 1900 12:00:00 AM", "mps_datasource_tags": "Inferred from satellite imagery and NG oil spill data.", "mps_est_elevation_end_m": "21.0", "mps_est_elevation_start_m": "17.0", "mps_est_length_km": "8.9217300109802", "mps_est_shore_status": "ONSHORE", "mps_uuid": "a5daa214-9118-4495-a26d-37834f65f9d5", "name": "AGWE FLOWLINE", "status": "OPERATIONAL", "updt": "Aug 17, 2022 11:19:39 AM"}}, {"type": "Feature", "id": "mps_mapping_pipeline.0dc375cc-bb1f-46e3-8bd9-d5720e8635fe", "geometry": {"type": "LineString", "coordinates": [[6.246267301407871, 5.329952915840101], [6.246127386131636, 5.330730731305113], [6.244308487540594, 5.333377618341315], [6.245147979197998, 5.334782321298904], [6.24446006242318, 5.340679716795768], [6.241580139654027, 5.34604885134076], [6.238758514916638, 5.351516613483759], [6.234934164032902, 5.357460282489598], [6.222225193108299, 5.376567857587597], [6.216150538198464, 5.385749960233105], [6.20590174421431, 5.401293051566597], [6.197984871500726, 5.413190966413827], [6.194580266445697, 5.418275077196294], [6.177918688967478, 5.429661937139254], [6.16216656078478, 5.440131622639124], [6.14390761723622, 5.452481438699372], [6.126231654005301, 5.464691721321671], [6.122966964226504, 5.466734481954918], [6.111575528819774, 5.475822360936555], [6.097001020878714, 5.487904499435572], [6.092101071308927, 5.491873794138317], [6.091375260813464, 5.492140734061558], [6.089933841978093, 5.493334708450212], [6.0895607345748, 5.494042677553055], [6.086779918459647, 5.49627103382675], [6.064419708376476, 5.514460260054294], [6.057301518698064, 5.520280462687032]]}, "properties": {"admin_area_name": "Nigeria", "fluid": "GAS", "mps_created_time": "Feb 14, 2023 5:36:36 PM", "mps_datasource_tags": "https://www.nigeriangasassociation.org.ng/assets/pdf/resources//Ezeala%20NGA%20Business%20Forum%20Presentation_Final.pdf", "mps_est_elevation_end_m": "13.0", "mps_est_elevation_start_m": "13.0", "mps_est_length_km": "30.4638155721006", "mps_est_shore_status": "ONSHORE", "mps_uuid": "0dc375cc-bb1f-46e3-8bd9-d5720e8635fe", "name": "EZERE TO ERIEMU", "operator_group_name": "NIGERIAN GAS COMPANY (GROUP)", "optr_name": "NIGERIAN GAS COMPANY", "status": "OPERATIONAL", "updt": "Feb 15, 2023 9:34:01 AM"}}, {"type": "Feature", "id": "mps_mapping_pipeline.e16ec72c-8d4a-4e7c-bd98-f1bbe094cfb4", "geometry": {"type": "LineString", "coordinates": [[6.435295953199503, 5.679815356827079], [6.4959444, 5.6631111], [6.4965556, 5.6613056], [6.497156253521146, 5.659943419644108], [6.49841535697902, 5.659833932386902], [6.502740103638675, 5.66081931770176], [6.522283579050023, 5.654879633998311], [6.534176632364073, 5.650007451052624], [6.53820028906641, 5.655043864884121], [6.5645456603317145, 5.64740712869397], [6.587401125273559, 5.62345679118006], [6.586935804430432, 5.619405762663422], [6.5886328569171315, 5.617270761147896]]}, "properties": {"admin_area_name": "Nigeria", "fluid": "OIL", "mps_created_time": "Jan 1, 1900 12:00:00 AM", "mps_datasource_tags": "Inferred from satellite imagery and NG oil spill data.", "mps_est_elevation_end_m": "20.0", "mps_est_elevation_start_m": "17.0", "mps_est_length_km": "19.8292197284184", "mps_est_shore_status": "ONSHORE", "mps_uuid": "e16ec72c-8d4a-4e7c-bd98-f1bbe094cfb4", "name": "ASHAKA FLOWLINE", "status": "OPERATIONAL", "updt": "Aug 17, 2022 11:19:40 AM"}}, {"type": "Feature", "id": "mps_mapping_pipeline.5e741780-d3be-4643-a6ac-5565ae59b4a0", "geometry": {"type": "LineString", "coordinates": [[6.050947, 5.525886], [6.0510556, 5.52625], [6.050694, 5.529006], [6.054014278300579, 5.538243628728662], [6.06381338782056, 5.578753913895064], [6.068261307644573, 5.5974078053416205], [6.066591626972174, 5.603279059509319], [6.066933774650944, 5.604291816638479], [6.067563326379881, 5.606522619504061], [6.067768614987145, 5.620427501169286], [6.068589769416193, 5.625463915000784], [6.0716417267108245, 5.634181837855852], [6.07158698308222, 5.638191808651039], [6.069643584266805, 5.644090434633039]]}, "properties": {"admin_area_name": "Nigeria", "fluid": "OIL", "mps_created_time": "Jan 1, 1900 12:00:00 AM", "mps_datasource_tags": "Inferred from satellite imagery and NG oil spill data.", "mps_est_elevation_end_m": "17.0", "mps_est_elevation_start_m": "13.0", "mps_est_length_km": "13.4694907454293", "mps_est_shore_status": "ONSHORE", "mps_uuid": "5e741780-d3be-4643-a6ac-5565ae59b4a0", "name": "KOKORI-ERIEMU", "status": "OPERATIONAL", "updt": "Aug 17, 2022 11:19:39 AM"}}, {"type": "Feature", "id": "mps_mapping_pipeline.1d279f58-3d83-4159-9a9a-96560f7a853e", "geometry": {"type": "LineString", "coordinates": [[6.72483, 5.6394076], [6.72487, 5.642087], [6.7315702, 5.6528363]]}, "properties": {"admin_area_name": "Nigeria", "fluid": "GAS", "mps_created_time": "Sep 8, 2021 12:13:17 PM", "mps_datasource_tags": "Data derived from Shell World Map, 2019, (https://reports.shell.com/investors-handbook/2019/servicepages/worldmap.php). Last Accessed Jan 2021", "mps_est_elevation_end_m": "20.0", "mps_est_elevation_start_m": "22.0", "mps_est_length_km": "1.69776072226363", "mps_est_shore_status": "ONSHORE", "mps_uuid": "1d279f58-3d83-4159-9a9a-96560f7a853e", "name": "NIGERIA PIPELINE", "status": "OPERATIONAL", "updt": "May 28, 2025 9:01:22 PM"}}, {"type": "Feature", "id": "mps_mapping_pipeline.df13a15d-c292-46fe-8f71-b725d7e074a0", "geometry": {"type": "LineString", "coordinates": [[6.4521503, 5.154363], [6.4517603, 5.1548424], [6.4514637, 5.155189], [6.451182, 5.155536], [6.450887, 5.155877], [6.4505916, 5.1562424], [6.450014, 5.1568727], [6.4499316, 5.1569123], [6.449701, 5.1570864], [6.449564, 5.157197], [6.4497285, 5.1573677], [6.4503746, 5.1579933], [6.451389, 5.158975], [6.451719, 5.159281], [6.4519677, 5.1595373], [6.452287, 5.159825], [6.4526043, 5.1601176], [6.452898, 5.1603994], [6.453218, 5.160715], [6.4535475, 5.1610465], [6.4539185, 5.1613865], [6.454297, 5.1617413], [6.454633, 5.16205], [6.455026, 5.162423], [6.455407, 5.1627774], [6.455712, 5.163087], [6.455938, 5.163297], [6.456332, 5.1636767], [6.4567204, 5.164042], [6.457247, 5.164529], [6.457737, 5.1649914], [6.4584017, 5.165633], [6.4586883, 5.1659155], [6.4597034, 5.1668744], [6.4603024, 5.1674433], [6.4605937, 5.1677265], [6.460885, 5.1680017], [6.461178, 5.168288], [6.461517, 5.168614], [6.461819, 5.168902], [6.4621263, 5.169197], [6.4624352, 5.169492], [6.4627533, 5.1697927], [6.4630723, 5.1700897], [6.463413, 5.170423], [6.4637585, 5.1707425]]}, "properties": {"admin_area_name": "Nigeria", "fluid": "OIL", "mps_created_time": "Sep 8, 2021 12:13:19 PM", "mps_datasource_tags": "Data derived from Shell World Map, 2019, (https://reports.shell.com/investors-handbook/2019/servicepages/worldmap.php). Last Accessed Jan 2021", "mps_est_elevation_end_m": "22.0", "mps_est_elevation_start_m": "19.0", "mps_est_length_km": "2.59947782458638", "mps_est_shore_status": "ONSHORE", "mps_uuid": "df13a15d-c292-46fe-8f71-b725d7e074a0", "name": "NIGERIA PIPELINE", "status": "OPERATIONAL", "updt": "May 28, 2025 9:01:23 PM"}}, {"type": "Feature", "id": "mps_mapping_pipeline.5cf8ce9e-0b92-49a4-bd3e-d61fd766dcfc", "geometry": {"type": "LineString", "coordinates": [[6.6017778, 5.2429722], [6.612022927607041, 5.258962164455615], [6.616812995109824, 5.29093244355991], [6.6433139, 5.3201472], [6.6283889, 5.3290278], [6.624980060202069, 5.340194866349235], [6.6384167, 5.3648611], [6.6527820831197255, 5.38281323169274]]}, "properties": {"admin_area_name": "Nigeria", "fluid": "OIL", "mps_created_time": "Jan 1, 1900 12:00:00 AM", "mps_datasource_tags": "Inferred from satellite imagery and NG oil spill data.", "mps_est_elevation_end_m": "21.0", "mps_est_elevation_start_m": "18.0", "mps_est_length_km": "18.9109303108262", "mps_est_shore_status": "ONSHORE", "mps_uuid": "5cf8ce9e-0b92-49a4-bd3e-d61fd766dcfc", "name": "IDU - OB/OB GAS PIPELINE", "status": "OPERATIONAL", "updt": "Aug 17, 2022 11:19:39 AM"}}, {"type": "Feature", "id": "mps_mapping_pipeline.2bf4db3c-5115-48a7-a29b-827043d6d131", "geometry": {"type": "LineString", "coordinates": [[6.7612658, 5.1916385], [6.7607455, 5.1919284], [6.7588654, 5.192818]]}, "properties": {"admin_area_name": "Nigeria", "fluid": "OIL", "mps_created_time": "Sep 8, 2021 12:13:37 PM", "mps_datasource_tags": "Data derived from Shell World Map, 2019, (https://reports.shell.com/investors-handbook/2019/servicepages/worldmap.php). Last Accessed Jan 2021", "mps_est_elevation_end_m": "36.0", "mps_est_elevation_start_m": "38.0", "mps_est_length_km": "0.29648034625351", "mps_est_shore_status": "ONSHORE", "mps_uuid": "2bf4db3c-5115-48a7-a29b-827043d6d131", "name": "NIGERIA PIPELINE", "status": "OPERATIONAL", "updt": "May 28, 2025 9:01:32 PM"}}, {"type": "Feature", "id": "mps_mapping_pipeline.382c3cf9-7fba-4a75-b9e8-3fbef8c74d26", "geometry": {"type": "LineString", "coordinates": [[6.5498611, 5.3885], [6.55248238854743, 5.388246086355737], [6.5546173900629565, 5.389696792513724], [6.55787463596485, 5.389395702556405], [6.5588611, 5.3878889], [6.5618889, 5.3873333], [6.5655, 5.3867222], [6.5661944, 5.38675], [6.571, 5.3944167], [6.5711667, 5.3971389], [6.5711944, 5.3992222], [6.5713889, 5.4071111], [6.580894331792515, 5.4112110385548], [6.586231835581331, 5.413455527327533], [6.588722670682779, 5.414440912642391], [6.5876667, 5.4176389]]}, "properties": {"admin_area_name": "Nigeria", "fluid": "OIL", "mps_created_time": "Jan 1, 1900 12:00:00 AM", "mps_datasource_tags": "Inferred from satellite imagery and NG oil spill data.", "mps_est_elevation_end_m": "15.0", "mps_est_elevation_start_m": "22.0", "mps_est_length_km": "6.82719221267573", "mps_est_shore_status": "ONSHORE", "mps_uuid": "382c3cf9-7fba-4a75-b9e8-3fbef8c74d26", "name": "OBIAFU FLOWLINE", "status": "OPERATIONAL", "updt": "Aug 17, 2022 11:19:40 AM"}}, {"type": "Feature", "id": "mps_mapping_pipeline.1422b0bb-7c85-4f9b-8058-e0c80624d410", "geometry": {"type": "LineString", "coordinates": [[6.357704557977078, 5.684942867478195], [6.3266944, 5.6473611], [6.2996111, 5.6091389], [6.253171599159179, 5.557937649118664], [6.222871000727282, 5.548138539598682], [6.194130595710577, 5.525693651871351], [6.182470202818087, 5.502619212415082], [6.177816994386811, 5.497582798583584], [6.172123657012073, 5.485429713033663], [6.169441219210515, 5.483431570589644], [6.165527049765382, 5.477984579543621], [6.163173073735442, 5.472236498540281], [6.156248004717131, 5.470785792382294], [6.154468836787525, 5.470429958796374], [6.149897743799154, 5.466406302094035], [6.148036460426644, 5.461479375519743], [6.141439853179953, 5.453432062115065]]}, "properties": {"admin_area_name": "Nigeria", "fluid": "OIL", "mps_created_time": "Jan 1, 1900 12:00:00 AM", "mps_datasource_tags": "Inferred from satellite imagery and NG oil spill data.", "mps_est_elevation_end_m": "16.0", "mps_est_elevation_start_m": "21.0", "mps_est_length_km": "36.0886163249135", "mps_est_shore_status": "ONSHORE", "mps_uuid": "1422b0bb-7c85-4f9b-8058-e0c80624d410", "name": "KWALE - ERIEMU PIPELINE", "status": "OPERATIONAL", "updt": "Aug 17, 2022 11:19:39 AM"}}, {"type": "Feature", "id": "mps_mapping_pipeline.dcf12796-6576-4605-a65f-805e82b14ed2", "geometry": {"type": "LineString", "coordinates": [[6.4637585, 5.1707425], [6.463769, 5.170752]]}, "properties": {"admin_area_name": "Nigeria", "fluid": "OIL", "mps_created_time": "Sep 8, 2021 12:13:28 PM", "mps_datasource_tags": "Data derived from Shell World Map, 2019, (https://reports.shell.com/investors-handbook/2019/servicepages/worldmap.php). Last Accessed Jan 2021", "mps_est_elevation_end_m": "22.0", "mps_est_elevation_start_m": "22.0", "mps_est_length_km": "0.00156806727611726", "mps_est_shore_status": "ONSHORE", "mps_uuid": "dcf12796-6576-4605-a65f-805e82b14ed2", "name": "NIGERIA PIPELINE", "status": "OPERATIONAL", "updt": "May 28, 2025 9:01:28 PM"}}, {"type": "Feature", "id": "mps_mapping_pipeline.86a51f7e-9ae0-46ec-aae5-e21be6b172a5", "geometry": {"type": "LineString", "coordinates": [[6.587160768852731, 5.420167025060481], [6.586005162744178, 5.420583746530096], [6.5813656402200555, 5.428288912255999], [6.58518400831513, 5.440359882363008], [6.5836785585285424, 5.441345267677867], [6.581488813384413, 5.446586970116625], [6.580708716676817, 5.4528277437773935], [6.580092850855031, 5.454387937192585]]}, "properties": {"admin_area_name": "Nigeria", "fluid": "OIL", "mps_created_time": "Jan 1, 1900 12:00:00 AM", "mps_datasource_tags": "Inferred from satellite imagery and NG oil spill data.", "mps_est_elevation_end_m": "26.0", "mps_est_elevation_start_m": "23.0", "mps_est_length_km": "4.24035336721737", "mps_est_shore_status": "ONSHORE", "mps_uuid": "86a51f7e-9ae0-46ec-aae5-e21be6b172a5", "name": "OGBOGENE FLOWLINE", "status": "OPERATIONAL", "updt": "Aug 17, 2022 11:19:40 AM"}}, {"type": "Feature", "id": "mps_mapping_pipeline.da3e13db-fe92-43d6-9755-b71fc073d19c", "geometry": {"type": "LineString", "coordinates": [[6.217074854470174, 5.38483679219779], [6.1743937682929895, 5.431909501389991], [6.092325313199882, 5.4918826031888], [6.023809132254675, 5.54801303484947], [5.978726377241153, 5.5632464771828065], [5.8317361, 5.5912222]]}, "properties": {"admin_area_name": "Nigeria", "fluid": "OIL", "mps_created_time": "Jan 1, 1900 12:00:00 AM", "mps_datasource_tags": "Inferred from satellite imagery and NG oil spill data.", "mps_est_elevation_end_m": "14.0", "mps_est_elevation_start_m": "11.0", "mps_est_length_km": "49.9448927992448", "mps_est_shore_status": "ONSHORE", "mps_uuid": "da3e13db-fe92-43d6-9755-b71fc073d19c", "name": "UTUROGU - UGHELLI WEST GAS LINE", "status": "OPERATIONAL", "updt": "Aug 17, 2022 11:19:37 AM"}}, {"type": "Feature", "id": "mps_mapping_pipeline.48cd68ed-3dd0-4e1a-88ea-8ef56bfebf4a", "geometry": {"type": "LineString", "coordinates": [[5.9144444, 5.3561111], [5.886, 5.4284722], [5.886788314683512, 5.44347970948553], [5.890188178540596, 5.454305591767296], [5.897793137168283, 5.458421216436397], [5.916850268788252, 5.491525153992211], [5.926870920156499, 5.503335207390501], [5.93179177573912, 5.506824541349087], [5.9605833, 5.5156111], [5.9977536080716165, 5.51997664626991], [6.057788046179593, 5.525792202867553], [6.137819051973311, 5.542970462355975], [6.198121900385795, 5.556480447682808], [6.3142093570849, 5.574195527780244]]}, "properties": {"admin_area_name": "Nigeria", "fluid": "OIL", "mps_created_time": "Jan 1, 1900 12:00:00 AM", "mps_datasource_tags": "Inferred from satellite imagery and NG oil spill data.", "mps_est_elevation_end_m": "23.0", "mps_est_elevation_start_m": "10.0", "mps_est_length_km": "62.1751596008798", "mps_est_shore_status": "ONSHORE", "mps_uuid": "48cd68ed-3dd0-4e1a-88ea-8ef56bfebf4a", "name": "UTOTOGU UPS DELIVERY LINE", "status": "OPERATIONAL", "updt": "Aug 17, 2022 11:19:38 AM"}}, {"type": "Feature", "id": "mps_mapping_pipeline.c26e4315-29ea-4350-8846-e1e1fcff24ef", "geometry": {"type": "LineString", "coordinates": [[6.509302967658017, 5.658910451435746], [6.515604856360432, 5.676763399532451], [6.516480754418084, 5.680294363577358], [6.516480754418084, 5.681635582478138], [6.5177778, 5.68275], [6.5221740917928175, 5.69540360507185], [6.524829157780074, 5.703341431219317], [6.5382778, 5.7060556]]}, "properties": {"admin_area_name": "Nigeria", "fluid": "OIL", "mps_created_time": "Jan 1, 1900 12:00:00 AM", "mps_datasource_tags": "Inferred from satellite imagery and NG oil spill data.", "mps_est_elevation_end_m": "26.0", "mps_est_elevation_start_m": "20.0", "mps_est_length_km": "6.76108261110705", "mps_est_shore_status": "ONSHORE", "mps_uuid": "c26e4315-29ea-4350-8846-e1e1fcff24ef", "name": "BENEKU/KWALE", "status": "OPERATIONAL", "updt": "Aug 17, 2022 11:19:40 AM"}}, {"type": "Feature", "id": "mps_mapping_pipeline.523ee6bd-3b3a-43e5-8b41-08a3ff86ec8d", "geometry": {"type": "LineString", "coordinates": [[6.5188055, 5.653917], [6.5188446, 5.655925]]}, "properties": {"admin_area_name": "Nigeria", "mps_created_time": "Jan 1, 1900 12:00:00 AM", "mps_datasource_tags": "Inferred from satellite imagery and NG oil spill data.", "mps_est_elevation_end_m": "20.0", "mps_est_elevation_start_m": "23.0", "mps_est_length_km": "0.222097038606209", "mps_est_shore_status": "ONSHORE", "mps_uuid": "523ee6bd-3b3a-43e5-8b41-08a3ff86ec8d", "name": "KWALE FLOWLINE", "status": "OPERATIONAL", "updt": "Aug 17, 2022 11:19:40 AM"}}, {"type": "Feature", "id": "mps_mapping_pipeline.7543458d-a3ec-4660-87f4-d0f58d6739c4", "geometry": {"type": "LineString", "coordinates": [[6.587641484017864, 5.417639993438894], [6.587446459840964, 5.417728951835374], [6.5873056, 5.4185278], [6.5871667, 5.42], [6.587152212837223, 5.420407968160145], [6.5941667, 5.4261389], [6.5945278, 5.4265], [6.59465, 5.4291972], [6.595514302106369, 5.430316564937337], [6.5994722, 5.43275], [6.6122222, 5.4405833], [6.6134444, 5.4418333], [6.6151111, 5.4425556], [6.62475, 5.4470278], [6.626088618681284, 5.4482177314906], [6.633999073014454, 5.447560807947361], [6.6353611, 5.44875], [6.6413073474329885, 5.449586322205682], [6.655403831798327, 5.446849140775519], [6.662109926302225, 5.44887465503384], [6.677082308725215, 5.447560807947362], [6.6954444, 5.45725], [6.705028931127174, 5.454130043379752], [6.7099167, 5.4590833], [6.714006886218107, 5.460918253326556], [6.716607208576762, 5.46368280657102], [6.7282222, 5.4578611], [6.730402602984779, 5.457332545653042], [6.7313058728567325, 5.456046070380866], [6.7346944, 5.45575], [6.736588633016947, 5.455443890466227], [6.737832074293492, 5.46283909384779], [6.759950623373219, 5.465602663059042]]}, "properties": {"admin_area_name": "Nigeria", "fluid": "OIL", "mps_created_time": "Jan 1, 1900 12:00:00 AM", "mps_datasource_tags": "Inferred from satellite imagery and NG oil spill data.", "mps_est_elevation_end_m": "24.0", "mps_est_elevation_start_m": "15.0", "mps_est_length_km": "22.4114008156156", "mps_est_shore_status": "ONSHORE", "mps_uuid": "7543458d-a3ec-4660-87f4-d0f58d6739c4", "name": "OBIAFU/MGBEDED FLOWLINE", "status": "OPERATIONAL", "updt": "Aug 17, 2022 11:19:40 AM"}}, {"type": "Feature", "id": "mps_mapping_pipeline.ae9376cf-280a-4579-92e8-93db5be7f498", "geometry": {"type": "LineString", "coordinates": [[6.509302967658017, 5.658910451435746], [6.5075, 5.653], [6.4628056, 5.6075], [6.4383611, 5.5886944], [6.4122222, 5.5658333], [6.3966944, 5.5486111], [6.3450387643152295, 5.523375686944336], [6.3383889, 5.5098611], [6.319965285860538, 5.500621781386333], [6.300353260131935, 5.499306168996703], [6.2178611, 5.4872778]]}, "properties": {"admin_area_name": "Nigeria", "fluid": "OIL", "mps_created_time": "Jan 1, 1900 12:00:00 AM", "mps_datasource_tags": "Inferred from satellite imagery and NG oil spill data.", "mps_est_elevation_end_m": "21.0", "mps_est_elevation_start_m": "20.0", "mps_est_length_km": "39.3005966134056", "mps_est_shore_status": "ONSHORE", "mps_uuid": "ae9376cf-280a-4579-92e8-93db5be7f498", "name": "IRRI/KWALE PIPELINE", "status": "OPERATIONAL", "updt": "Aug 17, 2022 11:19:38 AM"}}, {"type": "Feature", "id": "mps_mapping_pipeline.edc6c05d-fc97-46e3-8074-87f59bcf85a1", "geometry": {"type": "LineString", "coordinates": [[6.463769, 5.170752], [6.463769, 5.1707525], [6.4640512, 5.1710153], [6.464369, 5.17133], [6.464675, 5.171625], [6.4649296, 5.1718574], [6.465487, 5.172377], [6.466062, 5.1729245], [6.466693, 5.173502], [6.4669104, 5.1737094], [6.467126, 5.173915], [6.4678736, 5.1746335], [6.4688654, 5.1755652], [6.4694376, 5.1761646], [6.4706707, 5.177319], [6.470851, 5.1774917], [6.4711695, 5.177804], [6.471507, 5.178122], [6.4718227, 5.1784215], [6.472156, 5.178741], [6.4725256, 5.179109], [6.4729247, 5.179502], [6.4733377, 5.179892], [6.4737453, 5.1802626], [6.4741445, 5.1806436], [6.474552, 5.1810365], [6.4749517, 5.1814113], [6.475123, 5.1815743], [6.475432, 5.181883], [6.475795, 5.1822233], [6.4760456, 5.18246], [6.476159, 5.182567], [6.4765143, 5.1829004], [6.4768963, 5.1832643], [6.477268, 5.183622], [6.4776373, 5.183978], [6.477999, 5.1843276], [6.4783587, 5.184678], [6.4787416, 5.1850376], [6.479125, 5.185402], [6.4794827, 5.185735], [6.479841, 5.186092], [6.4801893, 5.186424], [6.480562, 5.186778], [6.4809346, 5.1871386], [6.4812884, 5.187465], [6.4816537, 5.1878037], [6.482, 5.188135], [6.4822426, 5.188277], [6.482616, 5.188634], [6.482995, 5.188987], [6.4833565, 5.1893373], [6.4837546, 5.189708], [6.484129, 5.1900687], [6.4844847, 5.190414], [6.484875, 5.1907926], [6.4852557, 5.19112], [6.485282, 5.191143], [6.485667, 5.1915116], [6.4858494, 5.1917057], [6.486156, 5.192122], [6.486451, 5.1925616], [6.486704, 5.1929383], [6.486918, 5.193262], [6.4871755, 5.1936984], [6.4873385, 5.1939116], [6.4879684, 5.1946516], [6.4883237, 5.195065], [6.4886274, 5.1954684], [6.4889154, 5.195895], [6.4891663, 5.196334], [6.489312, 5.1966205], [6.4895377, 5.1974187], [6.4896297, 5.19774], [6.489723, 5.198019], [6.49, 5.198765], [6.490169, 5.198874], [6.490209, 5.1989017], [6.490225, 5.198913], [6.490244, 5.198917], [6.490411, 5.198924], [6.4906015, 5.198931], [6.490616, 5.1989255], [6.4906254, 5.1989145], [6.490587, 5.1987224], [6.4905586, 5.198585], [6.4905577, 5.198577], [6.490555, 5.198561], [6.4905515, 5.1985507], [6.490544, 5.198543], [6.490514, 5.1985345], [6.4904733, 5.198547], [6.4904075, 5.1985683]]}, "properties": {"admin_area_name": "Nigeria", "fluid": "OIL", "mps_created_time": "Sep 8, 2021 12:13:21 PM", "mps_datasource_tags": "Data derived from Shell World Map, 2019, (https://reports.shell.com/investors-handbook/2019/servicepages/worldmap.php). Last Accessed Jan 2021", "mps_est_elevation_end_m": "19.0", "mps_est_elevation_start_m": "22.0", "mps_est_length_km": "4.42137232728686", "mps_est_shore_status": "ONSHORE", "mps_uuid": "edc6c05d-fc97-46e3-8074-87f59bcf85a1", "name": "NIGERIA PIPELINE", "status": "OPERATIONAL", "updt": "May 28, 2025 9:01:23 PM"}}, {"type": "Feature", "id": "mps_mapping_pipeline.780739eb-f5d1-4eec-a80b-dea51619c28b", "geometry": {"type": "LineString", "coordinates": [[6.713749420089798, 5.660696144537405], [6.712389, 5.653639], [6.707481274614729, 5.642384400769627], [6.704716721370266, 5.64142638726907], [6.703402874283789, 5.641453759083372], [6.7028280661834545, 5.640796835540134], [6.671988250570931, 5.630318635353077]]}, "properties": {"admin_area_name": "Nigeria", "fluid": "OIL", "mps_created_time": "Jan 1, 1900 12:00:00 AM", "mps_datasource_tags": "Inferred from satellite imagery and NG oil spill data.", "mps_est_elevation_end_m": "21.0", "mps_est_elevation_start_m": "18.0", "mps_est_length_km": "6.32699253308506", "mps_est_shore_status": "ONSHORE", "mps_uuid": "780739eb-f5d1-4eec-a80b-dea51619c28b", "name": "AKRI FLOWLINE", "status": "OPERATIONAL", "updt": "Aug 17, 2022 11:19:40 AM"}}, {"type": "Feature", "id": "mps_mapping_pipeline.c1cbe4c1-1fe3-4165-98c0-9d91f782d0a0", "geometry": {"type": "LineString", "coordinates": [[6.664925801698496, 5.361558567411656], [6.6608889, 5.3650556], [6.6636389, 5.3705833], [6.652895033943744, 5.378506424994943], [6.6528306, 5.3792611], [6.652717972519972, 5.387507047369595], [6.652498998005559, 5.389258843484899], [6.6489167, 5.3894722], [6.6367778, 5.3929167], [6.6343278, 5.3942917], [6.634378856937884, 5.395882822545891], [6.6326389, 5.3960556], [6.631203726478896, 5.3964302588319235], [6.6045556, 5.4173889], [6.603503450405653, 5.418053992130206], [6.6010556, 5.4174444], [6.597591138516503, 5.417670786729984], [6.596605753201644, 5.418491941159032], [6.5876667, 5.4176389]]}, "properties": {"admin_area_name": "Nigeria", "fluid": "OIL", "mps_created_time": "Jan 1, 1900 12:00:00 AM", "mps_datasource_tags": "Inferred from satellite imagery and NG oil spill data.", "mps_est_elevation_end_m": "15.0", "mps_est_elevation_start_m": "22.0", "mps_est_length_km": "12.2786882963669", "mps_est_shore_status": "ONSHORE", "mps_uuid": "c1cbe4c1-1fe3-4165-98c0-9d91f782d0a0", "name": "OBIAFU FLOWLINE", "status": "OPERATIONAL", "updt": "Aug 17, 2022 11:19:40 AM"}}, {"type": "Feature", "id": "mps_mapping_pipeline.9d42cc27-ee5c-4b22-81dc-ea3f44f10cf3", "geometry": {"type": "LineString", "coordinates": [[6.2011111, 5.4469444], [6.191167, 5.452611], [6.1852778, 5.4558222], [6.164424478870758, 5.467054244260656], [6.1569667, 5.4705444], [6.141317, 5.479833], [6.1363611, 5.4861667], [6.120733, 5.492103], [6.118556, 5.493639], [6.116523803842935, 5.495466187505729], [6.10809328503804, 5.499681446908177], [6.095, 5.49]]}, "properties": {"admin_area_name": "Nigeria", "fluid": "OIL", "mps_created_time": "Jan 1, 1900 12:00:00 AM", "mps_datasource_tags": "Inferred from satellite imagery and NG oil spill data.", "mps_est_elevation_end_m": "17.0", "mps_est_elevation_start_m": "18.0", "mps_est_length_km": "13.748809971954", "mps_est_shore_status": "ONSHORE", "mps_uuid": "9d42cc27-ee5c-4b22-81dc-ea3f44f10cf3", "name": "OLOMORO - OWEH", "status": "OPERATIONAL", "updt": "Aug 17, 2022 11:19:40 AM"}}, {"type": "Feature", "id": "mps_mapping_pipeline.9609386b-6b57-4924-8b40-3152c9be70a4", "geometry": {"type": "LineString", "coordinates": [[6.6706944, 5.6319444], [6.695342730341178, 5.600972984154395], [6.7003333, 5.5852778], [6.7169444, 5.5344444], [6.7186635161261625, 5.528136586297774]]}, "properties": {"admin_area_name": "Nigeria", "fluid": "OIL", "mps_created_time": "Jan 1, 1900 12:00:00 AM", "mps_datasource_tags": "Inferred from satellite imagery and NG oil spill data.", "mps_est_elevation_end_m": "20.0", "mps_est_elevation_start_m": "22.0", "mps_est_length_km": "12.8400545339485", "mps_est_shore_status": "ONSHORE", "mps_uuid": "9609386b-6b57-4924-8b40-3152c9be70a4", "name": "EBOCH-AKRI DELIVERY LINE", "status": "OPERATIONAL", "updt": "Aug 17, 2022 11:19:39 AM"}}, {"type": "Feature", "id": "mps_mapping_pipeline.8c0d4b9f-fb4e-4a60-8219-fcf7be60b99a", "geometry": {"type": "LineString", "coordinates": [[6.6956381862910925, 5.457186918685559], [6.6973333, 5.46075], [6.6980278, 5.46475], [6.698213349366069, 5.466201013486769], [6.7011147616820415, 5.475452686720718], [6.7043889, 5.4871111], [6.7056944, 5.4916389], [6.7072222, 5.4963056], [6.712720410945931, 5.516428292730251], [6.7159722, 5.5230278], [6.7186635161261625, 5.528136586297774]]}, "properties": {"admin_area_name": "Nigeria", "fluid": "OIL", "mps_created_time": "Jan 1, 1900 12:00:00 AM", "mps_datasource_tags": "Inferred from satellite imagery and NG oil spill data.", "mps_est_elevation_end_m": "20.0", "mps_est_elevation_start_m": "21.0", "mps_est_length_km": "8.28320333041649", "mps_est_shore_status": "ONSHORE", "mps_uuid": "8c0d4b9f-fb4e-4a60-8219-fcf7be60b99a", "name": "AKRI/EBOCHA PIPELINE", "status": "OPERATIONAL", "updt": "Aug 17, 2022 11:19:40 AM"}}, {"type": "Feature", "id": "mps_mapping_pipeline.810d54c8-8d47-4edc-9c3c-23c82530c6d9", "geometry": {"type": "LineString", "coordinates": [[5.9314781, 5.517375], [5.9561944, 5.4950833], [5.9857778, 5.4588889], [6.0044306, 5.4260722], [6.0372222, 5.3805556], [6.0480278, 5.3703333]]}, "properties": {"admin_area_name": "Nigeria", "fluid": "OIL", "mps_created_time": "Jan 1, 1900 12:00:00 AM", "mps_datasource_tags": "Inferred from satellite imagery and NG oil spill data.", "mps_est_elevation_end_m": "12.0", "mps_est_elevation_start_m": "14.0", "mps_est_length_km": "20.8901246502472", "mps_est_shore_status": "ONSHORE", "mps_uuid": "810d54c8-8d47-4edc-9c3c-23c82530c6d9", "name": "EVRENI PIPELINE", "status": "OPERATIONAL", "updt": "Aug 17, 2022 11:19:38 AM"}}, {"type": "Feature", "id": "mps_mapping_pipeline.724c953c-ac6b-4fcc-b8ce-6ac5583408e6", "geometry": {"type": "LineString", "coordinates": [[6.454450194250371, 5.151717793363688], [6.48535240707632, 5.173612243257964], [6.49589285637019, 5.179005031268781], [6.496378753036358, 5.199246216033254]]}, "properties": {"admin_area_name": "Nigeria", "category": "Hydrocarbon", "fluid": "OIL", "mps_created_time": "Jan 1, 1900 12:00:00 AM", "mps_datasource_tags": "Sourced from Shell Handbook 2018", "mps_est_elevation_end_m": "20.0", "mps_est_elevation_start_m": "14.0", "mps_est_length_km": "7.74626097258654", "mps_est_shore_status": "ONSHORE", "mps_uuid": "724c953c-ac6b-4fcc-b8ce-6ac5583408e6", "name": "12\" ADIBAWA F/S TO OKORDIA M/F", "operator_group_name": "SHELL PLC (GROUP)", "optr_name": "ROYAL DUTCH SHELL NIGERIA", "status": "OPERATIONAL", "updt": "May 29, 2025 12:47:46 PM"}}, {"type": "Feature", "id": "mps_mapping_pipeline.22a577fb-39ff-41dc-8d82-269efe3322fc", "geometry": {"type": "LineString", "coordinates": [[6.5231019231520415, 5.259651724703277], [6.532171612079325, 5.244453867581883], [6.533397245718147, 5.2366098122934215], [6.526533697340743, 5.223127842266378], [6.51917989550781, 5.219696068077676], [6.5189347687800465, 5.207194604961691], [6.516728628230166, 5.1981249160344065], [6.503491784930888, 5.196163902212292], [6.496137983097955, 5.199350549673229]]}, "properties": {"admin_area_name": "Nigeria", "category": "Hydrocarbon", "fluid": "OIL", "mps_created_time": "Jan 1, 1900 12:00:00 AM", "mps_datasource_tags": "Sourced from Shell Handbook 2018", "mps_est_elevation_end_m": "20.0", "mps_est_elevation_start_m": "21.0", "mps_est_length_km": "10.1961725144538", "mps_est_shore_status": "ONSHORE", "mps_uuid": "22a577fb-39ff-41dc-8d82-269efe3322fc", "name": "8\" AFAM GP TO EGBERU M/F GAS LINE.", "operator_group_name": "SHELL PLC (GROUP)", "optr_name": "ROYAL DUTCH SHELL NIGERIA", "status": "OPERATIONAL", "updt": "May 29, 2025 9:21:49 AM"}}, {"type": "Feature", "id": "mps_mapping_pipeline.2a61ee9b-4b74-4f89-a43e-377d0334a04c", "geometry": {"type": "LineString", "coordinates": [[6.6713892890000475, 5.632867441000032], [6.672799303000033, 5.634137341000031], [6.68478943100007, 5.643976574000023], [6.689849483000046, 5.64830623400006], [6.697289542000021, 5.65642557500008], [6.705659631000061, 5.663315038000054], [6.707589676000055, 5.66251513000002], [6.707649678000053, 5.662495133000044], [6.707639678000021, 5.6624651350000486], [6.7079496840000274, 5.662465138000075]]}, "properties": {"admin_area_name": "Nigeria", "category": "Hydrocarbon", "fluid": "GAS", "mps_created_time": "Jan 1, 1900 12:00:00 AM", "mps_datasource_tags": "Sourced from Shell Handbook 2018", "mps_est_elevation_end_m": "18.0", "mps_est_elevation_start_m": "21.0", "mps_est_length_km": "5.3594833046986", "mps_est_shore_status": "ONSHORE", "mps_uuid": "2a61ee9b-4b74-4f89-a43e-377d0334a04c", "name": "8\" AKRI FS - OGUTA C/S GASLINE", "operator_group_name": "SHELL PLC (GROUP)", "optr_name": "ROYAL DUTCH SHELL NIGERIA", "status": "OPERATIONAL", "updt": "May 29, 2025 12:47:48 PM"}}, {"type": "Feature", "id": "mps_mapping_pipeline.8d6f9382-73e9-4f8b-a23b-0fdf7989d6e7", "geometry": {"type": "LineString", "coordinates": [[6.762101918000042, 5.5449763670000625], [6.7622719210000355, 5.546216219000029], [6.759481333000053, 5.597191610000028], [6.757981037000036, 5.624279125000041], [6.757911034000074, 5.625549007000059], [6.757260879000057, 5.637797903000017], [6.753700765000076, 5.644047266000032], [6.75180070600004, 5.6471469650000525], [6.7517406800000686, 5.64718696100004], [6.750710662000073, 5.647466927000051], [6.749340610000048, 5.647836894000028], [6.737600379000071, 5.6510864680000585], [6.72270005200005, 5.65539594500006], [6.720889985000041, 5.655955879000027], [6.7160798760000375, 5.657525664000039], [6.715299873000049, 5.658065635000069], [6.715269884000065, 5.658115595000034], [6.715539875000047, 5.658435571000032], [6.715579876000049, 5.6584955900000375], [6.714879859000064, 5.6605254030000625], [6.708829707000064, 5.663005088000036], [6.7085597100000305, 5.663125075000031], [6.708479708000027, 5.663135085000001], [6.708439707000026, 5.663095088000023], [6.707949689000031, 5.662465146000048]]}, "properties": {"admin_area_name": "Nigeria", "category": "Hydrocarbon", "fluid": "OIL", "mps_created_time": "Jan 1, 1900 12:00:00 AM", "mps_datasource_tags": "Sourced from Shell Handbook 2018", "mps_est_elevation_end_m": "18.0", "mps_est_elevation_start_m": "21.0", "mps_est_length_km": "16.863934344284", "mps_est_shore_status": "ONSHORE", "mps_uuid": "8d6f9382-73e9-4f8b-a23b-0fdf7989d6e7", "name": "12\" OGUTA F/S TO EGBEMA  M/F DELIVERY LINE", "operator_group_name": "SHELL PLC (GROUP)", "optr_name": "ROYAL DUTCH SHELL NIGERIA", "status": "OPERATIONAL", "updt": "May 29, 2025 9:21:58 AM"}}, {"type": "Feature", "id": "mps_mapping_pipeline.be82f2cd-9d5f-475e-a940-266a2863b9ed", "geometry": {"type": "LineString", "coordinates": [[6.762101918000042, 5.5449763670000625], [6.7622719210000355, 5.546216219000029], [6.759481333000053, 5.597191610000028], [6.757981037000036, 5.624279125000041], [6.757911034000074, 5.625549007000059], [6.757260879000057, 5.637797903000017], [6.753700765000076, 5.644047266000032], [6.75180070600004, 5.6471469650000525], [6.7517406800000686, 5.64718696100004], [6.750710662000073, 5.647466927000051], [6.749340610000048, 5.647836894000028], [6.737600379000071, 5.6510864680000585], [6.72270005200005, 5.65539594500006], [6.720889985000041, 5.655955879000027], [6.7160798760000375, 5.657525664000039], [6.715299873000049, 5.658065635000069], [6.715269884000065, 5.658115595000034], [6.715539875000047, 5.658435571000032], [6.715579876000049, 5.6584955900000375], [6.714879859000064, 5.6605254030000625], [6.708829707000064, 5.663005088000036], [6.7085597100000305, 5.663125075000031], [6.708479708000027, 5.663135085000001], [6.708439707000026, 5.663095088000023], [6.707949689000031, 5.662465146000048]]}, "properties": {"admin_area_name": "Nigeria", "category": "Hydrocarbon", "fluid": "OIL", "mps_created_time": "Jan 1, 1900 12:00:00 AM", "mps_datasource_tags": "Sourced from Shell Handbook 2018", "mps_est_elevation_end_m": "18.0", "mps_est_elevation_start_m": "21.0", "mps_est_length_km": "16.863934344284", "mps_est_shore_status": "ONSHORE", "mps_uuid": "be82f2cd-9d5f-475e-a940-266a2863b9ed", "name": "12\" OGUTA F/S TO EGBEMA  M/F DELIVERY LINE", "operator_group_name": "SHELL PLC (GROUP)", "optr_name": "ROYAL DUTCH SHELL NIGERIA", "status": "OPERATIONAL", "updt": "May 29, 2025 12:38:49 PM"}}, {"type": "Feature", "id": "mps_mapping_pipeline.cf598f7c-d82d-4057-a019-bf259cec83fb", "geometry": {"type": "LineString", "coordinates": [[6.8001044590000665, 5.369402655000045], [6.80011447100003, 5.369442651000033], [6.800134447000063, 5.369512634000054], [6.800154470000053, 5.369582664000061], [6.800164481000024, 5.3696726210000545], [6.800174446000028, 5.369712618000034], [6.800184458000047, 5.369762626000077], [6.800204480000048, 5.3698225980000345], [6.800244479000071, 5.369992596000023], [6.800274468000054, 5.370122596000041], [6.80030445600005, 5.370272573000021], [6.800334443000054, 5.370422549000058], [6.800354466000044, 5.370502543000042], [6.79828437200007, 5.3753920800000285], [6.795504256000072, 5.381801484000037], [6.781003632000023, 5.416078208000039], [6.77928354200003, 5.420267831000041], [6.7757033850000425, 5.428557024000033], [6.770413150000024, 5.441045850000022], [6.76510293900003, 5.453514656000032], [6.763762894000025, 5.456634382000051], [6.7591426820000615, 5.46750332700003], [6.756312549000029, 5.474152711000044], [6.754192440000054, 5.479302203000025], [6.7555723800000465, 5.490971191000018], [6.756732267000075, 5.500510341000048], [6.756832284000041, 5.5013502250000546], [6.760312035000027, 5.5300576800000165], [6.760502061000068, 5.531367561000024], [6.762101918000042, 5.5449763670000625]]}, "properties": {"admin_area_name": "Nigeria", "category": "Hydrocarbon", "fluid": "OIL", "mps_created_time": "Jan 1, 1900 12:00:00 AM", "mps_datasource_tags": "Sourced from Shell Handbook 2018", "mps_est_elevation_end_m": "21.0", "mps_est_elevation_start_m": "48.0", "mps_est_length_km": "20.5143110286424", "mps_est_shore_status": "ONSHORE", "mps_uuid": "cf598f7c-d82d-4057-a019-bf259cec83fb", "name": "16\" EGBEMA TO ASSA TRUNKLINE", "operator_group_name": "SHELL PLC (GROUP)", "optr_name": "ROYAL DUTCH SHELL NIGERIA", "status": "OPERATIONAL", "updt": "May 29, 2025 12:43:47 PM"}}, {"type": "Feature", "id": "mps_mapping_pipeline.a143c74d-0b35-4a8a-9398-b824c43ec3fe", "geometry": {"type": "LineString", "coordinates": [[3.222225320174437, 6.868144496863088], [3.229096714851714, 6.868463478126133], [3.231169533758888, 6.868576664974508], [3.233734647156514, 6.868756734905047], [3.236076932521618, 6.86884934227135], [3.239235390331423, 6.869116874561605], [3.242251341841359, 6.869250640650305], [3.244663584844581, 6.869389551548745], [3.247612169740035, 6.86964679384613], [3.250589255895461, 6.869775414942644], [3.26274115673876, 6.870629458141115], [3.264938344780363, 6.870032657031311], [3.291397878130424, 6.875815422450901], [3.307928608915126, 6.883151818926495], [3.313691045477067, 6.88383091861826]]}, "properties": {"admin_area_name": "Nigeria", "fluid": "GAS", "mps_created_time": "Feb 14, 2023 4:09:59 PM", "mps_datasource_tags": "Modified after https://www.nigeriangasassociation.org.ng/assets/pdf/resources//Ezeala%20NGA%20Business%20Forum%20Presentation_Final.pdf including from satellite observations", "mps_est_elevation_end_m": "29.0", "mps_est_elevation_start_m": "25.0", "mps_est_length_km": "10.3725531876444", "mps_est_shore_status": "ONSHORE", "mps_uuid": "a143c74d-0b35-4a8a-9398-b824c43ec3fe", "name": "OLORUNSOGO POWER PIPELINE", "operator_group_name": "NIGERIAN GAS COMPANY (GROUP)", "optr_name": "NIGERIAN GAS COMPANY", "status": "OPERATIONAL", "updt": "Feb 15, 2023 9:33:59 AM"}}, {"type": "Feature", "id": "mps_mapping_pipeline.61cd6499-cca5-44c5-b8f6-3baf6ceeadb6", "geometry": {"type": "LineString", "coordinates": [[3.211309337604539, 6.943798781110336], [3.203100974732136, 6.946967497886533], [3.202396216303697, 6.951823412028565], [3.197048343523191, 6.958119564969241], [3.16164459658868, 6.977048666259522], [3.159779059572225, 6.977501309320836], [3.132034378499719, 6.973612679663378], [3.131619814718284, 6.973777278398542], [3.100330613314511, 7.017270462983509], [3.049556914183315, 7.014307952801511], [3.048108531971928, 7.013299872122033], [3.047911614175747, 7.01197290545225]]}, "properties": {"admin_area_name": "Nigeria", "fluid": "GAS", "mps_created_time": "Feb 14, 2023 4:09:59 PM", "mps_datasource_tags": "Modified after https://www.nigeriangasassociation.org.ng/assets/pdf/resources//Ezeala%20NGA%20Business%20Forum%20Presentation_Final.pdf including from satellite observations", "mps_est_elevation_end_m": "49.0", "mps_est_elevation_start_m": "37.0", "mps_est_length_km": "22.1092639684936", "mps_est_shore_status": "ONSHORE", "mps_uuid": "61cd6499-cca5-44c5-b8f6-3baf6ceeadb6", "name": "PURECHEM-IBESE PIPELINE", "operator_group_name": "NIGERIAN GAS COMPANY (GROUP)", "optr_name": "NIGERIAN GAS COMPANY", "status": "OPERATIONAL", "updt": "Feb 15, 2023 9:33:58 AM"}}, {"type": "Feature", "id": "mps_mapping_pipeline.ecd95e58-f172-4f03-a602-d6ab666e87a1", "geometry": {"type": "LineString", "coordinates": [[3.360167675857098, 6.624665504355769], [3.360298442580748, 6.624487567858508], [3.360121101407579, 6.624330983687831], [3.360101396832782, 6.624101445438724], [3.360060196358208, 6.623565855775511], [3.360065570333152, 6.623355890233959], [3.36000466528378, 6.623217099403204], [3.359924055659613, 6.623128130901419], [3.35847129109961, 6.623106778458605], [3.357797752906563, 6.623124572161016], [3.355989858168977, 6.623265142387498], [3.35517480530239, 6.623346993387004], [3.352383025318711, 6.623229554992176], [3.352395564593581, 6.62367617661747], [3.35357067378145, 6.625749136238466], [3.353491855482264, 6.625612125442232], [3.35436602207324, 6.62732386798204], [3.354416179172722, 6.627572977627736], [3.350856816434466, 6.628081872655666], [3.35016178234164, 6.62782920456059], [3.347399559220156, 6.626629919019785], [3.344004998380198, 6.625106786592028], [3.339565199413534, 6.623211507097863], [3.340431177090308, 6.621100661496063], [3.340357476862498, 6.620966445574504], [3.340222359778179, 6.620838330342608], [3.336469789845489, 6.618977605369281], [3.336439081417234, 6.618843388870535], [3.336770732442381, 6.617763554803182], [3.336801440870636, 6.617452415735414], [3.335818771166495, 6.617025361793834], [3.335462553398743, 6.616872842439495], [3.335628378911318, 6.615469662169922], [3.336156563877294, 6.60993621244135], [3.33647593153114, 6.606629534859462], [3.337016399868417, 6.604344741956684], [3.337827102374333, 6.602459551084611], [3.337163800324038, 6.602133149994061], [3.337421751121375, 6.601474246202271], [3.336868999412796, 6.601181399791095], [3.33648821490244, 6.600949562926071], [3.336475931531138, 6.600534696686141], [3.335953888250812, 6.600388273224352], [3.335180035858802, 6.600119830098616], [3.335247594400961, 6.599790376972681], [3.335388853170932, 6.59921078297842], [3.335333578000074, 6.598942339214402], [3.334768542920192, 6.598826420271321], [3.332840053625814, 6.603438753064876], [3.332419348158729, 6.604356943815962], [3.33214911399009, 6.604619283717654], [3.331749904422783, 6.604698595753576], [3.331448961825889, 6.604661990200114], [3.33103746888728, 6.604411852178986], [3.330558417406511, 6.604283732655786], [3.330318891666126, 6.604302035446845], [3.330153066153553, 6.604454558679349], [3.329495905788908, 6.605796761098192], [3.328697486654293, 6.607163363456261], [3.327401590981957, 6.608109001270678], [3.326535613305182, 6.608353036542195], [3.321290613759327, 6.608255422448036], [3.320786995535955, 6.608115102153933], [3.31971220054705, 6.60761482947706], [3.31888307298418, 6.607071850023438], [3.317654735854004, 6.606242127459916], [3.316193014669094, 6.605607632795912], [3.31492168573936, 6.605485614498008], [3.313742482094391, 6.605778458362422], [3.312993196444984, 6.606333641046233], [3.312366744508593, 6.60672409882431], [3.31165430897309, 6.607126758085163]]}, "properties": {"admin_area_name": "Nigeria", "fluid": "GAS", "mps_created_time": "Feb 13, 2023 5:46:13 PM", "mps_datasource_tags": "https://www.axxelagroup.com/operations/gaslink-nigeria-limited/", "mps_est_elevation_end_m": "42.0", "mps_est_elevation_start_m": "37.0", "mps_est_length_km": "10.0700618099417", "mps_est_shore_status": "ONSHORE", "mps_uuid": "ecd95e58-f172-4f03-a602-d6ab666e87a1", "name": "IKEJA 1A", "operator_group_name": "GASLINK NIGERIA LIMITED (GROUP)", "optr_name": "GASLINK NIGERIA LIMITED", "status": "OPERATIONAL", "updt": "Feb 14, 2023 3:46:15 PM"}}, {"type": "Feature", "id": "mps_mapping_pipeline.b6e8ad33-f96b-45f4-a33b-e93fe7af34ab", "geometry": {"type": "LineString", "coordinates": [[3.418531634778228, 6.735944483467538], [3.420055156675, 6.739279259465126], [3.421889601407847, 6.745022431024135], [3.422418170229176, 6.748696790020684], [3.422573631647214, 6.756446817125777], [3.423102200468543, 6.76419672003928]]}, "properties": {"admin_area_name": "United Kingdom", "fluid": "GAS", "mps_created_time": "Feb 14, 2023 4:14:39 PM", "mps_est_elevation_end_m": "15.0", "mps_est_elevation_start_m": "14.0", "mps_est_length_km": "3.1989829051052", "mps_est_shore_status": "ONSHORE", "mps_uuid": "b6e8ad33-f96b-45f4-a33b-e93fe7af34ab", "name": "EKHA AGRRO PIPELINE", "operator_group_name": "NIGERIAN GAS COMPANY (GROUP)", "optr_name": "NIGERIAN GAS COMPANY", "status": "OPERATIONAL", "updt": "Feb 15, 2023 9:33:59 AM"}}, {"type": "Feature", "id": "mps_mapping_pipeline.4580eae6-8148-4b4d-986e-7a851b06f4e9", "geometry": {"type": "LineString", "coordinates": [[3.374374226454194, 6.68363011440943], [3.374570760395021, 6.683092302172371], [3.37469973579369, 6.683043502545029], [3.374865561306264, 6.682520939563617], [3.370891890690142, 6.68098374716715], [3.36809947094754, 6.680308682312951], [3.365569096459377, 6.679617349870247], [3.361638417642811, 6.678576282701576], [3.36072125925228, 6.678332282263502], [3.352364472309977, 6.675973605090092], [3.346763254996371, 6.674350991263372], [3.345805152034832, 6.674302190764232], [3.344576814904656, 6.674546193211298], [3.3393195319875, 6.671642556205997], [3.33696112469756, 6.671862159606476], [3.330622905105849, 6.671666956588692], [3.325046254534846, 6.668226490634146], [3.324475077769315, 6.666957660213593], [3.323173040411327, 6.664480991373318], [3.323074773440913, 6.662272719444416], [3.323259024010439, 6.653890955983186], [3.323357290980853, 6.64388633491], [3.323922326060734, 6.634967409678714], [3.324671611710143, 6.628573990424902], [3.324843578908368, 6.624279127880102], [3.325089246334402, 6.62288817006235], [3.32562971467168, 6.622448919410561], [3.328246072758956, 6.621680229829186], [3.329548110116944, 6.621082359327088], [3.330002594855109, 6.620569898320336], [3.329127404649858, 6.621234877381124], [3.330748809661692, 6.619563276936849], [3.331191011028555, 6.618794582861941], [3.332038563648377, 6.618147902792723], [3.33330375089246, 6.617940476930759], [3.334446104423524, 6.61763543874019], [3.335293657043346, 6.617122974155889], [3.335803416952369, 6.61705281527261]]}, "properties": {"admin_area_name": "Nigeria", "fluid": "GAS", "mps_created_time": "Feb 13, 2023 5:46:13 PM", "mps_datasource_tags": "https://www.axxelagroup.com/operations/gaslink-nigeria-limited/", "mps_est_elevation_end_m": "42.0", "mps_est_elevation_start_m": "16.0", "mps_est_length_km": "12.6935585652495", "mps_est_shore_status": "ONSHORE", "mps_uuid": "4580eae6-8148-4b4d-986e-7a851b06f4e9", "name": "IKEJA 1A_AKUTE", "operator_group_name": "GASLINK NIGERIA LIMITED (GROUP)", "optr_name": "GASLINK NIGERIA LIMITED", "status": "OPERATIONAL", "updt": "Feb 14, 2023 3:46:15 PM"}}, {"type": "Feature", "id": "mps_mapping_pipeline.80a541f4-cbfc-4e4b-bcab-9a30ebb07c37", "geometry": {"type": "LineString", "coordinates": [[3.545870082293117, 6.728919764591636], [3.547673434742358, 6.74259857390851], [3.551995262163813, 6.749885547256271], [3.560483455588685, 6.766280836069079], [3.564121252770772, 6.773814454528694], [3.567852326803682, 6.782428570789698], [3.567790142236468, 6.782860816294466], [3.573200199584188, 6.789776691606659], [3.571510852174844, 6.792195166219291]]}, "properties": {"admin_area_name": "Nigeria", "fluid": "GAS", "mps_created_time": "Feb 14, 2023 4:17:34 PM", "mps_datasource_tags": "Modified after https://www.nigeriangasassociation.org.ng/assets/pdf/resources//Ezeala%20NGA%20Business%20Forum%20Presentation_Final.pdf including from satellite observations", "mps_est_elevation_end_m": "88.0", "mps_est_elevation_start_m": "54.0", "mps_est_length_km": "7.81285501910508", "mps_est_shore_status": "ONSHORE", "mps_uuid": "80a541f4-cbfc-4e4b-bcab-9a30ebb07c37", "name": "OJIJO CITY GATE", "operator_group_name": "NIGERIAN GAS COMPANY (GROUP)", "optr_name": "NIGERIAN GAS COMPANY", "status": "OPERATIONAL", "updt": "Feb 15, 2023 9:34:00 AM"}}, {"type": "Feature", "id": "mps_mapping_pipeline.75fbd4e1-c3b1-425b-9aee-130d33f81196", "geometry": {"type": "LineString", "coordinates": [[3.360184373564958, 6.624674146984009], [3.360327167756341, 6.624527730673505], [3.361142476526495, 6.625186603728554], [3.361294483246354, 6.625731088436322], [3.361372789738403, 6.626577555065802], [3.361616921743026, 6.626769725665825], [3.363316633246908, 6.626852084471482], [3.3634363961171, 6.624376738807785], [3.363606827893912, 6.622491624352199], [3.365292720605078, 6.617055865659046], [3.365550671402418, 6.616429010850433], [3.376587280517055, 6.601256136652077], [3.380180166622821, 6.596332631176596], [3.380677643160542, 6.59501480728298], [3.380972444071785, 6.593349219292875], [3.380622367989684, 6.590914888317478], [3.379866940654626, 6.589432319988167], [3.373031244525193, 6.580124984281156], [3.368738206255227, 6.574212859405373], [3.367282626755967, 6.571247618593213], [3.36647192425005, 6.56736715329635], [3.366637749762625, 6.558471255486153], [3.366656174819576, 6.553364279426032], [3.36717207641425, 6.528478463996049], [3.367282626755967, 6.523627462053895], [3.367411602154635, 6.519691708984958], [3.368517105571794, 6.516652920361038], [3.366600899648719, 6.516176963848521], [3.365347995775939, 6.516616308337647], [3.364002966618395, 6.512369295493254], [3.363528521401864, 6.510538675423867], [3.363270570604528, 6.509531831540412], [3.363270570604528, 6.508854499064718], [3.36419182345216, 6.504973549431424], [3.364210248509113, 6.504552501206256], [3.364154973338254, 6.50403992028207], [3.362072941902606, 6.497962135199264], [3.361814991105268, 6.496644051634017], [3.361833416162221, 6.495399191762913], [3.362791519123758, 6.491948350875178], [3.364781425274644, 6.4866027045071], [3.36607117926133, 6.485083212481709], [3.368097935526121, 6.483435565350061], [3.368982338259848, 6.482538510758912], [3.369240289057185, 6.482263901891548], [3.36912973871547, 6.481824527392719], [3.368687537348606, 6.481311923326928], [3.367913684956595, 6.481128850320022], [3.367305658077158, 6.480835933370752], [3.366255429830856, 6.480469786944947], [3.365665828008372, 6.480048718226698], [3.364283948736924, 6.476625233430122], [3.363381120946243, 6.474538177828324], [3.363086320035001, 6.47292711146323], [3.363381120946243, 6.470437271517247], [3.364228673566065, 6.466226484862952], [3.364412924135592, 6.460551021272676], [3.364560324591212, 6.459745466441346], [3.364855125502455, 6.459379304730452], [3.365739528236182, 6.458097736656064], [3.365886928691803, 6.457328794253883], [3.365665828008372, 6.456779548965793], [3.365481577438845, 6.456413385109359], [3.366808181539436, 6.453154515122437], [3.368208485867837, 6.449456221539297], [3.369313989284996, 6.448247862340772], [3.372446248966946, 6.447039500262012], [3.373072700903335, 6.445538197910294], [3.373736002953632, 6.444659384715386], [3.373699152839727, 6.444036891114424], [3.378305417077889, 6.441327204188159], [3.37852651776132, 6.441327204188159], [3.373772853067536, 6.437848530844801], [3.366181729603046, 6.435431754280964], [3.364486624363402, 6.43576131539866], [3.362459868098611, 6.438104854957262], [3.359732959669619, 6.439716032129593], [3.357964154202165, 6.437738677614138], [3.360285711378198, 6.435358518447996], [3.36043311183382, 6.434992339124772], [3.356858650785005, 6.435248664678745], [3.35626904896252, 6.435834551173557], [3.355716297253941, 6.43616411202991], [3.348567375156314, 6.434919103228455], [3.341750104083834, 6.434223361686863], [3.33747549087082, 6.43755558884355], [3.334564331872301, 6.439862502528067], [3.329046027314983, 6.440961029169406], [3.324550313418536, 6.441839848770543], [3.321454903850491, 6.44341439674959], [3.3194281475857, 6.44601422108839], [3.31880169564931, 6.448247862340772], [3.317769892459962, 6.45125044654974], [3.316406438245466, 6.453374214881856], [3.315595735739549, 6.455058576538115], [3.315190384486591, 6.456633083454998], [3.314821883347538, 6.458646980513874], [3.313384728905232, 6.459379304730452], [3.313016227766178, 6.46033132462768], [3.314895583575349, 6.46175935111492], [3.318285794054636, 6.464871702567575], [3.322832176857701, 6.469732424891967], [3.323495478907997, 6.470684425295844]]}, "properties": {"admin_area_name": "Nigeria", "fluid": "GAS", "mps_created_time": "Feb 14, 2023 2:36:50 PM", "mps_datasource_tags": "https://www.axxelagroup.com/operations/gaslink-nigeria-limited/", "mps_est_elevation_end_m": "5.0", "mps_est_elevation_start_m": "37.0", "mps_est_length_km": "35.4336179250939", "mps_est_shore_status": "BOTH", "mps_uuid": "75fbd4e1-c3b1-425b-9aee-130d33f81196", "name": "GREATER LAGOS 3", "operator_group_name": "GASLINK NIGERIA LIMITED (GROUP)", "optr_name": "GASLINK NIGERIA LIMITED", "status": "OPERATIONAL", "updt": "Feb 15, 2023 9:33:56 AM"}}, {"type": "Feature", "id": "mps_mapping_pipeline.7d2596c0-87e2-4d68-93b5-1e074504c2a3", "geometry": {"type": "LineString", "coordinates": [[3.418562727061835, 6.735913605804873], [3.415317198062754, 6.729878732228714], [3.41417075007459, 6.719631686880689], [3.415661132459203, 6.696745839804962], [3.400298729417799, 6.658486506319137], [3.389636763127869, 6.650543904204329], [3.376108676867527, 6.642800455253909], [3.369602584534694, 6.639184906092025], [3.36531773517893, 6.632608524190645], [3.363841683394168, 6.628494682222557], [3.363325781799494, 6.628402155970374], [3.362387127509184, 6.62855162144604], [3.361656266916729, 6.628238455635515], [3.361283671320575, 6.627605006001623]]}, "properties": {"admin_area_name": "Nigeria", "fluid": "GAS", "mps_created_time": "Jan 1, 1900 12:00:00 AM", "mps_datasource_tags": "Modified after https://www.nigeriangasassociation.org.ng/assets/pdf/resources//Ezeala%20NGA%20Business%20Forum%20Presentation_Final.pdf including from satellite observations", "mps_est_elevation_end_m": "21.0", "mps_est_elevation_start_m": "14.0", "mps_est_length_km": "14.6941260441431", "mps_est_shore_status": "ONSHORE", "mps_uuid": "7d2596c0-87e2-4d68-93b5-1e074504c2a3", "name": "WGPN TO GASLINK", "operator_group_name": "NIGERIAN GAS COMPANY (GROUP)", "optr_name": "NIGERIAN GAS COMPANY", "status": "OPERATIONAL", "updt": "Feb 14, 2023 4:29:44 PM"}}, {"type": "Feature", "id": "mps_mapping_pipeline.6da67459-e9f2-4bf8-89bf-0b562cb34bf8", "geometry": {"type": "LineString", "coordinates": [[3.360165948508005, 6.624715326563507], [3.360322561492103, 6.624514004142166], [3.361147082790733, 6.62516372620667], [3.361312908303308, 6.625712786439099], [3.361391214795356, 6.626582130557149], [3.361626134271503, 6.626746848217368], [3.363298208189955, 6.626824631537792], [3.363574584044245, 6.622487048822916], [3.365526488515167, 6.61643358643586], [3.369205742075398, 6.611366099612025], [3.376504367760766, 6.601137167766016], [3.379433951816238, 6.597156269330235], [3.379959065939389, 6.596414995053574], [3.380539455233397, 6.595124626074638], [3.380871106258544, 6.59328515810456], [3.380567092818826, 6.590924039960066], [3.37965505249967, 6.589523836680046], [3.372496917873566, 6.579557569775213], [3.368627655913509, 6.574368442539974], [3.367135226300345, 6.571211010571462], [3.366444286664621, 6.567476978202011], [3.366499561835478, 6.558416342043342], [3.366416649079192, 6.558196688211602], [3.357876635181638, 6.55797703428305], [3.357047507618769, 6.557702466736226], [3.340368224812385, 6.550591114601339], [3.33832304349064, 6.548504366550588], [3.337576828684059, 6.542573561308053], [3.337438640756914, 6.539333554627417], [3.336830613877476, 6.539333554627417], [3.335835660802034, 6.53126090427824], [3.335061808410022, 6.521485683984372], [3.334619607043159, 6.518245540791742], [3.333016627088278, 6.515225049468697], [3.330308143716238, 6.513302909157879], [3.32704690863562, 6.511902488009694], [3.321989230502118, 6.499669231350214], [3.32165757947697, 6.496264186632203], [3.322845995650416, 6.492309912236739], [3.325913767633032, 6.486817812947728], [3.327406197246196, 6.482781081800682], [3.327212734148194, 6.47695934460014], [3.325416291095311, 6.472647920462634], [3.323675123213286, 6.470547117655995], [3.323951499067574, 6.470135194512536], [3.317207928222906, 6.46315991163877], [3.316572263758039, 6.462198743069273], [3.316903914783187, 6.460990414276486], [3.317484304077196, 6.46046863504198], [3.323619848042427, 6.463928845179221], [3.341418453058686, 6.47669846329453], [3.348300211830499, 6.479362192388908], [3.357807541218067, 6.478648204526565], [3.363901628805155, 6.476314006387839], [3.363210689169432, 6.474583946684055], [3.362906675729713, 6.473018649462612], [3.363680528121724, 6.468185420409996], [3.364150367074016, 6.466263100550278], [3.364233279830304, 6.460523559197266], [3.364399105342877, 6.459837006827671], [3.365642796687181, 6.458161815136849], [3.36567043427261, 6.457310486087214], [3.36539405841832, 6.4565690047807], [3.368130179375789, 6.449346370822098], [3.36918040762209, 6.44816547410871], [3.372414005117279, 6.446874723391774], [3.373077307167574, 6.445446654940203], [3.373574783705297, 6.444595304527028], [3.373491870949009, 6.443908730572338], [3.378273173228222, 6.441244814831972], [3.373823521974158, 6.43789430301723]]}, "properties": {"admin_area_name": "Nigeria", "fluid": "GAS", "mps_created_time": "Feb 14, 2023 3:21:29 PM", "mps_datasource_tags": "https://www.axxelagroup.com/operations/gaslink-nigeria-limited/", "mps_est_elevation_end_m": "6.0", "mps_est_elevation_start_m": "37.0", "mps_est_length_km": "34.5641684673844", "mps_est_shore_status": "BOTH", "mps_uuid": "6da67459-e9f2-4bf8-89bf-0b562cb34bf8", "name": "GREATER LAGOS 2", "operator_group_name": "GASLINK NIGERIA LIMITED (GROUP)", "optr_name": "GASLINK NIGERIA LIMITED", "status": "OPERATIONAL", "updt": "Feb 15, 2023 9:33:57 AM"}}, {"type": "Feature", "id": "mps_mapping_pipeline.fdfe419a-1098-4fc2-b89d-46ea6efebcd0", "geometry": {"type": "LineString", "coordinates": [[3.545744764182938, 6.728360665073944], [3.541008660160739, 6.728959669638948], [3.531700776327922, 6.730258248275856], [3.527153199308203, 6.729764877356729], [3.52885376382398, 6.728531447865762], [3.524478154002486, 6.720219949032852], [3.52306420148375, 6.704118388010358], [3.520319095467645, 6.67978317937528]]}, "properties": {"admin_area_name": "Nigeria", "fluid": "GAS", "mps_created_time": "Jan 1, 1900 12:00:00 AM", "mps_datasource_tags": "Modified after https://www.nigeriangasassociation.org.ng/assets/pdf/resources//Ezeala%20NGA%20Business%20Forum%20Presentation_Final.pdf including from satellite observations", "mps_est_elevation_end_m": "48.0", "mps_est_elevation_start_m": "46.0", "mps_est_length_km": "7.83930159089244", "mps_est_shore_status": "ONSHORE", "mps_uuid": "fdfe419a-1098-4fc2-b89d-46ea6efebcd0", "name": "WGPN tp PZ", "operator_group_name": "NIGERIAN GAS COMPANY (GROUP)", "optr_name": "NIGERIAN GAS COMPANY", "status": "OPERATIONAL", "updt": "Feb 14, 2023 4:29:44 PM"}}, {"type": "Feature", "id": "mps_mapping_pipeline.63404f3a-5c9a-4888-937c-ba2051ba3d75", "geometry": {"type": "LineString", "coordinates": [[3.361283671320575, 6.627476892493587], [3.361613275117173, 6.626786502460678], [3.361348159019909, 6.626594331867192], [3.361262175420797, 6.625733121991518], [3.361133200022129, 6.625192196011515], [3.360310981855619, 6.62453739008421], [3.360201711031746, 6.624718885292431]]}, "properties": {"admin_area_name": "Nigeria", "fluid": "GAS", "mps_created_time": "Feb 13, 2023 5:46:13 PM", "mps_datasource_tags": "https://www.axxelagroup.com/operations/gaslink-nigeria-limited/", "mps_est_elevation_end_m": "37.0", "mps_est_elevation_start_m": "21.0", "mps_est_length_km": "0.417686613576728", "mps_est_shore_status": "ONSHORE", "mps_uuid": "63404f3a-5c9a-4888-937c-ba2051ba3d75", "name": "NGC TO AGI", "operator_group_name": "GASLINK NIGERIA LIMITED (GROUP)", "optr_name": "GASLINK NIGERIA LIMITED", "status": "OPERATIONAL", "updt": "Feb 14, 2023 3:46:14 PM"}}, {"type": "Feature", "id": "mps_mapping_pipeline.aae73154-c51e-499e-98fd-25340095b175", "geometry": {"type": "LineString", "coordinates": [[3.407463069705456, 6.437811913103886], [3.405878514807527, 6.439075223639367], [3.402783105239482, 6.441089190456019], [3.399061243735047, 6.443780569997878], [3.394915605920701, 6.446673329366548], [3.390880518448071, 6.449346370822096], [3.385887328013903, 6.452110939964008], [3.383528920723965, 6.453374214881855], [3.382276016851184, 6.454015005302542], [3.380930987693642, 6.455644440148897], [3.380290716964538, 6.456916860343678], [3.379940640882436, 6.459351842591451], [3.380751343388353, 6.460944644189723], [3.380825043616163, 6.461951585141908], [3.381359370267791, 6.462244513042568], [3.377987584845456, 6.46790164984306], [3.377904672089167, 6.468066419869066], [3.377628296234878, 6.468579037384203], [3.376541217874672, 6.468652268415346], [3.376504367760766, 6.46932965495032], [3.375841065710471, 6.469567655409188], [3.373482658420532, 6.469512732236322], [3.372395580060326, 6.469293039485157], [3.372027078921273, 6.469164885336199], [3.371842828351747, 6.46903673115474], [3.36609421058252, 6.468469190817591], [3.363846353634297, 6.468176266523226]]}, "properties": {"admin_area_name": "Nigeria", "fluid": "GAS", "mps_created_time": "Feb 14, 2023 3:15:09 PM", "mps_datasource_tags": "https://www.axxelagroup.com/operations/gaslink-nigeria-limited/", "mps_est_elevation_end_m": "4.0", "mps_est_elevation_start_m": "-5.0", "mps_est_length_km": "6.78605407393966", "mps_est_shore_status": "BOTH", "mps_uuid": "aae73154-c51e-499e-98fd-25340095b175", "name": "GREATER LAGOS 4", "operator_group_name": "GASLINK NIGERIA LIMITED (GROUP)", "optr_name": "GASLINK NIGERIA LIMITED", "status": "OPERATIONAL", "updt": "Feb 15, 2023 9:33:57 AM"}}, {"type": "Feature", "id": "mps_mapping_pipeline.ab7912d3-0f46-4599-9333-5ee5ff3d7461", "geometry": {"type": "LineString", "coordinates": [[2.680291666622042, 6.376441909250237], [2.678234155744303, 6.388616084632103], [2.68990756241171, 6.483610668396064], [2.694465740356239, 6.592295480236422], [2.68990756241171, 6.690393264378245], [2.691426955059886, 6.734908084913877], [2.660279405772268, 6.803558520697941], [2.664077887392709, 6.855605612417904], [2.656480924151826, 6.886529455897182], [2.667116672689061, 6.89482575426502], [2.672434546957679, 6.907647020510987], [2.657240620475915, 6.920467939183773], [2.645845175614591, 6.928009493434024], [2.633690034429179, 6.968731798893743], [2.653442138855473, 7.017744695307168], [2.654201835179562, 7.074291622396906], [2.666356976364974, 7.136862147113598], [2.667116672689061, 7.168521085311006], [2.648124264586855, 7.235977424004577], [2.642806390318238, 7.350516994217572], [2.652682442531385, 7.431129139416448], [2.651163049883208, 7.49063703529215], [2.660279405772268, 7.527542917129753], [2.671674850633591, 7.560680216486976], [2.673194243281767, 7.627700148339124], [2.663318191068621, 7.668358816333499], [2.647364568262768, 7.702990914899837], [2.623054285891944, 7.764719365221952], [2.573674024826208, 7.859552704259778], [2.558480098344443, 7.89793148294768], [2.54632495715903, 7.920505570453071], [2.54632495715903, 7.941573602519994], [2.566077061585325, 7.973173623549317], [2.578232202770737, 7.99724819223866], [2.600263396169296, 8.096540720916543], [2.61621701897515, 8.150689985658474], [2.621534893243767, 8.167234134761726], [2.629131856484649, 8.18302563756546], [2.632170641781002, 8.195808776744023], [2.639767605021885, 8.204080000900591], [2.652682442531385, 8.234907591174744], [2.65040335355912, 8.281520360709974], [2.645085479290502, 8.310838470587145], [2.64204669399415, 8.342409368855586], [2.629891552808738, 8.370971317232184], [2.616976715299237, 8.396524969133038], [2.609379752058356, 8.410804218743694], [2.601023092493384, 8.426585935066026], [2.601782788817473, 8.441615542431713], [2.599503699845208, 8.454390248711164], [2.585069469687531, 8.504733492488612], [2.577472506446649, 8.562582482824483], [2.582790380715267, 8.599390902157557], [2.591147040280237, 8.615164845298708], [2.593426129252502, 8.63394249111316], [2.596464914548855, 8.701534265139882], [2.601023092493384, 8.764608914183027], [2.602542485141561, 8.798394506548174], [2.606340966762002, 8.811907880815376], [2.59874400352112, 8.831426326780223], [2.59418582557659, 8.85544761115301], [2.595705218224767, 8.866707048364018], [2.604821574113826, 9.028054178467853], [2.610139448382444, 9.049061543890536], [2.614697626326973, 9.061065202154957], [2.620775196919679, 9.074568838307766], [2.638248212373709, 9.139079182566197], [2.660279405772268, 9.257567680978177], [2.695225436680327, 9.310799540021135], [2.702822399921209, 9.350530715991479], [2.68990756241171, 9.437848368543682], [2.676233028578121, 9.497796193299575], [2.669395761661327, 9.55248943005312], [2.674713635929944, 9.58020730810293], [2.683829991819003, 9.61391519038661], [2.68990756241171, 9.639381141168977], [2.699783614624856, 9.706032898156923], [2.708899970513915, 9.74422063130638], [2.711938755810268, 9.766681963293149], [2.721055111699327, 9.793633560817943], [2.730171467588386, 9.823577213607258], [2.750683268338768, 9.90515989305907], [2.749923572014681, 9.935093412944012], [2.74612509039424, 9.970261798338488], [2.740807216125622, 9.986722292831693], [2.688388169763533, 10.024129408819297], [2.660279405772268, 10.057044100864575], [2.662558494744533, 10.092199272314296], [2.660279405772268, 10.121367671052928], [2.668636065337238, 10.164741411161591], [2.68079120652265, 10.194650907283169], [2.687628473439445, 10.216333536850199], [2.68990756241171, 10.232781442018503], [2.689147866087621, 10.245490603225132], [2.710419363162092, 10.293332282300812], [2.736249038181092, 10.38189496758792], [2.749163875690593, 10.432704440191523], [2.749163875690593, 10.487240670256421], [2.738528127153357, 10.522347956604735], [2.738528127153357, 10.534298462347147], [2.74156691244971, 10.553717045399454], [2.752962357311033, 10.59927121219708], [2.762078713200093, 10.623912446741189], [2.756760838931475, 10.641085465325709], [2.759799624227828, 10.656764333425608], [2.77651294335777, 10.670202720721965], [2.787908388219094, 10.700810162748539], [2.801582922052682, 10.751940089877097], [2.821335026478976, 10.778061528711513], [2.822854419127152, 10.802688237766118], [2.846405005173888, 10.84148986098943], [2.855521361062947, 10.881032491394079], [2.872994376516976, 10.938471867917745], [2.885909214026477, 10.978001600389053], [2.888188302998742, 11.016034651041378], [2.889707695646917, 11.030202571243393], [2.904141925804595, 11.068228872927449], [2.910979192721389, 11.102522872243089], [2.910979192721389, 11.132340467783795], [2.916297066990007, 11.155447004697221], [2.935289475092213, 11.183023368947394], [2.970995202324361, 11.22252007508692], [3.000623358963802, 11.246364528934063], [3.021135159714185, 11.276167321203317], [3.034049997223684, 11.290322565328296], [3.057600583270421, 11.346564128240868], [3.077352687696715, 11.3823145977463], [3.08798843623395, 11.420294551421945], [3.084949650937598, 11.448590035407088], [3.088748132558038, 11.472415616926284], [3.104701755363892, 11.496983642029178], [3.12293446714201, 11.521549524608858], [3.127492645086539, 11.53718124146842], [3.143446267892393, 11.574023984958936], [3.171555031883657, 11.615698815118098], [3.181431084096805, 11.63206936647414], [3.246764967968394, 11.728040910544792], [3.307540673895454, 11.794978060311403], [3.366796987174337, 11.85074655099537], [3.372114861442955, 11.889406022591471], [3.363758201877984, 11.92731670916463], [3.373064481848065, 12.023184761995443], [3.544755851092009, 12.49533241498955], [4.003612430841311, 13.309891075798676], [4.201133475104254, 13.58179611231888], [4.520205931221319, 13.741247894263573], [5.058070928675797, 13.86519103630394], [5.437919090719919, 13.950732254998464], [6.596408503934229, 13.881699127006396], [8.614161940712611, 13.722342862513573], [8.997928862716117, 13.775018909703492], [10.960104189497118, 14.541550845800977], [13.135874461685857, 15.668108216556883]]}, "properties": {"admin_area_name": "Nigeria", "decommissioning_year": "2048", "fluid": "OIL", "installation_year": "2023", "mps_created_time": "Jan 10, 2023 1:04:08 PM", "mps_datasource_tags": "https://emploi-pipeline.gouv.bj/", "mps_est_elevation_end_m": "369.0", "mps_est_elevation_start_m": "8.0", "mps_est_length_km": "1882.17156925034", "mps_est_shore_status": "ONSHORE", "mps_uuid": "ab7912d3-0f46-4599-9333-5ee5ff3d7461", "name": "NIGER-BENIN EXPORT PIPELINE", "status": "OPERATIONAL", "updt": "Nov 28, 2025 12:21:02 PM"}}, {"type": "Feature", "id": "mps_mapping_pipeline.4894dd29-210c-4c4f-9113-1030fac6f656", "geometry": {"type": "LineString", "coordinates": [[3.281735087324822, 6.71747500195373], [3.277368348827044, 6.724556496706731], [3.252397790391967, 6.735700035250927], [3.251402837316524, 6.738087903080109], [3.250967545346017, 6.742836157042115], [3.247996504912403, 6.749279161354306], [3.245992779968803, 6.752984364623075], [3.243011375440652, 6.758548977706478], [3.243273932502228, 6.759386065625924], [3.243909596967093, 6.765424033900961], [3.243246294916799, 6.767180519592324], [3.244462348675673, 6.771969655143822], [3.241809140474491, 6.779962877211259], [3.241256388765912, 6.781211591779546], [3.241118200838767, 6.782254471796237], [3.228598374639443, 6.794082768630193], [3.22582079730383, 6.811550243256254], [3.219298327142593, 6.827576400470321], [3.220652568828612, 6.847429979218452], [3.222144998441776, 6.853549160481268], [3.221951535343774, 6.858351153554808], [3.221654431300413, 6.867913835547645], [3.222034448100062, 6.867961854269367], [3.222006810514633, 6.868297985185687], [3.22166134069677, 6.868256826310736], [3.221467877598767, 6.87052055914387], [3.21805463579829, 6.878663048425463], [3.2123647478981, 6.892773164662053], [3.213380429162615, 6.894227367655556], [3.215936905814794, 6.897574761359014], [3.214935043342994, 6.903394917232987], [3.214783036623134, 6.905246925895532], [3.2143684728417, 6.90592599392208], [3.211134875346509, 6.90631011277818], [3.210699583376003, 6.907603081992711], [3.209932640380349, 6.909290452945291], [3.209766814867776, 6.909653991427175], [3.209407526257198, 6.909784316475256], [3.209400616860842, 6.910240453860634], [3.206553945561658, 6.916811527041715], [3.206042650231223, 6.918793805703128], [3.20689941537952, 6.921990126776722], [3.20797728121125, 6.923224751439158], [3.20797728121125, 6.923718600399658], [3.207593809713423, 6.925988927164438], [3.207911641945857, 6.927470463813672], [3.209044782948444, 6.932477474517951], [3.20983245413317, 6.93638702123214], [3.21023319912189, 6.939432329872039], [3.210716856866898, 6.942621652260073], [3.211241970990048, 6.943801353129345], [3.216085457836476, 6.95620175063396], [3.220894397701116, 6.969534556077417], [3.22050747150511, 6.974966331084857], [3.221060223213691, 6.977325567275124], [3.219436515069738, 6.985980570294464], [3.217695347187713, 6.997351162749789], [3.223499240127796, 7.009283814763741], [3.218192823725433, 7.018610272594953], [3.218220461310863, 7.020091516351518], [3.219933991607458, 7.02908859930583], [3.239660318207389, 7.047809105095387], [3.239798506134533, 7.049646828305438], [3.239052291327951, 7.061015864262451], [3.239052291327951, 7.070176717707462], [3.238720640302804, 7.073920547151484], [3.244220519803168, 7.076142145877343], [3.255151184840328, 7.075621031086646], [3.25589739964691, 7.076279281250796], [3.256256688257487, 7.078144318284249], [3.256947627893212, 7.078665430225714], [3.265929843157628, 7.078500868623569], [3.270628232680553, 7.081819516255496], [3.273184709332733, 7.083190851280043], [3.2797348170794, 7.08500100726747], [3.285987820782705, 7.087208839417912], [3.291377149941356, 7.087057994079657]]}, "properties": {"admin_area_name": "Nigeria", "fluid": "GAS", "mps_created_time": "Feb 14, 2023 4:01:04 PM", "mps_datasource_tags": "Modified after https://www.nigeriangasassociation.org.ng/assets/pdf/resources//Ezeala%20NGA%20Business%20Forum%20Presentation_Final.pdf including from satellite observations", "mps_est_elevation_end_m": "64.0", "mps_est_elevation_start_m": "75.0", "mps_est_length_km": "51.2583931909324", "mps_est_shore_status": "ONSHORE", "mps_uuid": "4894dd29-210c-4c4f-9113-1030fac6f656", "name": "WAGP TO ABEOKUTA CITY GATE", "operator_group_name": "NIGERIAN GAS COMPANY (GROUP)", "optr_name": "NIGERIAN GAS COMPANY", "status": "OPERATIONAL", "updt": "Feb 15, 2023 9:33:58 AM"}}, {"type": "Feature", "id": "mps_mapping_pipeline.6a15b2d6-f31b-4f40-90cd-f390775f8657", "geometry": {"type": "LineString", "coordinates": [[3.627027926543813, 6.710317441346941], [3.621219256737113, 6.713960929757824], [3.621423069712786, 6.72064058766228], [3.628148897910019, 6.751052111151763], [3.628760336837039, 6.757377063478852], [3.629830354959327, 6.758186651405885], [3.634263287180229, 6.766940234262962], [3.634416146911985, 6.779033073195656], [3.632123250935656, 6.786976739552632], [3.623665012445197, 6.793756580417826], [3.622340228103317, 6.796235752098808], [3.61225148580747, 6.802711895345145], [3.609958589831141, 6.808074885377351], [3.609449057391957, 6.810149233375901], [3.614748194759471, 6.81366548571449], [3.615678091460983, 6.813981694193765]]}, "properties": {"admin_area_name": "Nigeria", "fluid": "GAS", "mps_created_time": "Feb 13, 2023 5:23:14 PM", "mps_datasource_tags": "Modified after https://www.nigeriangasassociation.org.ng/assets/pdf/resources//Ezeala%20NGA%20Business%20Forum%20Presentation_Final.pdf including from satellite observations", "mps_est_elevation_end_m": "33.0", "mps_est_elevation_start_m": "52.0", "mps_est_length_km": "13.6570868120484", "mps_est_shore_status": "ONSHORE", "mps_uuid": "6a15b2d6-f31b-4f40-90cd-f390775f8657", "name": "WGPN TO SHAGAMU", "operator_group_name": "NIGERIAN GAS COMPANY (GROUP)", "optr_name": "NIGERIAN GAS COMPANY", "status": "OPERATIONAL", "updt": "Feb 14, 2023 4:29:45 PM"}}, {"type": "Feature", "id": "mps_mapping_pipeline.a694b248-fa25-4067-a624-e89954816511", "geometry": {"type": "LineString", "coordinates": [[3.626881860577926, 6.709689948924103], [3.626569347348547, 6.658141728568315], [3.609347150904118, 6.629571781419059], [3.609194291172363, 6.603163984688119], [3.608353562647709, 6.582094942534298], [3.607742123720688, 6.569440433266236], [3.612404345539224, 6.567896561093232], [3.612506252027061, 6.565871803442645]]}, "properties": {"admin_area_name": "Nigeria", "fluid": "GAS", "mps_created_time": "Jan 1, 1900 12:00:00 AM", "mps_datasource_tags": "Modified after https://www.nigeriangasassociation.org.ng/assets/pdf/resources//Ezeala%20NGA%20Business%20Forum%20Presentation_Final.pdf including from satellite observations", "mps_est_elevation_end_m": "10.0", "mps_est_elevation_start_m": "52.0", "mps_est_length_km": "16.8106012786161", "mps_est_shore_status": "ONSHORE", "mps_uuid": "a694b248-fa25-4067-a624-e89954816511", "name": "WGPN TO EGBIN POWER", "operator_group_name": "NIGERIAN GAS COMPANY (GROUP)", "optr_name": "NIGERIAN GAS COMPANY", "status": "OPERATIONAL", "updt": "Feb 14, 2023 4:29:44 PM"}}, {"type": "Feature", "id": "mps_mapping_pipeline.af82e8c1-8b21-421f-970a-884a2aecd88b", "geometry": {"type": "LineString", "coordinates": [[6.660024111252616, 7.471970509406535], [6.660760857416533, 7.473287784749735], [6.661992793625052, 7.472856676892896], [6.664770688997195, 7.478077843412486], [6.666153597780284, 7.478790360148294], [6.666322687063806, 7.478419133086538], [6.667636148462593, 7.478990942380913], [6.667331183861956, 7.479577719726149], [6.681706792412805, 7.488079915139009], [6.682987039845185, 7.497156723832061], [6.684339754113359, 7.498066789203614]]}, "properties": {"admin_area_name": "Nigeria", "fluid": "GAS", "mps_created_time": "Feb 13, 2023 2:20:07 PM", "mps_est_elevation_end_m": "61.0", "mps_est_elevation_start_m": "103.0", "mps_est_length_km": "4.45109450255906", "mps_est_shore_status": "ONSHORE", "mps_uuid": "af82e8c1-8b21-421f-970a-884a2aecd88b", "name": "GEREGU II TO AJAOKUTA", "operator_group_name": "NIGERIAN GAS COMPANY (GROUP)", "optr_name": "NIGERIAN GAS COMPANY", "status": "OPERATIONAL", "updt": "Feb 14, 2023 9:35:54 AM"}}, {"type": "Feature", "id": "mps_mapping_pipeline.154561f0-99ff-47c8-bbe0-879974a35755", "geometry": {"type": "LineString", "coordinates": [[6.430284615347503, 7.922040637802392], [6.431217625858364, 7.922170730422141], [6.430932287692422, 7.926333672547512], [6.43450354394395, 7.926217038966438], [6.433251226437865, 7.925804335260302], [6.434813792584696, 7.925481349462461], [6.436589230061675, 7.92468734163198], [6.436974210126837, 7.924651454236229], [6.438312582000425, 7.924081741409606], [6.440518291314939, 7.922973714992756], [6.441897425783665, 7.922269421347634], [6.443700038324068, 7.921479893281359], [6.455111300373177, 7.915551655505555], [6.463678239117328, 7.910040538445884], [6.473617518564348, 7.903371921038376], [6.477557902760706, 7.900895555348586], [6.479025356185558, 7.900653301385605], [6.479813433024829, 7.899765035638593], [6.480193883912754, 7.899280526243916], [6.484949520011807, 7.896131201323458], [6.485329970899731, 7.89588894456578], [6.494596667527029, 7.889993986353397], [6.497042423235113, 7.889509465501046], [6.499787104640853, 7.887598294380278], [6.500928457304626, 7.885902459089037], [6.513401811415855, 7.877988469161656], [6.530223175674792, 7.867234352708493], [6.535060336964115, 7.864273220341384], [6.536527790388964, 7.862819565806909], [6.539381172048396, 7.8619042992277], [6.542764467444579, 7.860033380380266], [6.543579719347275, 7.858714310224233], [6.545047172772124, 7.858068233516434], [6.546242875562743, 7.858014393745396], [6.556895500424622, 7.851997755353909], [6.565537170593188, 7.844944582859815], [6.579749728763501, 7.833530035030706], [6.579980716802598, 7.832964683724644], [6.577072985016319, 7.830649427512827], [6.572127123473304, 7.82760726897721], [6.566787223510652, 7.82712267530153], [6.554395394589692, 7.818346047926046], [6.540794275346402, 7.80667500137269], [6.535264149939786, 7.801882643311576], [6.534313022719977, 7.80080570135677], [6.532981444612242, 7.800105687599014], [6.531242240553159, 7.798301800593351], [6.525046326092678, 7.79302471335791], [6.52230164468694, 7.788474518406437], [6.516812281875461, 7.776116047278692], [6.514189888255127, 7.772885014385538], [6.510358204312462, 7.764430360654576], [6.51111910608831, 7.762680172223095], [6.503387800544421, 7.742956391443524], [6.498183775898886, 7.734097218659184], [6.488183352559163, 7.725641786013405], [6.486987649768546, 7.724349220878814], [6.480954785688603, 7.715624302800298], [6.471239700514821, 7.699076085790977], [6.461891478697254, 7.688950251038142], [6.459853348940518, 7.682459894768743], [6.457217367788472, 7.661076028111133], [6.4567825667737, 7.659136883793681], [6.455586863983081, 7.65730546161211], [6.453304158655536, 7.653211665926133], [6.454934662460924, 7.648363699151271], [6.451347554089069, 7.633280783729456], [6.452108455864916, 7.62875580528744], [6.442977634554735, 7.578654637331136], [6.441727581637272, 7.575906984975587], [6.438901375041262, 7.572674430356254], [6.44009707783188, 7.565239462735245], [6.434444664639864, 7.526985070226052], [6.433901163371401, 7.521596856074862], [6.433031561341861, 7.520303674721204], [6.433357662102939, 7.516531873767039], [6.432705460580782, 7.509850317379686], [6.475424660281991, 7.49228380032815], [6.531731391694778, 7.48883507571206], [6.535753301081407, 7.490990531795713], [6.536622903110946, 7.490774986667106], [6.537709905647874, 7.488727302628042], [6.543471019093584, 7.488296210025496], [6.550862636344682, 7.48592519309122], [6.554667145223925, 7.483123065546852], [6.592114382621038, 7.467764931602459], [6.605267113317849, 7.467226039903723], [6.623691806318752, 7.456232504304987], [6.64293175122235, 7.463777117302419], [6.650649469234527, 7.465393803159102], [6.658475887500397, 7.46571713961317], [6.660541192320559, 7.467333818296616]]}, "properties": {"admin_area_name": "Nigeria", "fluid": "GAS", "mps_created_time": "Feb 13, 2023 2:59:30 PM", "mps_datasource_tags": "https://www.nigeriangasassociation.org.ng/assets/pdf/resources//Ezeala%20NGA%20Business%20Forum%20Presentation_Final.pdf", "mps_est_elevation_end_m": "99.0", "mps_est_elevation_start_m": "207.0", "mps_est_length_km": "88.9502187846021", "mps_est_shore_status": "ONSHORE", "mps_uuid": "154561f0-99ff-47c8-bbe0-879974a35755", "name": "OBAJANA TO AJAOKUTA", "operator_group_name": "NIGERIAN GAS COMPANY (GROUP)", "optr_name": "NIGERIAN GAS COMPANY", "status": "OPERATIONAL", "updt": "Feb 14, 2023 9:35:55 AM"}}, {"type": "Feature", "id": "mps_mapping_pipeline.dc662436-ed41-42d5-bee3-5e558e2d869f", "geometry": {"type": "LineString", "coordinates": [[6.684480158607719, 7.497854241211457], [6.683272378011132, 7.496896277142057], [6.679793969892968, 7.47577263424041], [6.682064597414548, 7.469497613603577], [6.681339929056597, 7.467916869003073], [6.660807658914657, 7.467964770438599], [6.658488720169214, 7.469018600692039]]}, "properties": {"admin_area_name": "Nigeria", "fluid": "GAS", "mps_created_time": "Feb 13, 2023 2:20:08 PM", "mps_est_elevation_end_m": "99.0", "mps_est_elevation_start_m": "61.0", "mps_est_length_km": "6.0154847560315", "mps_est_shore_status": "ONSHORE", "mps_uuid": "dc662436-ed41-42d5-bee3-5e558e2d869f", "name": "GEREGU TO AJAOKUTA", "status": "OPERATIONAL", "updt": "Feb 14, 2023 9:35:54 AM"}}, {"type": "Feature", "id": "mps_mapping_pipeline.249364c0-a2a7-4f83-a5ae-92df338a677c", "geometry": {"type": "LineString", "coordinates": [[6.684141980040674, 7.49957857122394], [6.539231709199569, 7.486949042894726], [6.431618458043854, 7.50807214393512], [6.462489330092565, 7.685422310353188], [6.524231074189986, 7.790547690284869], [6.581842208647086, 7.83378578894084], [6.626735413422147, 7.866197958784976], [6.650785344551644, 7.883775925644994], [6.65247019848388, 7.884152780469927], [6.655079004572504, 7.886467738292], [6.655568155714121, 7.89238966444463], [6.657144309392664, 7.894650741141395], [6.656111656982585, 7.897719325438646], [6.658340012183284, 7.916211100473893], [6.657905211168512, 7.917987559219085], [6.664182650819262, 7.942857176541256], [6.666900157161577, 7.965626089985588], [6.672226469592517, 7.98688669827746], [6.681737741790623, 8.019798088755927], [6.698178655161636, 8.02889332672668], [6.719320854504854, 8.032552891661664], [6.742609883858501, 8.050957850170294], [6.743669711332005, 8.066509926459977], [6.784432306466745, 8.119995884365744], [6.783345303929819, 8.128766041950234], [6.78421490595936, 8.132478504894909], [6.780519097333809, 8.147059004855588], [6.781877850504968, 8.151443811512559], [6.783888805198282, 8.156877676994705], [6.78467107770473, 8.157832483952703], [6.787367213316447, 8.164140649163562], [6.789106417375528, 8.174469982048858], [6.791878273844691, 8.180549099820285], [6.794704480440699, 8.184207285301287], [6.79617193386555, 8.189855888073222], [6.797856787797785, 8.194051941110583], [6.797367636656168, 8.195665795882274], [6.79910684071525, 8.199646609657766], [6.808074611644894, 8.2090605376881], [6.812640022299984, 8.21390189951948], [6.813292223822142, 8.216806688276227], [6.818401135745694, 8.224821643236213], [6.82103711689774, 8.234557712787433], [6.821743668546742, 8.245476887157553], [6.822993721464207, 8.249618564092206], [6.824515525015904, 8.251716280006816], [6.840168361547645, 8.27844773470781], [6.853293917181032, 8.300095118504107], [6.862125812793558, 8.31238384789304], [6.874463291587673, 8.324860413304469], [6.878512376037725, 8.335400650174428], [6.879925479335728, 8.34255279199491], [6.889762852294912, 8.355351034743487], [6.893947812062079, 8.35933023476702], [6.909274547832741, 8.368794114888205], [6.917372716732843, 8.374601382036921], [6.918514069396617, 8.37573056281095], [6.919764122314082, 8.376375807496474], [6.926258962472216, 8.38089249033172], [6.931965725791079, 8.391216139791842], [6.938052939997866, 8.39664669944915], [6.942074849384495, 8.40664733326218], [6.945607607629507, 8.421809092398027], [6.945172806614735, 8.426298364591124], [6.934819107450511, 8.448555782326329], [6.938569266202907, 8.46468354364795], [6.941286772545223, 8.472532143176755], [6.941395472798914, 8.483767188406292], [6.930634147683342, 8.52031912652089], [6.917590117240227, 8.567938908913574], [6.909981099481742, 8.595884539495167], [6.913242107092522, 8.612006081930557], [6.929981946161188, 8.685296680579352], [6.948624039669475, 8.797676394211178], [6.94264552571638, 8.878555807790054], [6.936449611255899, 8.902021470234114], [6.934058205674661, 8.986689359704243], [6.944765180663386, 9.04243481608297], [6.951287195884944, 9.076838636709066], [6.95726570983804, 9.116525059486355], [6.961287619224668, 9.143704629327537], [6.965880204943184, 9.177588984479002], [6.984114672500122, 9.214340325085805], [7.002267614866794, 9.246313563717928], [7.004767720701725, 9.280965840660034], [7.008246128819888, 9.345219039605277], [7.024225066112706, 9.36168268703369], [7.03509509148197, 9.414125191777707], [7.051182729028481, 9.488673141274411], [7.053220858785218, 9.498885031147744], [7.051264254218752, 9.515877369583617], [7.057894969694002, 9.560417940605697], [7.063058231744404, 9.595092303509839], [7.066917090750493, 9.60666749951324], [7.071428151278737, 9.629763119398236], [7.071482501405583, 9.631638564482735], [7.072460803688817, 9.633192496803616], [7.07610226218752, 9.651410479809938], [7.076754463709675, 9.653232223962394], [7.076645763455984, 9.654839637091621], [7.077026214343908, 9.655214699051287], [7.082080776140615, 9.679994652267284], [7.098005363306586, 9.732361398469251], [7.108549287914773, 9.766321736386761], [7.109310189690621, 9.773820398077573], [7.110777643115473, 9.782550769760293], [7.110831993242319, 9.785335870762694], [7.110886343369165, 9.786942649182112], [7.111321144383935, 9.78753179932184], [7.111538544891321, 9.787853153503042], [7.113060348443018, 9.799582368244398], [7.11376690009202, 9.800466059410466], [7.113277748950402, 9.80126941297298], [7.116375706180642, 9.824190947485118], [7.120343265440424, 9.846173778027497], [7.124963026222362, 9.871555298408616], [7.126430479647213, 9.882746107054999], [7.130398038906994, 9.89827339252527], [7.130234988526455, 9.89902296704729], [7.13105024042915, 9.89971899899971], [7.138224457172864, 9.927264616120702], [7.138387507553404, 9.930557085959498], [7.13903970907556, 9.942548891106952], [7.139094059202405, 9.94463670508659], [7.139202759456097, 9.944850839099578], [7.139202759456097, 9.94693863837219], [7.138224457172864, 9.948384030053194], [7.137844006284939, 9.950204143813123], [7.140969138578602, 9.96136550189161], [7.143143143652456, 9.988504476421303], [7.142980093271916, 9.990217314112543], [7.144175796062535, 9.992572451210204], [7.146132400629003, 10.00017300456613], [7.15444797003649, 10.025382017185072], [7.158741630057348, 10.035684499598263], [7.175889095077364, 10.073840965711009], [7.186161269051319, 10.089733702868333], [7.18909617590102, 10.095138125050578], [7.193715936682957, 10.097385481817353], [7.193878987063495, 10.098348629912202], [7.195400790615193, 10.100060886072015], [7.199123774304165, 10.1081939783324], [7.201623880139097, 10.113972629353114], [7.20173258039279, 10.117182946114012], [7.210482950815047, 10.13211049727349], [7.225972736966246, 10.156961455138624], [7.241951674259065, 10.180713848961643], [7.261517719923739, 10.198740949736463], [7.262767772841205, 10.201629470487367], [7.291029838801292, 10.26434134061378], [7.325460644158435, 10.30204271309077], [7.326601996822207, 10.304128189465985], [7.328395551008136, 10.304983765525282], [7.350733453141975, 10.33016874430907], [7.351222604283591, 10.331772814784683], [7.406387983032606, 10.364707916885823], [7.462422963811162, 10.399109638334489], [7.468537353081373, 10.403118916587413], [7.472504912341154, 10.40408113570479], [7.478211675660018, 10.409694021414063], [7.480059579972793, 10.410335487635747], [7.48201618453926, 10.412687519159636]]}, "properties": {"admin_area_name": "Nigeria", "category": "GAS", "decommissioning_year": "2048", "description": "Length: 199km. This projects consists of 614km, 40 inch gas pipeline that originates from gas rich Niger Delta Region. Starting from the of Ajaokuta the pipeline will be routed through the of Ajaokuta, through the in Abuja, thne in Kaduna and terminating in Kano. Outside of direct industrial use the line will also feed 2700MW of Power Plant infrastructure. This is a strategic gateway investment opportunity, as this pipeline is a key segment of the Trans Nigerian Gas Pipeline, a precursor to the proposed Trans Saharan Pipeline that is envisioned as a means to export enormous gas reserves to Europe. The project began in 2020 and aims to be completed by the first quarter of 2023.", "fluid": "GAS", "installation_year": "2023", "mps_created_time": "Aug 15, 2022 10:18:36 AM", "mps_datasource_tags": "(2022) Obor-invest.com. Available at: http://www.obor-invest.com/uploads/d80898709093c1e9a7068aafa3b2d32bf81a88db.pdf (Accessed: 15 August 2022).", "mps_est_elevation_end_m": "603.0", "mps_est_elevation_start_m": "61.0", "mps_est_length_km": "391.45586602526", "mps_est_shore_status": "ONSHORE", "mps_uuid": "249364c0-a2a7-4f83-a5ae-92df338a677c", "name": "AJAKOUTA - KADUNA", "operator_group_name": "OILSERV LIMITED (GROUP)", "optr_name": "OILSERV LIMITED", "status": "OPERATIONAL", "updt": "Feb 13, 2023 3:13:08 PM"}}, {"type": "Feature", "id": "mps_mapping_pipeline.5bfce5f4-e584-42b0-9f48-baa687f1009b", "geometry": {"type": "LineString", "coordinates": [[7.49139158142025, 10.410629492546404], [7.5052767, 10.4069195], [7.53657, 10.393995], [7.543391, 10.391363], [7.557781, 10.3890295], [7.58336, 10.3845415], [7.6069345, 10.3807125], [7.620816, 10.378319], [7.640412, 10.375058], [7.6589007, 10.373592], [7.6665144, 10.36894], [7.67887, 10.360563], [7.6799026, 10.359666], [7.6819816, 10.359247], [7.6830735, 10.358006], [7.692722, 10.351648], [7.709176, 10.340519], [7.710687, 10.340264], [7.711465, 10.339457], [7.7175827, 10.334909], [7.7299085, 10.326413], [7.7346354, 10.323482], [7.739841, 10.321238], [7.7429523, 10.319921], [7.745675, 10.317827], [7.7592573, 10.308074], [7.772331, 10.299578], [7.788576, 10.291799], [7.8126593, 10.2795925], [7.815262, 10.279832], [7.8272886, 10.271754], [7.8425164, 10.267536], [7.858372, 10.262989], [7.866809, 10.259758], [7.89161, 10.246474], [7.942619, 10.219728], [7.9495597, 10.216079], [7.9506965, 10.215062], [7.953329, 10.214284], [7.9810324, 10.200462], [8.062048, 10.159775], [8.07186, 10.156065], [8.115419, 10.14362], [8.166937, 10.128182], [8.214624, 10.133807], [8.237122, 10.144518], [8.3272915, 10.152835], [8.352841, 10.15098], [8.37127, 10.166776], [8.407828, 10.18676], [8.423026, 10.185683], [8.438583, 10.209377], [8.481424, 10.2299], [8.888116, 10.246499], [9.07097, 10.159381], [10.62412, 10.31312], [10.94508, 10.2998], [11.006721, 10.289101], [11.115296, 10.292081], [11.307832, 10.269105], [11.470797, 10.27028], [11.884869, 10.531181], [12.143627, 10.623754], [12.29855, 10.78033], [12.382401, 10.865244], [12.733776, 11.130156], [13.12187, 11.790426], [13.126375, 11.801224], [13.129729, 11.801199]]}, "properties": {"admin_area_name": "Nigeria", "fluid": "PRODUCT", "mps_created_time": "Jul 28, 2020 11:12:05 AM", "mps_datasource_tags": "Nosdra and satellite data", "mps_est_elevation_end_m": "334.0", "mps_est_elevation_start_m": "619.0", "mps_est_length_km": "705.764326519261", "mps_est_shore_status": "ONSHORE", "mps_uuid": "5bfce5f4-e584-42b0-9f48-baa687f1009b", "name": "KADUNA - MAIDUGURI", "status": "OPERATIONAL", "updt": "Feb 13, 2023 3:13:08 PM"}}, {"type": "Feature", "id": "mps_mapping_pipeline.ca298f82-1971-4372-b7cf-ff0a4ddf220b", "geometry": {"type": "LineString", "coordinates": [[7.489815427741707, 10.421079850648557], [7.490739379898091, 10.425569922442353], [7.487315321906773, 10.428229190390205], [7.492845447313386, 10.44503283293335], [7.49524364666048, 10.452676018336412], [7.496996438251274, 10.457125548396062], [7.498640529588375, 10.463392195776771], [7.499999282759533, 10.465997694217489], [7.522153753215264, 10.580651275169295], [7.594806285277083, 10.81571518706396], [7.609480819525588, 10.877634966011982], [7.61980734362639, 10.89700894869522], [7.62007909426062, 10.911765420051541], [7.618883391470002, 10.913046236548986], [7.616491985888762, 10.936580256382491], [7.626655459609024, 10.977720277879694], [7.637579835105135, 11.017787605292586], [7.644482301214617, 11.03843268813361], [7.654618599871456, 11.060516519079453], [7.659564461414472, 11.070144335368251], [7.66024383800005, 11.07169115723357], [7.662091742312826, 11.077131638182369], [7.665570150430989, 11.080091857391661], [7.675271648073057, 11.087772286465515], [7.682391514689925, 11.093425806732814], [7.687011275471862, 11.09737253907203], [7.689446840531163, 11.101159218623883], [7.691892596239248, 11.102802542270922], [7.692898073585904, 11.104185860280428]]}, "properties": {"admin_area_name": "Nigeria", "category": "GAS", "decommissioning_year": "2048", "description": "This projects consists of 614km, 40 inch gas pipeline that originates from gas rich Niger Delta Region. Starting from the of Ajaokuta the pipeline will be routed through the of Ajaokuta, through the in Abuja, the in Kaduna and the heart of in Kano. Outside of direct industrial use the line will also feed 2700MW of Power Plant infrastructure. This is a strategic gateway investment opportunity, as this pipeline is a key segment of the Trans Nigerian Gas Pipeline, a precursor to the proposed Trans Saharan Pipeline that is envisioned as a means to export enormous gas reserves to Europe. The project began in 2020 and aims to be completed by the first quarter of 2023.", "fluid": "GAS", "installation_year": "2023", "mps_created_time": "Aug 15, 2022 11:28:52 AM", "mps_datasource_tags": "(2022) Obor-invest.com. Available at: http://www.obor-invest.com/uploads/d80898709093c1e9a7068aafa3b2d32bf81a88db.pdf (Accessed: 15 August 2022).", "mps_est_elevation_end_m": "638.0", "mps_est_elevation_start_m": "604.0", "mps_est_length_km": "80.3012930173324", "mps_est_shore_status": "ONSHORE", "mps_uuid": "ca298f82-1971-4372-b7cf-ff0a4ddf220b", "name": "KADUNA - ZARIA", "status": "OPERATIONAL", "updt": "Feb 13, 2023 3:27:08 PM"}}, {"type": "Feature", "id": "mps_mapping_pipeline.6fa5227e-5a07-472f-afb9-e0e74b85b2af", "geometry": {"type": "LineString", "coordinates": [[7.69282334216149, 11.104385857522596], [7.691454398341549, 11.107585794760979], [7.695381195006196, 11.116065458729501], [7.718169184127992, 11.136605288975554], [7.720166551289596, 11.139591568006754], [7.731969021022576, 11.143224388453799], [7.738164935483062, 11.145064111411566], [7.744116274372738, 11.15074318277436], [7.746235929319745, 11.158581718717436], [7.76653570169686, 11.171858756104994], [7.773465342869772, 11.1848152790737], [7.782188538228612, 11.204808776257336], [7.790178006875026, 11.219283205892776], [7.845696661448582, 11.266300100147548], [7.851648000338257, 11.275134901155736], [7.908797158717205, 11.328617618003154], [7.922045002136004, 11.341187404694113], [7.935822759291555, 11.343725275459072], [7.938655759653421, 11.344744414065831], [7.95667282670299, 11.359411613761312], [7.95854790607919, 11.371160621975072], [7.96765834609181, 11.37865367579368], [7.970552490346377, 11.383768688525175], [7.977237555948479, 11.385806675799142], [7.981191527676553, 11.39335908956476], [7.985553125355972, 11.396715653520419], [8.225909767568135, 11.707563806054125], [8.38855252215586, 11.83761468693673], [8.505133544241298, 11.954703331896978], [8.502687788533212, 11.953965578228464]]}, "properties": {"admin_area_name": "Nigeria", "category": "GAS", "description": "Length: 126km. This projects consists of 614km, 40 inch gas pipeline that originates from gas rich Niger Delta Region. Starting from the of Ajaokuta the pipeline will be routed through the of Ajaokuta, through the in Abuja, the in Kaduna and the heart of in Kano. Outside of direct industrial use the line will also feed 2700MW of Power Plant infrastructure. This is a strategic gateway investment opportunity, as this pipeline is a key segment of the Trans Nigerian Gas Pipeline, a precursor to the proposed Trans Saharan Pipeline that is envisioned as a means to export enormous gas reserves to Europe. The project began in 2020 and aims to be completed by the first quarter of 2023.", "fluid": "GAS", "mps_created_time": "Aug 15, 2022 11:28:53 AM", "mps_datasource_tags": "(2022) Obor-invest.com. Available at: http://www.obor-invest.com/uploads/d80898709093c1e9a7068aafa3b2d32bf81a88db.pdf (Accessed: 15 August 2022).", "mps_est_elevation_end_m": "482.0", "mps_est_elevation_start_m": "638.0", "mps_est_length_km": "131.782145624916", "mps_est_shore_status": "ONSHORE", "mps_uuid": "6fa5227e-5a07-472f-afb9-e0e74b85b2af", "name": "ZARIA - KANO", "status": "UNDER_CONSTRUCTION", "updt": "Feb 13, 2023 3:51:03 PM"}}, {"type": "Feature", "id": "mps_mapping_pipeline.916ca68d-ac92-4e2d-b643-7f5bdea6425d", "geometry": {"type": "LineString", "coordinates": [[7.692991487866421, 11.104384190879452], [7.691564797036704, 11.107610794132517], [7.695423656042796, 11.116037126929356], [7.71827109061583, 11.136501968505264], [7.720553795943379, 11.139594900890321], [7.738380637548984, 11.144927465722368], [7.744467851755775, 11.150899822255079], [7.746315756068552, 11.158471740721797], [7.766751403762782, 11.171375541248006], [7.790719809702026, 11.219199906691367], [7.845939538577924, 11.266003603249045], [7.851809352277331, 11.274531931288772], [7.922247116670209, 11.340831035209119], [7.939313056499965, 11.344721100478207], [7.957139898105571, 11.359641407212624], [7.95909650267204, 11.371470524267169], [7.968444724489614, 11.378077565085189], [7.970944830324544, 11.383405712136227], [7.977792946307187, 11.385856626284337], [7.981706155440123, 11.393315800286631], [7.985945465334141, 11.396405972196021], [8.186225682762966, 11.655753171900258], [8.225738224980269, 11.707114766761357], [8.575253700080408, 11.967201636700997]]}, "properties": {"admin_area_name": "Nigeria", "fluid": "PRODUCT", "mps_created_time": "Feb 13, 2023 3:57:48 PM", "mps_est_elevation_end_m": "491.0", "mps_est_elevation_start_m": "638.0", "mps_est_length_km": "138.221126072802", "mps_est_shore_status": "ONSHORE", "mps_uuid": "916ca68d-ac92-4e2d-b643-7f5bdea6425d", "name": "ZANA TO KANO", "operator_group_name": "NIGERIAN NATIONAL PETROLEUM CORPORATION (GROUP)", "optr_name": "NIGERIAN PIPELINES AND STORAGE COMPANY LIMITED", "status": "OPERATIONAL", "updt": "Feb 14, 2023 9:35:55 AM"}}, {"type": "Feature", "id": "mps_mapping_pipeline.46ae9a4d-f4a6-4180-9766-0716a5e3a796", "geometry": {"type": "LineString", "coordinates": [[8.997928862716117, 13.77501890970349], [9.111398272114464, 14.019687323718674], [11.129026207978805, 15.09410079395926], [12.774332644254823, 15.91675401209727]]}, "properties": {"admin_area_name": "Niger", "fluid": "OIL", "mps_created_time": "Jan 1, 1900 12:00:00 AM", "mps_est_elevation_end_m": "384.0", "mps_est_elevation_start_m": "458.0", "mps_est_length_km": "476.143727825991", "mps_est_shore_status": "ONSHORE", "mps_uuid": "46ae9a4d-f4a6-4180-9766-0716a5e3a796", "name": "AGADEM-ZINDER PIPELINE", "status": "OPERATIONAL", "updt": "Aug 17, 2022 11:40:21 AM"}}]}